,Id,MSSubClass,MSZoning,LotFrontage,LotArea,LotConfig,Neighborhood,Condition1,Condition2,BldgType,HouseStyle,OverallQual,OverallCond,YearBuilt,YearRemodAdd,RoofStyle,RoofMatl,Exterior1st,Exterior2nd,MasVnrArea,ExterCond,Foundation,BsmtFinType1,BsmtFinSF1,BsmtFinType2,BsmtFinSF2,BsmtUnfSF,TotalBsmtSF,HeatingQC,Electrical,1stFlrSF,2ndFlrSF,LowQualFinSF,GrLivArea,BedroomAbvGr,TotRmsAbvGrd,Functional,GarageType,GarageYrBlt,GarageCars,GarageArea,GarageQual,GarageCond,WoodDeckSF,OpenPorchSF,EnclosedPorch,3SsnPorch,ScreenPorch,MiscVal,MoSold,YrSold,SaleType,SaleCondition,SalePrice
0,-1.7225579455140243,0.05886816201502109,Rl,-0.1570922068258007,-0.20556319662781058,Inside,Collgcr,Norm,Norm,1fam,2story,0.7855007178579084,-0.5526946526296532,1.059245078295518,0.8896608415792968,Gable,Compshg,Vinylsd,Vinylsd,0.6858766583444509,Ta,Pconc,Glq,0.7371961574015347,Unf,-0.2871575004618263,-0.9972584570875095,-0.5329652869356711,Ex,Sbrkr,-0.7938530370411995,1.2750198468955287,-0.11183896233236511,0.6283294792977289,0.20923762540902602,1.1488602780227886,Typ,Attchd,1.0268380866872613,0.4033288092841152,0.46690387731493155,Ta,Ta,-0.7459116674968221,0.292949266402814,-0.37071052595830367,-0.10217939216911985,-0.2698934816491846,-0.07638622508638289,-1.592160559147353,0.1385272827549204,Wd,Normal,208500.0
1,-1.7201929498359119,-0.8779193078215382,Rl,0.6486428348366026,0.1594610811448563,Fr2,Veenker,Feedr,Norm,1fam,1story,-0.014950053313711128,2.168426529857338,0.1689280088768695,-0.42611489048915324,Gable,Compshg,Metalsd,Metalsd,-0.5718951461336651,Ta,Cblock,Alq,1.4249258348023366,Unf,-0.2871575004618263,-0.6798318878646921,0.7095811760485006,Ex,Sbrkr,0.48776435385408046,-0.8058476456345897,-0.11183896233236511,-0.4258417351496556,0.20923762540902602,-0.23862605398781578,Typ,Attchd,-0.09288242177093359,0.4033288092841152,0.026436605699120222,Ta,Ta,1.7836627529585396,-0.7172050643637078,-0.37071052595830367,-0.10217939216911985,-0.2698934816491846,-0.07638622508638289,-0.48685190517417704,-0.6157420322454488,Wd,Normal,181500.0
2,-1.7178279541577994,0.05886816201502109,Rl,0.004054801506679975,0.6831915666447697,Inside,Collgcr,Norm,Norm,1fam,2story,0.7855007178579084,-0.5526946526296532,0.9932956657459886,0.8409284070582431,Gable,Compshg,Vinylsd,Vinylsd,0.46769175348600217,Ta,Pconc,Glq,0.1809442124450038,Unf,-0.2871575004618263,-0.3245036387346727,-0.3370958937559002,Ex,Sbrkr,-0.5918246798557366,1.3042592027624627,-0.11183896233236511,0.8071620960343387,0.20923762540902602,-0.23862605398781578,Typ,Attchd,0.9438958268014691,0.4033288092841152,0.7672224715984393,Ta,Ta,-0.7459116674968221,-0.021688967770364925,-0.37071052595830367,-0.10217939216911985,-0.2698934816491846,-0.07638622508638289,0.9868929667900576,0.1385272827549204,Wd,Normal,223500.0
3,-1.715462958479687,0.2930650294741609,Rl,-0.42567055404660176,0.14359046037213166,Corner,Crawfor,Norm,Norm,1fam,2story,0.7855007178579084,-0.5526946526296532,-1.8425290738837812,-0.7185094976154754,Gable,Compshg,Wdsdng,Wdshng,-0.5718951461336651,Ta,Brktil,Alq,-0.5017286290925568,Unf,-0.2871575004618263,-0.07340500934945897,-0.8390112137790632,Gd,Sbrkr,-0.4624002635337994,1.0362317739822364,-0.11183896233236511,0.6448009045234693,0.20923762540902602,0.45511711201748645,Typ,Detchd,0.8194824369727808,1.7890975791506603,0.9374030083590936,Ta,Ta,-0.7459116674968221,-0.13760831720258873,4.184902406780122,-0.10217939216911985,-0.2698934816491846,-0.07638622508638289,-1.592160559147353,-1.370011347245818,Wd,Abnorml,140000.0
4,-1.7130979628015746,0.05886816201502109,Rl,0.8635055126132435,1.6386029371627935,Fr2,Noridge,Norm,Norm,1fam,2story,1.5859514890295279,-0.5526946526296532,0.9603209594712239,0.7434635380161356,Gable,Compshg,Vinylsd,Vinylsd,1.674125933291542,Ta,Pconc,Glq,0.6082468428888843,Unf,-0.2871575004618263,-0.19184775905946544,0.35150744164173187,Ex,Sbrkr,0.11843126337440622,1.7599058316888467,-0.11183896233236511,1.776623123606487,1.5081281986003237,1.842603444028091,Typ,Attchd,0.9024246968585731,1.7890975791506603,1.9084331298757686,Ta,Ta,0.8838812476958942,0.6738271288229779,-0.37071052595830367,-0.10217939216911985,-0.2698934816491846,-0.07638622508638289,2.0922016207632335,0.1385272827549204,Wd,Normal,250000.0
5,-1.7107329671234621,-0.17532870544411872,Rl,0.9172211820574037,1.5925781369218919,Inside,Mitchel,Norm,Norm,1fam,1.5fin,-0.8154008244853307,-0.5526946526296532,0.7294980155478705,0.49980136541086717,Gable,Compshg,Vinylsd,Vinylsd,-0.5718951461336651,Ta,Wood,Glq,0.8029350236236701,Unf,-0.2871575004618263,-1.2009799865887205,-0.7165928430417063,Ex,Sbrkr,-0.9832546219025708,0.5732753060891188,-0.11183896233236511,-0.1905356604962216,-2.3885435209735695,-0.9323692199931181,Typ,Attchd,0.6121267872583003,0.4033288092841152,0.1265428037936228,Ta,Ta,-0.4063714768316729,-0.22040785251132003,-0.37071052595830367,11.66375901722379,-0.2698934816491846,1.4476446831116785,1.3553291847811162,0.8927965977552895,Wd,Normal,143000.0
6,-1.7083679714453497,-0.8779193078215382,Rl,0.3800644876158015,0.3130886902248309,Inside,Somerst,Norm,Norm,1fam,1story,1.5859514890295279,-0.5526946526296532,1.092219784570283,0.9871257106214042,Gable,Compshg,Vinylsd,Vinylsd,0.6217046275037307,Ta,Pconc,Glq,2.413537246065989,Unf,-0.2871575004618263,-0.6016596730560878,2.007215905864483,Ex,Sbrkr,1.8514557648559546,-0.8058476456345897,-0.11183896233236511,0.5906805073531795,0.20923762540902602,0.45511711201748645,Typ,Attchd,1.0683092166301575,0.4033288092841152,0.9073711489307429,Ta,Ta,1.4186570479935041,0.22670963815582895,-0.37071052595830367,-0.10217939216911985,-0.2698934816491846,-0.07638622508638289,0.6184567487989989,-0.6157420322454488,Wd,Normal,307000.0
7,-1.7060029757672373,0.05886816201502109,Rl,0.057770470950840196,0.40767759003026977,Corner,Nwames,Posn,Norm,1fam,2story,0.7855007178579084,0.35434574153267734,0.07000389005257522,-0.5723121940523144,Gable,Compshg,Hdboard,Hdboard,0.9682335940436196,Ta,Cblock,Alq,1.1240441009394857,Blq,-0.08168808410854625,-0.8409140274703009,0.2352099894412429,Ex,Sbrkr,-0.0015230737044623398,1.5893429224650666,-0.11183896233236511,1.5224925629807784,0.20923762540902602,0.45511711201748645,Typ,Attchd,-0.2172958115996219,0.4033288092841152,0.1465640434125233,Ta,Ta,1.2488869526609296,2.661015976232529,3.4479650206018473,-0.10217939216911985,-0.2698934816491846,0.6856292290126478,1.723765402772175,0.8927965977552895,Wd,Normal,200000.0
8,-1.7036379800891246,-0.17532870544411872,Rm,-0.9091115790440437,-0.9451341246367791,Inside,Oldtown,Artery,Norm,1fam,1.5fin,0.7855007178579084,-0.5526946526296532,-1.3149337734875448,-1.6931581880365496,Gable,Compshg,Brkface,Wdshng,-0.5718951461336651,Ta,Brktil,Unf,-1.0478669023226053,Unf,-0.2871575004618263,0.9025632482609943,-0.23916119716601475,Gd,Fusef,-0.26984198559140515,1.026485322026592,-0.11183896233236511,0.7789253670759267,-1.0896529477822716,1.1488602780227886,Min1,Detchd,-1.9590832692012585,0.4033288092841152,0.06647908493692126,Fa,Ta,0.018053761499763638,-0.7172050643637078,3.0627477505541125,-0.10217939216911985,-0.2698934816491846,-0.07638622508638289,-0.8552881231652357,0.1385272827549204,Wd,Abnorml,129900.0
9,-1.7012729844110122,3.103427438983839,Rl,-0.962827248488204,-0.5324979845459383,Corner,Brkside,Artery,Artery,2fmcon,1.5unf,-0.8154008244853307,0.35434574153267734,-1.0511361232894267,-1.6931581880365496,Gable,Compshg,Metalsd,Metalsd,-0.5718951461336651,Ta,Brktil,Glq,1.103816757486521,Unf,-0.2871575004618263,-1.0209470070295108,-0.11980328569709187,Ex,Sbrkr,-0.09622386613514805,-0.8058476456345897,-0.11183896233236511,-0.8611579732585086,-1.0896529477822716,-0.9323692199931181,Typ,Attchd,-1.6273142296580896,-0.9824399605824299,-1.2499174200057876,Gd,Ta,-0.7459116674968221,-0.6509654361167228,-0.37071052595830367,-0.10217939216911985,-0.2698934816491846,-0.07638622508638289,-1.9605967771384116,0.1385272827549204,Wd,Normal,118000.0
10,-1.6989079887328997,-0.8779193078215382,Rl,0.11148614039500042,0.667320945872045,Inside,Sawyer,Norm,Norm,1fam,1story,-0.8154008244853307,-0.5526946526296532,-0.1937937601455429,-0.962171670220744,Hip,Compshg,Hdboard,Hdboard,-0.5718951461336651,Ta,Cblock,Rec,1.2428797437256536,Unf,-0.2871575004618263,-1.0351601369947114,0.030159218456170235,Ex,Sbrkr,-0.21302151013299375,-0.8058476456345897,-0.11183896233236511,-0.9482212208802793,0.20923762540902602,-0.9323692199931181,Typ,Detchd,-0.5490648511427908,-0.9824399605824299,-0.35396694705998955,Ta,Ta,-0.7459116674968221,-0.7172050643637078,-0.37071052595830367,-0.10217939216911985,-0.2698934816491846,-0.07638622508638289,-1.592160559147353,0.1385272827549204,Wd,Normal,129500.0
12,-1.6941779973766748,-0.8779193078215382,Rl,0.057770470950840196,1.2285060963955885,Inside,Sawyer,Norm,Norm,1fam,1story,-0.8154008244853307,0.35434574153267734,-0.2927178789698372,-1.108368973783905,Hip,Compshg,Hdboard,Plywood,-0.5718951461336651,Ta,Cblock,Alq,0.8155771132817731,Unf,-0.2871575004618263,-0.9380370822325063,-0.3615795679033716,Ta,Sbrkr,-0.6170782245039195,-0.8058476456345897,-0.11183896233236511,-1.249412996436675,-1.0896529477822716,-1.6261123859984203,Typ,Detchd,-0.6734782409714791,-0.9824399605824299,-0.5141368640111936,Ta,Ta,0.44247899983120015,-0.7172050643637078,-0.37071052595830367,-0.10217939216911985,3.11177465185661,-0.07638622508638289,0.9868929667900576,0.1385272827549204,Wd,Normal,144000.0
13,-1.6918130016985624,-0.8779193078215382,Rl,1.239515198722365,0.4933789422029829,Inside,Collgcr,Norm,Norm,1fam,1story,0.7855007178579084,-0.5526946526296532,1.1581691971198125,1.0845905796635116,Gable,Compshg,Vinylsd,Vinylsd,1.391768997592373,Ta,Pconc,Unf,-1.0478669023226053,Unf,-0.2871575004618263,2.1864826551174645,1.41960772632517,Ex,Sbrkr,1.2201171486513833,-0.8058476456345897,-0.11183896233236511,0.12006835804631137,0.20923762540902602,0.45511711201748645,Typ,Attchd,1.1512514765159496,1.7890975791506603,1.9284543694946692,Ta,Ta,0.6122490951637748,-0.17072813132608125,-0.37071052595830367,-0.10217939216911985,-0.2698934816491846,-0.07638622508638289,0.6184567487989989,-0.6157420322454488,New,Partial,279500.0
14,-1.68944800602045,-0.8779193078215382,Rl,0.057770470950840196,0.5784454695447869,Corner,Names,Norm,Norm,1fam,1story,-0.014950053313711128,-0.5526946526296532,-0.3586672915193667,-1.2058338428260125,Hip,Compshg,Metalsd,Metalsd,0.7885519076896031,Ta,Cblock,Blq,0.8054634415552907,Unf,-0.2871575004618263,-0.12078210923346155,0.6820370426325952,Ta,Sbrkr,0.45935411612487476,-0.8058476456345897,-0.11183896233236511,-0.4470192818684647,-1.0896529477822716,-0.9323692199931181,Typ,Attchd,-0.7564205008572713,-0.9824399605824299,-0.5141368640111936,Ta,Ta,-0.7459116674968221,2.810055139788245,2.577039018754795,-0.10217939216911985,-0.2698934816491846,-0.07638622508638289,-0.48685190517417704,0.1385272827549204,Wd,Normal,157000.0
15,-1.6870830103423375,-0.2924271391736886,Rm,-0.9091115790440437,-0.9451341246367791,Corner,Brkside,Norm,Norm,1fam,1.5unf,0.7855007178579084,2.168426529857338,-1.3808831860370745,0.7921959725371894,Gable,Compshg,Wdsdng,Wdsdng,-0.5718951461336651,Ta,Brktil,Unf,-1.0478669023226053,Unf,-0.2871575004618263,0.6183006489569788,-0.6064163093780852,Ex,Fusea,-0.8001664232032452,-0.8058476456345897,-0.11183896233236511,-1.3858905197356666,-1.0896529477822716,-0.9323692199931181,Typ,Detchd,0.5291845273725081,0.4033288092841152,0.6070525546472352,Ta,Ta,-0.33846343869864304,1.1375045265518733,-0.37071052595830367,-0.10217939216911985,-0.2698934816491846,-0.07638622508638289,0.2500205308079403,-0.6157420322454488,Wd,Normal,132000.0
16,-1.684718014664225,-0.8779193078215382,Rl,0.057770470950840196,0.6803348549056792,Culdsac,Names,Norm,Norm,1fam,1story,-0.014950053313711128,1.2613861356950078,-0.02892022877171907,-0.7185094976154754,Gable,Compshg,Wdsdng,Wdsdng,0.5832014089992985,Ta,Cblock,Alq,0.41355866215409853,Unf,-0.2871575004618263,-0.3434544786882737,-0.0800173152074509,Ex,Sbrkr,-0.3266624610498166,-0.8058476456345897,-0.11183896233236511,-1.0329314077555154,-1.0896529477822716,-0.9323692199931181,Typ,Attchd,-0.34170920142831024,0.4033288092841152,0.1265428037936228,Ta,Ta,-0.7459116674968221,-0.7172050643637078,-0.37071052595830367,-0.10217939216911985,-0.2698934816491846,1.4476446831116785,-1.2237243411562944,1.6470659127556586,Wd,Normal,149000.0
18,-1.6799880233080002,-0.8779193078215382,Rl,-0.10337653738164046,1.4592649224310048,Inside,Sawyerw,Rrae,Norm,1fam,1story,-0.8154008244853307,-0.5526946526296532,1.092219784570283,0.9383932761003505,Gable,Compshg,Vinylsd,Vinylsd,-0.5718951461336651,Ta,Pconc,Glq,0.585491081504299,Unf,-0.2871575004618263,-0.2439625689318683,0.25663320432028036,Ex,Sbrkr,0.020573777862697658,-0.8058476456345897,-0.11183896233236511,-0.774094725636738,0.20923762540902602,-0.23862605398781578,Typ,Detchd,1.0683092166301575,0.4033288092841152,0.6070525546472352,Ta,Ta,-0.7459116674968221,0.9719054559344106,-0.37071052595830367,-0.10217939216911985,-0.2698934816491846,-0.07638622508638289,-0.11841568718311837,0.1385272827549204,Wd,Normal,159000.0
19,-1.6776230276298878,-0.8779193078215382,Rl,0.11148614039500042,-0.4880602463823093,Inside,Names,Norm,Norm,1fam,1story,-0.8154008244853307,0.35434574153267734,-0.42461670406889623,-0.962171670220744,Hip,Compshg,Brkface,Plywood,-0.5718951461336651,Ta,Cblock,Lwq,0.2264557352141745,Unf,-0.2871575004618263,-0.10893783426246091,-0.003505833496602891,Ta,Sbrkr,0.7308297210928405,-0.8058476456345897,-0.11183896233236511,-0.2446560576665114,0.20923762540902602,-0.23862605398781578,Min1,Attchd,-0.8393627607430636,-0.9824399605824299,-0.8044448384852512,Ta,Ta,-0.7459116674968221,-0.7172050643637078,-0.37071052595830367,-0.10217939216911985,-0.2698934816491846,-0.07638622508638289,-0.48685190517417704,0.8927965977552895,Cod,Abnorml,139000.0
20,-1.6752580319517754,0.05886816201502109,Rl,1.7766718931639671,1.6243193784673413,Corner,Nridght,Norm,Norm,1fam,2story,1.5859514890295279,-0.5526946526296532,1.1251944908450477,1.035858145142458,Gable,Compshg,Vinylsd,Vinylsd,1.8666420258137024,Ta,Pconc,Unf,-1.0478669023226053,Unf,-0.2871575004618263,1.390547377066221,0.39129341213137286,Ex,Sbrkr,0.15946827342770337,2.1619469748591857,-0.11183896233236511,2.1954679364895995,1.5081281986003237,1.842603444028091,Typ,Builtin,1.1097803465730536,1.7890975791506603,1.9935233982560958,Ta,Ta,1.2913294764940733,1.833020623145216,-0.37071052595830367,-0.10217939216911985,-0.2698934816491846,-0.07638622508638289,1.723765402772175,-1.370011347245818,New,Partial,325300.0
21,-1.672893036273663,-0.2924271391736886,Rm,-0.5868175623790824,-0.523293024497758,Inside,Idotrr,Norm,Norm,1fam,1.5unf,0.7855007178579084,1.2613861356950078,-1.3479084797623098,-1.6931581880365496,Gable,Compshg,Wdsdng,Wdsdng,-0.5718951461336651,Ta,Pconc,Unf,-1.0478669023226053,Unf,-0.2871575004618263,0.15637392508795359,-1.2032058667226997,Ex,Fusef,0.0016336193765605171,-0.8058476456345897,-0.11183896233236511,-0.7882130901159441,0.20923762540902602,-0.23862605398781578,Typ,Attchd,-2.000554399144155,-0.9824399605824299,-0.8745191771514029,Ta,Ta,-0.7459116674968221,-0.7172050643637078,3.0627477505541125,-0.10217939216911985,-0.2698934816491846,-0.07638622508638289,-0.11841568718311837,-0.6157420322454488,Wd,Normal,139400.0
22,-1.6705280405955505,-0.8779193078215382,Rl,0.3800644876158015,0.2045336441393943,Inside,Collgcr,Norm,Norm,1fam,1story,1.5859514890295279,-0.5526946526296532,1.0262703720207533,0.8409284070582431,Hip,Compshg,Vinylsd,Vinylsd,1.2313389204905725,Ta,Pconc,Unf,-1.0478669023226053,Unf,-0.2871575004618263,2.856868618476101,2.2857176992919697,Ex,Sbrkr,2.1702817660392633,-0.8058476456345897,-0.11183896233236511,0.8283396427531479,0.20923762540902602,0.45511711201748645,Typ,Attchd,0.9853669567443653,0.4033288092841152,0.39682953864877973,Ta,Ta,0.7056226475966908,1.9158201584539474,-0.37071052595830367,-0.10217939216911985,-0.2698934816491846,-0.07638622508638289,0.9868929667900576,0.1385272827549204,Wd,Normal,230000.0
23,-1.668163044917438,1.46404936676986,Rm,-1.2851212651531654,-1.5469480643384979,Inside,Meadowv,Norm,Norm,Twnhse,1story,-0.8154008244853307,1.2613861356950078,0.1689280088768695,-0.42611489048915324,Gable,Compshg,Cemntbd,Cmentbd,-0.5718951461336651,Ta,Pconc,Glq,1.0760041602386943,Unf,-0.2871575004618263,-0.8788157073775029,0.030159218456170235,Ta,Sbrkr,-0.1498876485125366,-0.8058476456345897,-0.11183896233236511,-0.9011600059495924,0.20923762540902602,-0.23862605398781578,Typ,Attchd,-0.09288242177093359,0.4033288092841152,0.5870313150283346,Ta,Ta,0.10293880916605094,1.1043847124283808,-0.37071052595830367,-0.10217939216911985,-0.2698934816491846,-0.07638622508638289,-0.11841568718311837,-0.6157420322454488,Wd,Normal,129900.0
24,-1.6657980492393256,-0.8779193078215382,Rl,0.057770470950840196,-0.27031532938052716,Inside,Sawyer,Norm,Norm,1fam,1story,-0.8154008244853307,2.168426529857338,-0.0948696413212486,0.7921959725371894,Gable,Compshg,Plywood,Plywood,-0.5718951461336651,Gd,Cblock,Rec,-0.5725243311779334,Alq,4.002016565912895,-0.8693402874007025,0.09136840382484863,Ex,Sbrkr,-0.1498876485125366,-0.8058476456345897,-0.11183896233236511,-0.9011600059495924,0.20923762540902602,-0.23862605398781578,Typ,Attchd,-0.4246514613141025,-0.9824399605824299,-0.9245722761986542,Ta,Ta,2.7004212677544426,0.7731865711934555,-0.37071052595830367,-0.10217939216911985,-0.2698934816491846,-0.07638622508638289,-0.48685190517417704,1.6470659127556586,Wd,Normal,154000.0
25,-1.6634330535612132,-0.8779193078215382,Rl,2.260112918161409,1.6290805646991586,Corner,Nridght,Norm,Norm,1fam,1story,1.5859514890295279,-0.5526946526296532,1.1911439033945772,1.0845905796635116,Gable,Compshg,Vinylsd,Vinylsd,3.5351148276724276,Ta,Pconc,Unf,-1.0478669023226053,Unf,-0.2871575004618263,2.357040214699874,1.6399607936524123,Ex,Sbrkr,1.554726615239806,-0.8058476456345897,-0.11183896233236511,0.36949279717895145,0.20923762540902602,0.45511711201748645,Typ,Attchd,1.1927226064588459,1.7890975791506603,2.1787198647309256,Ta,Ta,-0.7459116674968221,0.2101497310940827,-0.37071052595830367,-0.10217939216911985,-0.2698934816491846,-0.07638622508638289,0.2500205308079403,0.8927965977552895,Wd,Normal,256300.0
26,-1.6610680578831007,-0.8779193078215382,Rl,-0.42567055404660176,-0.6023287159459267,Corner,Names,Norm,Norm,1fam,1story,-0.8154008244853307,1.2613861356950078,-0.6554396479922496,0.7434635380161356,Gable,Compshg,Wdsdng,Wdsdng,-0.5718951461336651,Ta,Cblock,Blq,-0.4562171063233861,Rec,2.8334092604036147,-0.9261928072615055,-0.39830507912457863,Ta,Sbrkr,-0.6549585414761937,-0.8058476456345897,-0.11183896233236511,-1.277649725395087,0.20923762540902602,-0.9323692199931181,Typ,Detchd,1.1097803465730536,0.4033288092841152,0.6070525546472352,Ta,Ta,1.138536390694756,-0.1872880383878275,-0.37071052595830367,-0.10217939216911985,-0.2698934816491846,-0.07638622508638289,-0.48685190517417704,1.6470659127556586,Wd,Normal,134800.0
27,-1.6587030622049883,-0.8779193078215382,Rl,1.6155248848314865,0.755561597368394,Inside,Nridght,Norm,Norm,1fam,1story,1.5859514890295279,-0.5526946526296532,1.1911439033945772,1.1333230141845654,Gable,Compshg,Vinylsd,Vinylsd,0.7115454706807389,Ta,Pconc,Glq,2.0317461383912794,Unf,-0.2871575004618263,-0.20132317903626595,2.0623041726962934,Ex,Sbrkr,1.8830226956661833,-0.8058476456345897,-0.11183896233236511,0.6142111148185229,0.20923762540902602,0.45511711201748645,Typ,Attchd,1.234193736401742,1.7890975791506603,1.5880932959733605,Ta,Ta,-0.7459116674968221,0.11079028872360513,-0.37071052595830367,-0.10217939216911985,-0.2698934816491846,-0.07638622508638289,-0.48685190517417704,1.6470659127556586,Wd,Normal,306000.0
28,-1.6563380665268759,-0.8779193078215382,Rl,-1.1239742568206845,2.292789925414503,Culdsac,Names,Norm,Norm,1fam,1story,-0.8154008244853307,0.35434574153267734,-0.457591410343661,0.5972662344529746,Gable,Compshg,Metalsd,Metalsd,-0.5718951461336651,Ta,Cblock,Blq,2.1809227963568945,Unf,-0.2871575004618263,-0.862233722418102,1.3890031336408308,Ta,Sbrkr,1.554726615239806,-0.8058476456345897,-0.11183896233236511,0.36949279717895145,-1.0896529477822716,-0.23862605398781578,Typ,Attchd,-0.8808338906859596,-0.9824399605824299,-0.679312090867123,Ta,Ta,1.6987777052922524,3.5552509575668267,-0.37071052595830367,-0.10217939216911985,-0.2698934816491846,-0.07638622508638289,2.0922016207632335,-1.370011347245818,Wd,Normal,207500.0
29,-1.6539730708487634,-0.6437224403623983,Rm,-0.42567055404660176,-0.8803819918840626,Inside,Brkside,Feedr,Rrnn,1fam,1story,-1.6158515956569501,0.35434574153267734,-1.446832598586604,-1.6931581880365496,Gable,Compshg,Metalsd,Metalsd,-0.5718951461336651,Ta,Brktil,Unf,-1.0478669023226053,Unf,-0.2871575004618263,-0.12078210923346155,-1.5612796011294683,Fa,Sbrkr,-1.8545019122648794,-0.8058476456345897,-0.11183896233236511,-2.171812809078136,-2.3885435209735695,-1.6261123859984203,Typ,Detchd,-2.4152656985731156,-0.9824399605824299,-1.0747315733404081,Fa,Ta,-0.3299749339320143,-0.7172050643637078,1.0864156694396485,-0.10217939216911985,-0.2698934816491846,-0.07638622508638289,-0.48685190517417704,0.1385272827549204,Wd,Normal,68500.0
30,-1.651608075170651,0.2930650294741609,C(all),-0.962827248488204,-0.18969257585508595,Inside,Idotrr,Feedr,Norm,1fam,2story,-1.6158515956569501,-1.4597350467919836,-1.6776555425099573,-1.6931581880365496,Gambrel,Compshg,Brkface,Brkface,-0.5718951461336651,Fa,Brktil,Unf,-1.0478669023226053,Unf,-0.2871575004618263,0.18480018501835513,-1.1664803555014926,Ta,Sbrkr,-1.4472885048129307,0.8218098309580557,-0.11183896233236511,-0.2964233940902669,0.20923762540902602,-0.23862605398781578,Typ,Detchd,-2.4152656985731156,-0.9824399605824299,-1.0246784742931567,Ta,Fa,-0.7459116674968221,0.17702991697059017,2.5100447109204067,-0.10217939216911985,-0.2698934816491846,-0.07638622508638289,0.2500205308079403,0.1385272827549204,Wd,Normal,40000.0
31,-1.6492430794925386,-0.8779193078215382,Rl,0.057770470950840196,-0.17572642957508824,Culdsac,Sawyer,Norm,Norm,1fam,1story,-0.8154008244853307,0.35434574153267734,-0.16081905387077813,1.035858145142458,Gable,Compshg,Hdboard,Hdboard,-0.5718951461336651,Ta,Cblock,Unf,-1.0478669023226053,Unf,-0.2871575004618263,1.55636722666023,0.6055255609217473,Gd,Sbrkr,0.38043678909930334,-0.8058476456345897,-0.11183896233236511,-0.5058458005318232,0.20923762540902602,-0.23862605398781578,Typ,Attchd,-0.5075937211998947,-0.9824399605824299,-0.9195669662939291,Ta,Ta,-0.7459116674968221,0.35918889464979903,-0.37071052595830367,-0.10217939216911985,-0.2698934816491846,-0.07638622508638289,-0.11841568718311837,0.1385272827549204,Wd,Normal,149350.0
32,-1.6468780838144261,-0.8779193078215382,Rl,0.9172211820574037,0.6193916711384165,Corner,Collgcr,Norm,Norm,1fam,1story,1.5859514890295279,-0.5526946526296532,1.1911439033945772,1.0845905796635116,Gable,Compshg,Vinylsd,Vinylsd,-0.5718951461336651,Ta,Pconc,Unf,-1.0478669023226053,Unf,-0.2871575004618263,1.5705803566254308,0.6238883165323508,Ex,Sbrkr,0.3993769475854405,-0.8058476456345897,-0.11183896233236511,-0.49172743605261715,0.20923762540902602,0.45511711201748645,Typ,Attchd,1.1927226064588459,0.4033288092841152,0.1465640434125233,Ta,Ta,-0.7459116674968221,-0.22040785251132003,-0.37071052595830367,-0.10217939216911985,-0.2698934816491846,-0.07638622508638289,-1.9605967771384116,0.1385272827549204,Wd,Normal,179900.0
33,-1.6445130881363137,-0.8779193078215382,Rl,0.11148614039500042,0.46163770065753357,Inside,Names,Norm,Norm,1fam,1story,-0.8154008244853307,-0.5526946526296532,-0.3916419977941315,-1.2545662773470663,Hip,Compshg,Brkface,Brkface,-0.5718951461336651,Ta,Cblock,Rec,1.5260625520671602,Unf,-0.2871575004618263,-0.45242180842147967,1.1258036365555137,Gd,Sbrkr,1.8703959233420917,-0.8058476456345897,-0.11183896233236511,0.6047988718323856,1.5081281986003237,-0.23862605398781578,Typ,Attchd,-0.7978916308001675,0.4033288092841152,-0.03863242306230645,Ta,Ta,-0.7459116674968221,-0.08792859601734995,-0.37071052595830367,-0.10217939216911985,-0.2698934816491846,-0.07638622508638289,-0.8552881231652357,1.6470659127556586,Wd,Normal,165500.0
34,-1.6421480924582013,1.46404936676986,Rl,-0.42567055404660176,-0.566461112999569,Inside,Nridght,Norm,Norm,Twnhse,1story,2.386402260201147,-0.5526946526296532,1.1251944908450477,0.9871257106214042,Hip,Compshg,Metalsd,Metalsd,1.0067368125480518,Ta,Pconc,Glq,1.8673989728359406,Unf,-0.2871575004618263,-0.38609386858387607,1.6246584973102427,Ex,Sbrkr,1.4316155850799146,-0.8058476456345897,-0.11183896233236511,0.2777234280641122,-1.0896529477822716,-0.23862605398781578,Typ,Attchd,1.1097803465730536,0.4033288092841152,0.5069463565527326,Ta,Ta,0.9772548001288102,0.06111056753836636,-0.37071052595830367,-0.10217939216911985,-0.2698934816491846,-0.07638622508638289,0.6184567487989989,-0.6157420322454488,Wd,Normal,277500.0
35,-1.6397830967800888,0.05886816201502109,Rl,2.152681579273089,1.3713416833501104,Inside,Nridght,Norm,Norm,1fam,2story,1.5859514890295279,-0.5526946526296532,1.092219784570283,0.9871257106214042,Gable,Compshg,Vinylsd,Vinylsd,0.27517566096384155,Ta,Pconc,Unf,-1.0478669023226053,Unf,-0.2871575004618263,1.2934243223040156,0.2658145821255821,Ex,Sbrkr,0.07739425332110908,2.4104814997281228,-0.11183896233236511,2.3743005532262096,1.5081281986003237,1.842603444028091,Typ,Builtin,1.0683092166301575,1.7890975791506603,1.182663193690625,Ta,Ta,0.21328937113222443,-0.1872880383878275,-0.37071052595830367,-0.10217939216911985,-0.2698934816491846,-0.07638622508638289,0.9868929667900576,-1.370011347245818,Wd,Normal,309000.0
36,-1.6374181011019764,-0.8779193078215382,Rl,2.3675442570497296,0.5590833122020629,Corner,Collgcr,Norm,Norm,1fam,1story,-0.8154008244853307,-0.5526946526296532,0.7624727218226353,0.49980136541086717,Gable,Compshg,Vinylsd,Vinylsd,-0.5718951461336651,Ta,Pconc,Unf,-1.0478669023226053,Unf,-0.2871575004618263,1.2460472224200132,0.2046053967569037,Ex,Sbrkr,-0.03309000451469091,-0.8058476456345897,-0.11183896233236511,-0.8140967583278218,0.20923762540902602,-0.23862605398781578,Typ,Attchd,0.6950690471440925,0.4033288092841152,1.0875623055008474,Ta,Ta,2.5815822010216407,0.34262898758805277,-0.37071052595830367,-0.10217939216911985,-0.2698934816491846,-0.07638622508638289,-0.11841568718311837,0.8927965977552895,Wd,Normal,145000.0
37,-1.635053105423864,-0.8779193078215382,Rl,0.3263488181716413,-0.17953537856054216,Inside,Names,Norm,Norm,1fam,1story,-0.8154008244853307,0.35434574153267734,-0.5565155291679553,0.2561391928055986,Hip,Compshg,Wdsdng,Wdsdng,3.599286858513148,Ta,Cblock,Rec,2.019104048733176,Unf,-0.2871575004618263,-1.153602886704718,0.8166972504436878,Gd,Sbrkr,0.5982486116898805,-0.8058476456345897,-0.11183896233236511,-0.34348460902095374,0.20923762540902602,-0.9323692199931181,Typ,Attchd,-1.005247280514648,0.4033288092841152,0.2166383820786751,Ta,Ta,-0.7459116674968221,-0.7172050643637078,-0.37071052595830367,-0.10217939216911985,-0.2698934816491846,-0.07638622508638289,1.3553291847811162,0.8927965977552895,Wd,Normal,153000.0
38,-1.6326881097457515,-0.8779193078215382,Rl,0.004054801506679975,-0.37315695198778287,Inside,Names,Norm,Norm,1fam,1story,-0.8154008244853307,1.2613861356950078,-0.5894902354427201,1.0845905796635116,Gable,Compshg,Vinylsd,Vinylsd,-0.5718951461336651,Gd,Cblock,Glq,0.8004066056920495,Unf,-0.2871575004618263,-0.5803399781082866,0.08218702601954687,Ta,Sbrkr,-0.1593577277556052,-0.8058476456345897,-0.11183896233236511,-0.9082191881891954,0.20923762540902602,-0.9323692199931181,Typ,Detchd,-1.0467184104575442,-0.9824399605824299,-1.0446997139120573,Ta,Ta,-0.7459116674968221,0.14391010284709765,-0.37071052595830367,-0.10217939216911985,-0.2698934816491846,-0.07638622508638289,-1.9605967771384116,1.6470659127556586,Wd,Abnorml,109000.0
40,-1.6279581183895266,-0.8779193078215382,Rl,0.8635055126132435,-0.13954141421327607,Inside,Names,Norm,Norm,1fam,1story,-0.014950053313711128,-0.5526946526296532,-0.1937937601455429,-0.962171670220744,Gable,Compshg,Wdsdng,Wdsdng,0.07624236535760895,Ta,Cblock,Rec,0.5779058277094372,Unf,-0.2871575004618263,-0.29844623379847124,0.17706126334099842,Ex,Sbrkr,0.6834793248774976,-0.8058476456345897,-0.11183896233236511,-0.2799519688645265,0.20923762540902602,-0.23862605398781578,Typ,Attchd,-0.5490648511427908,0.4033288092841152,-0.07366959239538234,Ta,Ta,-0.7459116674968221,1.568062110157276,-0.37071052595830367,-0.10217939216911985,-0.2698934816491846,-0.07638622508638289,2.0922016207632335,-1.370011347245818,Wd,Abnorml,160000.0
41,-1.6255931227114142,-0.8779193078215382,Rl,2.5286912653822102,2.478158776039927,Inside,Timber,Norm,Norm,1fam,1story,-0.8154008244853307,0.35434574153267734,-0.3916419977941315,-1.2545662773470663,Gable,Compshg,Vinylsd,Vinylsd,-0.5718951461336651,Gd,Cblock,Blq,1.3971132375545101,Unf,-0.2871575004618263,-0.4453152434388793,0.9789015916706856,Gd,Sbrkr,0.696106097201589,-0.8058476456345897,-0.11183896233236511,-0.27053972587838915,-1.0896529477822716,-0.9323692199931181,Typ,Attchd,-0.7978916308001675,-0.9824399605824299,-0.7343704998190993,Ta,Ta,-0.7459116674968221,1.005025270057903,-0.37071052595830367,-0.10217939216911985,-0.2698934816491846,-0.07638622508638289,0.2500205308079403,-0.6157420322454488,Wd,Normal,170000.0
42,-1.6232281270333018,0.6443603306628706,Rl,0.057770470950840196,0.02614786665396926,Culdsac,Sawyerw,Norm,Norm,1fam,Sfoyer,-0.8154008244853307,1.2613861356950078,0.3997509528002229,-0.08498784884177732,Gable,Compshg,Hdboard,Hdboard,-0.5718951461336651,Ta,Cblock,Alq,0.840861292597979,Lwq,0.30998799081489387,-1.3525867062175287,-0.5819326352306139,Gd,Sbrkr,-0.7054656307725594,-0.8058476456345897,-0.11183896233236511,-1.3152986973396363,-1.0896529477822716,-0.9323692199931181,Typ,Attchd,0.19741548782933918,0.4033288092841152,0.24667024150702588,Ta,Gd,1.2913294764940733,-0.7172050643637078,-0.37071052595830367,-0.10217939216911985,-0.2698934816491846,-0.07638622508638289,2.0922016207632335,-0.6157420322454488,Wd,Normal,144000.0
43,-1.6208631313551893,-0.8779193078215382,Rl,0.057770470950840196,0.03249611496305912,Culdsac,Collgcr,Norm,Norm,1fam,1story,-0.8154008244853307,0.35434574153267734,0.13595330260210475,-0.23118515240493845,Hip,Compshg,Vinylsd,Vinylsd,-0.5718951461336651,Ta,Cblock,Lwq,-0.3399098814688387,Blq,2.8655138567088145,-0.9569879221861073,-0.28200762692408965,Ta,Sbrkr,-0.5350042043973252,-0.8058476456345897,-0.11183896233236511,-1.1882334170267819,0.20923762540902602,-0.9323692199931181,Typ,Detchd,-0.05141129182803748,-0.9824399605824299,-0.7343704998190993,Ta,Ta,0.4849215236643438,-0.7172050643637078,-0.37071052595830367,-0.10217939216911985,-0.2698934816491846,-0.07638622508638289,0.2500205308079403,0.1385272827549204,Wd,Normal,130250.0
44,-1.618498135677077,-0.8779193078215382,Rl,0.11148614039500042,-0.3658564664323295,Inside,Names,Norm,Norm,1fam,1story,-0.8154008244853307,0.35434574153267734,-0.3916419977941315,-1.2545662773470663,Gable,Compshg,Brkface,Wdsdng,-0.5718951461336651,Ta,Cblock,Alq,-0.5952800925625188,Blq,2.961827645624415,-0.25106913391446867,0.3668097379839015,Ex,Fusea,0.1342147287795205,-0.8058476456345897,-0.11183896233236511,-0.6893845387615017,0.20923762540902602,-0.23862605398781578,Typ,Attchd,-0.7978916308001675,-0.9824399605824299,-0.7744129790569003,Ta,Ta,-0.7459116674968221,-0.7172050643637078,-0.37071052595830367,-0.10217939216911985,-0.2698934816491846,-0.07638622508638289,-0.48685190517417704,-1.370011347245818,Wd,Normal,141000.0
45,-1.6161331399989645,1.46404936676986,Rl,-0.3719548846024416,-0.456953829667769,Inside,Nridght,Norm,Norm,Twnhse,1story,2.386402260201147,-0.5526946526296532,1.1251944908450477,0.9871257106214042,Hip,Compshg,Metalsd,Metalsd,2.071992524504007,Ta,Pconc,Glq,0.10509167449638597,Unf,-0.2871575004618263,1.7174493662658388,2.2092062175811216,Ex,Sbrkr,2.03454396355528,-0.8058476456345897,-0.11183896233236511,0.7271580306521712,-1.0896529477822716,-0.23862605398781578,Typ,Attchd,1.1097803465730536,0.4033288092841152,0.6070525546472352,Ta,Ta,0.9178352667624091,0.6407073146994854,-0.37071052595830367,-0.10217939216911985,-0.2698934816491846,-0.07638622508638289,-1.592160559147353,1.6470659127556586,Wd,Normal,319900.0
46,-1.613768144320852,-0.17532870544411872,Rl,-1.0702585873765245,1.1821638837392325,Culdsac,Mitchel,Norm,Norm,1fam,1.5fin,0.7855007178579084,-0.5526946526296532,1.059245078295518,0.8896608415792968,Gable,Compshg,Vinylsd,Vinylsd,-0.5718951461336651,Ta,Pconc,Glq,2.3680257232968183,Unf,-0.2871575004618263,-1.1559717416989181,1.2359801702191349,Ex,Sbrkr,1.2958777825959318,0.7316551503683433,-0.11183896233236511,1.6613231470263043,-2.3885435209735695,-0.23862605398781578,Typ,Attchd,1.0268380866872613,0.4033288092841152,1.0775516856913971,Ta,Ta,0.6801571332968046,-0.005129060708618667,-0.37071052595830367,-0.10217939216911985,3.5344831685448344,-0.07638622508638289,0.6184567487989989,0.8927965977552895,Wd,Abnorml,239686.0
47,-1.6114031486427396,-0.8779193078215382,Fv,0.8635055126132435,0.6343100546647777,Inside,Somerst,Norm,Norm,1fam,1story,1.5859514890295279,-0.5526946526296532,1.1581691971198125,1.035858145142458,Gable,Compshg,Vinylsd,Vinylsd,-0.5718951461336651,Ta,Pconc,Glq,-0.987184871963711,Unf,-0.2871575004618263,2.513384644317082,1.9154021278114652,Ex,Sbrkr,1.7315014277770862,-0.8058476456345897,-0.11183896233236511,0.5012641989848745,0.20923762540902602,0.45511711201748645,Typ,Attchd,1.1512514765159496,1.7890975791506603,1.8583800308285172,Ta,Ta,-0.7459116674968221,1.7005413666512461,-0.37071052595830367,-0.10217939216911985,-0.2698934816491846,-0.07638622508638289,0.2500205308079403,-0.6157420322454488,Wd,Normal,249700.0
48,-1.6090381529646272,3.103427438983839,Rm,-1.8759936290389276,-1.4733083839530554,Inside,Oldtown,Norm,Norm,2fmcon,2story,-1.6158515956569501,-0.5526946526296532,-1.6776555425099573,1.1333230141845654,Gable,Compshg,Metalsd,Metalsd,-0.5718951461336651,Ta,Brktil,Unf,-1.0478669023226053,Unf,-0.2871575004618263,0.3908905695137664,-0.9002203991477415,Gd,Sbrkr,-1.1726562067639423,0.9387672544257907,-0.11183896233236511,0.021239806691869065,-1.0896529477822716,1.1488602780227886,Typ,Attchd,0.07300209800065086,-2.368208730448975,-2.2760059504744388,Ta,Ta,-0.7459116674968221,-0.7172050643637078,1.3376443238186058,-0.10217939216911985,-0.2698934816491846,-0.07638622508638289,-0.11841568718311837,0.8927965977552895,New,Partial,113000.0
49,-1.6066731572865147,-0.8779193078215382,Rl,-0.10337653738164046,-0.4302911867695916,Inside,Sawyer,Norm,Norm,1fam,1story,-0.8154008244853307,1.2613861356950078,-0.16081905387077813,-0.9134392356996903,Gable,Compshg,Hdboard,Hdboard,-0.5718951461336651,Ta,Cblock,Blq,0.8813159795039085,Unf,-0.2871575004618263,-0.8977665473311041,-0.229979819360713,Ex,Sbrkr,-0.4813404220199366,-0.8058476456345897,-0.11183896233236511,-1.1482313843356982,0.20923762540902602,-0.23862605398781578,Typ,Attchd,-0.5075937211998947,-0.9824399605824299,-0.3439563272505393,Ta,Ta,-0.7459116674968221,-0.7172050643637078,-0.37071052595830367,-0.10217939216911985,-0.2698934816491846,-0.07638622508638289,-1.9605967771384116,-0.6157420322454488,Wd,Normal,127000.0
50,-1.6043081616084023,0.05886816201502109,Rl,0.057770470950840196,1.5144946827200867,Corner,Gilbert,Norm,Norm,1fam,2story,-0.014950053313711128,0.35434574153267734,0.8613968406469296,0.5972662344529746,Gable,Compshg,Vinylsd,Vinylsd,-0.5718951461336651,Ta,Pconc,Glq,-0.5876948387676569,Unf,-0.2871575004618263,0.09715255023295034,-0.7227137615785741,Gd,Sbrkr,-0.9895680080646165,0.8413027348693448,-0.11183896233236511,0.0635949001294872,0.20923762540902602,-0.23862605398781578,Typ,Attchd,0.7780113070298847,0.4033288092841152,-0.33394570744108903,Ta,Ta,-0.7459116674968221,0.5247879652672616,-0.37071052595830367,-0.10217939216911985,-0.2698934816491846,-0.07638622508638289,0.2500205308079403,-0.6157420322454488,Wd,Normal,177000.0
51,-1.6019431659302898,-0.17532870544411872,Rm,-0.8553959095998835,-0.90704463478224,Inside,Brkside,Norm,Norm,1fam,1.5fin,-0.014950053313711128,0.35434574153267734,-1.2160096546632506,-1.6931581880365496,Gable,Compshg,Wdsdng,Wdsdng,-0.5718951461336651,Ta,Pconc,Unf,-1.0478669023226053,Unf,-0.2871575004618263,0.5803989690497767,-0.655383657673028,Ta,Sbrkr,-0.9201207602821138,-0.8058476456345897,8.334969849904713,-0.6282049593516089,0.20923762540902602,-0.23862605398781578,Typ,Detchd,0.2803577477151314,0.4033288092841152,0.366797679220429,Ta,Ta,0.20480086636559572,-0.7172050643637078,-0.37071052595830367,-0.10217939216911985,-0.2698934816491846,0.7944885795982236,0.9868929667900576,-1.370011347245818,Wd,Normal,114500.0
52,-1.5995781702521774,0.7614587643924405,Rm,2.260112918161409,-0.19858012348781173,Corner,Idotrr,Rrnn,Norm,Duplex,1story,-0.8154008244853307,-0.5526946526296532,-0.2597431726950724,-1.0596365392628515,Gable,Compshg,Wdsdng,Wdsdng,-0.5718951461336651,Ta,Cblock,Lwq,-0.7849114374340633,Glq,4.284537013398655,-1.3525867062175287,-0.655383657673028,Ta,Sbrkr,-0.9201207602821138,-0.8058476456345897,-0.11183896233236511,-1.4753068281039714,-1.0896529477822716,-0.9323692199931181,Typ,Carport,-0.632007111028583,0.4033288092841152,0.3067339603637274,Ta,Ta,0.15386983776582333,-0.7172050643637078,-0.37071052595830367,-0.10217939216911985,-0.2698934816491846,-0.07638622508638289,-0.48685190517417704,1.6470659127556586,Wd,Normal,110000.0
54,-1.5948481788959525,0.5272618969333007,Rl,-0.42567055404660176,-0.6232779353659234,Inside,Names,Norm,Norm,1fam,Slvl,-0.8154008244853307,-0.5526946526296532,-0.5235408228931906,-1.449496015431281,Gable,Compshg,Metalsd,Metalsd,-0.5718951461336651,Ta,Cblock,Alq,-0.07695441658029685,Unf,-0.2871575004618263,-1.3525867062175287,-1.9775020616364816,Ta,Sbrkr,0.7971202757943204,-0.8058476456345897,-0.11183896233236511,-0.19524178198929026,0.20923762540902602,-0.23862605398781578,Min1,Detchd,-0.6734782409714791,0.4033288092841152,0.5870313150283346,Ta,Ta,-0.7459116674968221,0.11079028872360513,-0.37071052595830367,-0.10217939216911985,-0.2698934816491846,-0.07638622508638289,-1.592160559147353,-0.6157420322454488,Wd,Normal,130000.0
55,-1.59248318321784,-0.8779193078215382,Rl,1.722956223719807,0.34197322003118974,Inside,Names,Norm,Norm,1fam,1story,-0.014950053313711128,-0.5526946526296532,-0.22676846642030765,-1.0109041047417977,Gable,Compshg,Hdboard,Plywood,1.1735840927339243,Ta,Cblock,Blq,0.1910578841714862,Unf,-0.2871575004618263,0.8622927133595921,1.2084360368032296,Gd,Sbrkr,1.0023053260608061,-0.8058476456345897,-0.11183896233236511,-0.04229283346455813,0.20923762540902602,0.45511711201748645,Typ,Attchd,-0.590535981085687,0.4033288092841152,0.6070525546472352,Ta,Ta,-0.7459116674968221,-0.7172050643637078,-0.37071052595830367,14.862623522277486,-0.2698934816491846,-0.07638622508638289,0.2500205308079403,0.1385272827549204,Wd,Normal,180500.0
56,-1.5901181875397277,2.4008368366064192,Fv,-2.3594346540363698,-2.048142268341142,Inside,Somerst,Norm,Norm,Twnhs,2story,1.5859514890295279,-0.5526946526296532,0.9273462531964591,0.7434635380161356,Gable,Compshg,Metalsd,Metalsd,2.354349460203176,Ta,Pconc,Glq,0.5930763352991607,Unf,-0.2871575004618263,-0.5921842530792873,-0.1840729303342042,Ex,Sbrkr,-0.3929530157512966,1.0362317739822364,-0.11183896233236511,0.6965682409472248,0.20923762540902602,0.45511711201748645,Typ,Attchd,0.8609535669156769,0.4033288092841152,0.1265428037936228,Ta,Ta,0.2302663806654819,-0.7172050643637078,-0.37071052595830367,-0.10217939216911985,-0.2698934816491846,-0.07638622508638289,0.6184567487989989,0.8927965977552895,Wd,Abnorml,172500.0
57,-1.5877531918616152,0.05886816201502109,Rl,1.1320838598340446,0.8085694707492944,Corner,Collgcr,Norm,Norm,1fam,2story,0.7855007178579084,-0.5526946526296532,1.092219784570283,0.9383932761003505,Gable,Compshg,Vinylsd,Vinylsd,-0.5718951461336651,Ta,Pconc,Unf,-1.0478669023226053,Unf,-0.2871575004618263,0.6846285887945824,-0.5207234498619354,Ex,Sbrkr,-0.781226264717108,1.2896395248289956,-0.11183896233236511,0.6518600867630723,0.20923762540902602,0.45511711201748645,Typ,Attchd,1.0683092166301575,0.4033288092841152,0.5519941456952587,Ta,Ta,-0.7459116674968221,0.44198842995853027,-0.37071052595830367,-0.10217939216911985,-0.2698934816491846,-0.07638622508638289,0.6184567487989989,-1.370011347245818,Wd,Normal,196500.0
59,-1.5830232005053904,-0.8779193078215382,Rl,-0.42567055404660176,-0.6023287159459267,Inside,Collgcr,Norm,Norm,1fam,1story,-0.8154008244853307,1.2613861356950078,0.03702918377781046,-0.6210446285733681,Gable,Compshg,Hdboard,Hdboard,-0.5718951461336651,Ta,Cblock,Alq,0.5500932304616106,Unf,-0.2871575004618263,-1.0019961670759097,-0.7655601913366491,Ex,Sbrkr,-1.0337617111989366,-0.8058476456345897,-0.11183896233236511,-1.5600170149792079,-1.0896529477822716,-1.6261123859984203,Typ,Detchd,-0.2172958115996219,-0.9824399605824299,-0.5141368640111936,Ta,Ta,0.9178352667624091,-0.7172050643637078,-0.37071052595830367,-0.10217939216911985,-0.2698934816491846,-0.07638622508638289,-1.9605967771384116,0.1385272827549204,Wd,Normal,124900.0
60,-1.580658204827278,-0.8779193078215382,Rl,-0.2645235457141211,1.2615169876028558,Inside,Sawyerw,Rrae,Norm,1fam,1story,-0.014950053313711128,-0.5526946526296532,1.092219784570283,0.9383932761003505,Gable,Compshg,Vinylsd,Vinylsd,-0.5718951461336651,Ta,Pconc,Alq,1.3313743713323745,Unf,-0.2871575004618263,-0.8385451724761007,0.39129341213137286,Ex,Sbrkr,0.15946827342770337,-0.8058476456345897,-0.11183896233236511,-0.670560052789227,0.20923762540902602,-0.9323692199931181,Typ,Detchd,1.1512514765159496,0.4033288092841152,0.6070525546472352,Ta,Ta,-0.7459116674968221,0.11079028872360513,-0.37071052595830367,-0.10217939216911985,-0.2698934816491846,-0.07638622508638289,-0.48685190517417704,-1.370011347245818,New,Partial,158000.0
61,-1.5782932091491655,0.4101634632037308,Rm,-0.42567055404660176,-0.6023287159459267,Inside,Idotrr,Norm,Norm,1fam,2.5unf,-0.8154008244853307,1.2613861356950078,-1.6776555425099573,0.5485337999319209,Gable,Compshg,Metalsd,Metalsd,-0.5718951461336651,Ta,Brktil,Unf,-1.0478669023226053,Unf,-0.2871575004618263,-0.09709355929146027,-1.5306750084451293,Ta,Sbrkr,-1.6619436343224852,0.4855572384883176,-0.11183896233236511,-0.7811539078763411,0.20923762540902602,-0.23862605398781578,Typ,Detchd,-1.7931987494296742,-0.9824399605824299,-0.8344766979136019,Ta,Ta,-0.7459116674968221,-0.7172050643637078,2.0410845560796864,-0.10217939216911985,-0.2698934816491846,-0.07638622508638289,-1.2237243411562944,-0.6157420322454488,Wd,Normal,101000.0
62,-1.575928213471053,1.46404936676986,Rl,-1.2851212651531654,-0.8429273268604324,Inside,Nridght,Norm,Norm,Twnhse,1story,1.5859514890295279,-0.5526946526296532,1.1581691971198125,1.035858145142458,Gable,Compshg,Vinylsd,Vinylsd,0.5703670028311545,Ta,Pconc,Glq,-0.987184871963711,Unf,-0.2871575004618263,1.8358921159758452,1.040110777039364,Ex,Sbrkr,0.828687206604549,-0.8058476456345897,-0.11183896233236511,-0.17171117452394685,-1.0896529477822716,-0.23862605398781578,Typ,Attchd,1.1512514765159496,0.4033288092841152,0.1465640434125233,Ta,Ta,0.27270890449862556,0.09423038166185888,-0.37071052595830367,-0.10217939216911985,-0.2698934816491846,-0.07638622508638289,1.3553291847811162,-0.6157420322454488,Wd,Normal,202500.0
63,-1.5735632177929406,0.2930650294741609,Rm,-0.962827248488204,0.38164977196300137,Inside,Oldtown,Rran,Feedr,1fam,2story,0.7855007178579084,0.35434574153267734,-1.6446808362351926,-1.6931581880365496,Gable,Compshg,Stucco,Stucco,-0.5718951461336651,Ta,Brktil,Unf,-1.0478669023226053,Unf,-0.2871575004618263,0.011873770441745686,-1.389893882097169,Gd,Sbrkr,-0.648645155314148,1.162935649405616,-0.11183896233236511,0.6283294792977289,0.20923762540902602,1.842603444028091,Typ,Detchd,0.48771339742961195,0.4033288092841152,0.1265428037936228,Ta,Ta,-0.6440496102972774,-0.5350460866844989,0.7011983993919141,-0.10217939216911985,-0.2698934816491846,-0.07638622508638289,-0.8552881231652357,1.6470659127556586,Wd,Normal,140000.0
64,-1.5711982221148282,0.05886816201502109,Rl,0.057770470950840196,0.08804328766759538,Inside,Collgcr,Norm,Norm,1fam,2story,0.7855007178579084,-0.5526946526296532,0.8613968406469296,0.6459986689740282,Gable,Compshg,Vinylsd,Vinylsd,3.105162221039602,Ta,Pconc,Glq,0.8206339491450143,Unf,-0.2871575004618263,-0.5992908180618877,0.08218702601954687,Ex,Sbrkr,-0.1593577277556052,1.5747232445315997,-0.11183896233236511,1.3907211611748553,0.20923762540902602,1.1488602780227886,Typ,Attchd,0.8194824369727808,0.4033288092841152,0.952418938073269,Ta,Ta,4.1434670780813265,-0.12104841014084247,-0.37071052595830367,-0.10217939216911985,-0.2698934816491846,-0.07638622508638289,-1.592160559147353,0.8927965977552895,Wd,Normal,219500.0
65,-1.5688332264367157,0.05886816201502109,Rl,0.4337801570599617,0.15660436940576586,Inside,Nridght,Norm,Norm,1fam,2story,1.5859514890295279,-0.5526946526296532,1.092219784570283,0.9871257106214042,Gable,Compshg,Vinylsd,Vinylsd,1.6356227147871096,Ta,Pconc,Unf,-1.0478669023226053,Unf,-0.2871575004618263,1.355014552153219,0.345386523104864,Ex,Sbrkr,0.11211787721236051,2.4348476296172343,-0.11183896233236511,2.4237148289034307,1.5081281986003237,1.842603444028091,Typ,Builtin,1.0683092166301575,1.7890975791506603,1.9885180883513707,Ta,Ta,0.8838812476958942,1.7833409019599773,-0.37071052595830367,-0.10217939216911985,-0.2698934816491846,-0.07638622508638289,1.3553291847811162,-0.6157420322454488,Wd,Normal,317000.0
67,-1.5641032350804909,-0.8779193078215382,Rl,0.21891747928332086,0.4975053036038913,Inside,Collgcr,Norm,Norm,1fam,1story,0.7855007178579084,-0.5526946526296532,1.059245078295518,0.8896608415792968,Gable,Compshg,Vinylsd,Vinylsd,0.4997777689063623,Ta,Pconc,Glq,1.5134204624090575,Unf,-0.2871575004618263,-0.3102905087694719,1.2941288963193793,Ex,Sbrkr,1.1727667524360403,-0.8058476456345897,-0.11183896233236511,0.08477244684829625,0.20923762540902602,0.45511711201748645,Typ,Attchd,1.0268380866872613,0.4033288092841152,0.5169569763621829,Ta,Ta,0.4764330188977151,-0.2369677595730663,-0.37071052595830367,-0.10217939216911985,-0.2698934816491846,-0.07638622508638289,-0.11841568718311837,-0.6157420322454488,Wd,Normal,226000.0
68,-1.5617382394023784,-0.6437224403623983,Rm,-1.1239742568206845,-1.4250616968039724,Corner,Oldtown,Artery,Norm,1fam,1story,-1.6158515956569501,0.35434574153267734,-0.8532878856408382,-1.6931581880365496,Gable,Compshg,Metalsd,Metalsd,-0.5718951461336651,Gd,Cblock,Unf,-1.0478669023226053,Unf,-0.2871575004618263,0.41694797444996784,-0.8665553471949684,Ta,Sbrkr,-1.1379325828726907,-0.8058476456345897,-0.11183896233236511,-1.637668019614841,-1.0896529477822716,-1.6261123859984203,Typ,Attchd,-1.378487450000713,-0.9824399605824299,-1.1748377714349107,Ta,Ta,-0.7459116674968221,-0.7172050643637078,-0.37071052595830367,-0.10217939216911985,-0.2698934816491846,-0.07638622508638289,-0.11841568718311837,1.6470659127556586,Wd,Normal,80000.0
69,-1.559373243724266,-0.17532870544411872,Rl,0.7023585042807629,2.0617136869636323,Corner,Clearcr,Norm,Norm,1fam,1.5fin,0.7855007178579084,-1.4597350467919836,-0.5894902354427201,-1.5469608844733884,Gable,Compshg,Brkface,Asbshng,-0.5718951461336651,Ta,Cblock,Blq,0.4767691104446134,Unf,-0.2871575004618263,0.30798064471676184,0.8381204653227252,Ta,Sbrkr,0.6203454632570404,1.5893429224650666,-0.11183896233236511,1.9860455300480433,0.20923762540902602,0.45511711201748645,Typ,Attchd,-1.0467184104575442,0.4033288092841152,1.062535755977222,Ta,Ta,-0.7459116674968221,-0.36944701606703634,1.5386272473217717,-0.10217939216911985,-0.2698934816491846,-0.07638622508638289,0.2500205308079403,-1.370011347245818,Wd,Normal,225000.0
71,-1.5546432523680411,-0.8779193078215382,Rl,0.057770470950840196,-0.47568116217958406,Corner,Mitchel,Norm,Norm,1fam,1story,-1.6158515956569501,0.35434574153267734,0.3667762465254581,1.035858145142458,Gable,Compshg,Hdboard,Plywood,-0.5718951461336651,Ta,Cblock,Alq,0.3806892290430308,Unf,-0.2871575004618263,-0.6893073078414926,-0.5666303388884443,Ta,Sbrkr,-0.8285766609324509,-0.8058476456345897,-0.11183896233236511,-1.4070680664544757,-1.0896529477822716,-1.6261123859984203,Typ,Detchd,0.3633000076009236,0.4033288092841152,-0.47409438477339266,Ta,Ta,-0.7459116674968221,-0.7172050643637078,-0.37071052595830367,-0.10217939216911985,-0.2698934816491846,-0.07638622508638289,-0.11841568718311837,-0.6157420322454488,Wd,Normal,129500.0
72,-1.5522782566899287,0.05886816201502109,Rl,0.3263488181716413,0.33118119790573697,Corner,Gilbert,Norm,Norm,1fam,2story,0.7855007178579084,-0.5526946526296532,0.8943715469216943,0.6459986689740282,Gable,Compshg,Vinylsd,Vinylsd,-0.3152070227707843,Ta,Pconc,Unf,-1.0478669023226053,Unf,-0.2871575004618263,0.6183006489569788,-0.6064163093780852,Gd,Sbrkr,-0.7023089376915366,1.2238509741283947,-0.11183896233236511,0.6471539652700037,0.20923762540902602,0.45511711201748645,Typ,Attchd,0.8194824369727808,0.4033288092841152,-0.13873862115680902,Ta,Ta,-0.7459116674968221,0.8394261994404405,-0.37071052595830367,-0.10217939216911985,5.321387352726873,-0.07638622508638289,2.0922016207632335,0.8927965977552895,Wd,Normal,185000.0
73,-1.5499132610118163,-0.8779193078215382,Rl,0.9172211820574037,0.34990853041755204,Inside,Names,Norm,Norm,1fam,1story,-0.8154008244853307,1.2613861356950078,-0.5565155291679553,0.8896608415792968,Gable,Compshg,Wdsdng,Wdsdng,0.09549397460982502,Ta,Cblock,Alq,-0.23877316420401493,Blq,2.0372152720346546,-0.3955692885606766,0.17094034480413056,Gd,Sbrkr,-0.06781362840594234,-0.8058476456345897,-0.11183896233236511,-0.8399804265396995,0.20923762540902602,-0.23862605398781578,Typ,Attchd,0.44624226748671586,0.4033288092841152,0.1765959028408741,Ta,Ta,-0.7459116674968221,-0.7172050643637078,-0.37071052595830367,-0.10217939216911985,-0.2698934816491846,-0.07638622508638289,-0.48685190517417704,1.6470659127556586,Wd,Normal,144900.0
74,-1.5475482653337038,-0.17532870544411872,Rm,-0.42567055404660176,-1.0498802217367618,Corner,Oldtown,Norm,Norm,1fam,2story,-2.4163023668285697,0.35434574153267734,-1.8425290738837812,-1.6931581880365496,Gambrel,Compshg,Vinylsd,Vinylsd,-0.5718951461336651,Gd,Cblock,Unf,-1.0478669023226053,Unf,-0.2871575004618263,0.6372514889105798,-0.5819326352306139,Gd,Sbrkr,-0.8443601263375652,1.058161290882437,-0.11183896233236511,0.38125810091162315,0.20923762540902602,1.1488602780227886,Typ,Detchd,-2.622621348287596,-0.9824399605824299,-0.3789934965836152,Ta,Ta,-0.7459116674968221,-0.7172050643637078,3.012502019678321,-0.10217939216911985,-0.2698934816491846,-0.07638622508638289,-0.48685190517417704,1.6470659127556586,Wd,Normal,107400.0
75,-1.5451832696555914,2.8692305715246986,Rm,-2.5205816623688504,-2.3811078921529054,Inside,Meadowv,Norm,Norm,Twnhs,Slvl,-1.6158515956569501,-0.5526946526296532,0.07000389005257522,-0.5723121940523144,Gable,Compshg,Cemntbd,Cmentbd,-0.5718951461336651,Ta,Cblock,Glq,0.12026218208610953,Unf,-0.2871575004618263,-1.3525867062175287,-1.7387862386986357,Ta,Sbrkr,-1.8355617537787423,0.31986755524235966,-0.11183896233236511,-1.070580379700065,-1.0896529477822716,-0.9323692199931181,Typ,Builtin,-0.2172958115996219,-0.9824399605824299,-0.7894289087710757,Ta,Ta,0.27270890449862556,0.9553455488726643,-0.37071052595830367,-0.10217939216911985,-0.2698934816491846,-0.07638622508638289,1.723765402772175,0.8927965977552895,Wd,Normal,91000.0
76,-1.542818273977479,-0.8779193078215382,Rl,0.057770470950840196,-0.19762788624144825,Inside,Names,Norm,Norm,1fam,1story,-1.6158515956569501,1.2613861356950078,-0.49056611661842575,-1.4007635809102275,Gable,Compshg,Vinylsd,Vinylsd,-0.5718951461336651,Ta,Cblock,Alq,-0.4713876139131096,Unf,-0.2871575004618263,0.36246430958336484,-0.23916119716601475,Ex,Fusea,-0.4908105012630052,-0.8058476456345897,-0.11183896233236511,-1.1552905665753013,-1.0896529477822716,-1.6261123859984203,Typ,Detchd,-0.9223050206288558,-0.9824399605824299,-0.8595032474372275,Ta,Ta,-0.7459116674968221,-0.7172050643637078,-0.37071052595830367,-0.10217939216911985,-0.2698934816491846,-0.07638622508638289,-0.8552881231652357,0.1385272827549204,Wd,Normal,135750.0
77,-1.5404532782993665,-0.17532870544411872,Rm,-0.962827248488204,-0.14684189976872938,Inside,Brkside,Norm,Norm,1fam,1.5fin,-0.8154008244853307,-0.5526946526296532,-0.7543637668165439,0.7921959725371894,Gable,Compshg,Wdsdng,Wdsdng,-0.5718951461336651,Ta,Cblock,Blq,-0.1983184772980854,Glq,-0.023899810759186232,-0.6537744829284907,-1.0960897923275126,Ta,Sbrkr,-0.11200733154026234,-0.2868490789965156,-0.11183896233236511,-0.3717213379793658,-1.0896529477822716,-0.23862605398781578,Min1,Detchd,-1.2540740601720246,-0.9824399605824299,-1.0747315733404081,Ta,Ta,-0.7459116674968221,-0.7172050643637078,-0.37071052595830367,-0.10217939216911985,-0.2698934816491846,-0.07638622508638289,-1.9605967771384116,0.1385272827549204,Wd,Normal,127000.0
78,-1.538088282621254,0.7614587643924405,Rl,0.21891747928332086,0.5333729065502489,Inside,Sawyer,Norm,Norm,Duplex,1story,-1.6158515956569501,-0.5526946526296532,-0.0948696413212486,-0.8159743666575829,Hip,Compshg,Hdboard,Hdboard,-0.5718951461336651,Ta,Cblock,Unf,-1.0478669023226053,Unf,-0.2871575004618263,2.8355489235283,2.2581735658760644,Ta,Sbrkr,2.085051052851646,-0.8058476456345897,-0.11183896233236511,0.7648070025967206,1.5081281986003237,1.1488602780227886,Typ,Attchd,0.07300209800065086,-2.368208730448975,-2.2760059504744388,Ta,Ta,-0.7459116674968221,-0.7172050643637078,-0.37071052595830367,-0.10217939216911985,-0.2698934816491846,-0.07638622508638289,-0.8552881231652357,1.6470659127556586,Wd,Normal,136500.0
79,-1.5357232869431416,-0.17532870544411872,Rm,-0.42567055404660176,0.4260875101266304,Corner,Oldtown,Norm,Norm,1fam,2story,-0.8154008244853307,0.35434574153267734,-2.007402605257605,-0.18245271788388473,Gable,Compshg,Wdsdng,Wdsdng,-0.5718951461336651,Ta,Pconc,Unf,-1.0478669023226053,Unf,-0.2871575004618263,-0.3102905087694719,-1.806116342604182,Gd,Sbrkr,-1.3431176331391765,0.5294162722887182,-0.11183896233236511,-0.5011396790387546,-1.0896529477822716,-0.9323692199931181,Typ,Detchd,-0.5075937211998947,0.4033288092841152,-0.07366959239538234,Ta,Ta,-0.11776231476629605,-0.7172050643637078,1.7731073247421318,-0.10217939216911985,-0.2698934816491846,-0.07638622508638289,-0.48685190517417704,0.8927965977552895,Wd,Normal,110000.0
80,-1.5333582912650292,0.05886816201502109,Rl,1.722956223719807,1.2386632936901323,Corner,Names,Norm,Norm,1fam,2story,-0.014950053313711128,0.35434574153267734,-0.0948696413212486,-0.8159743666575829,Gable,Compshg,Vinylsd,Vinylsd,3.1244138302918185,Gd,Cblock,Rec,0.08486433104342121,Unf,-0.2871575004618263,-0.29133966881587087,-0.4105469161983143,Ta,Sbrkr,0.23522890737225194,1.5333008237201102,-0.11183896233236511,1.644851721800564,1.5081281986003237,1.1488602780227886,Typ,Attchd,-0.4246514613141025,-0.9824399605824299,0.27169679103065153,Ta,Ta,-0.7459116674968221,0.4751082440820228,-0.37071052595830367,-0.10217939216911985,4.572040436779567,-0.07638622508638289,-0.11841568718311837,0.8927965977552895,Wd,Normal,193500.0
81,-1.5309932955869168,1.46404936676986,Rm,-1.929709298483088,-1.4593422376730578,Fr2,Mitchel,Norm,Norm,Twnhse,1story,-0.014950053313711128,-0.5526946526296532,0.8943715469216943,0.6459986689740282,Hip,Compshg,Vinylsd,Vinylsd,2.27092582011024,Gd,Pconc,Glq,1.9887630335537292,Unf,-0.2871575004618263,-1.2673079264263243,0.6330696943376526,Ex,Sbrkr,0.7245163349307947,-0.8058476456345897,-0.11183896233236511,-0.2493621791595801,-1.0896529477822716,-0.9323692199931181,Typ,Attchd,0.8194824369727808,0.4033288092841152,-0.24885543906076185,Ta,Ta,-0.7459116674968221,2.5782164409237978,-0.37071052595830367,-0.10217939216911985,-0.2698934816491846,-0.07638622508638289,-1.2237243411562944,-1.370011347245818,Wd,Normal,153500.0
82,-1.5286282999088043,-0.8779193078215382,Rl,0.5412114959482822,0.351813004910279,Inside,Somerst,Norm,Norm,1fam,1story,1.5859514890295279,-0.5526946526296532,1.1911439033945772,1.0845905796635116,Gable,Compshg,Vinylsd,Vinylsd,2.43135589721204,Ta,Pconc,Glq,-0.9644291105791256,Unf,-0.2871575004618263,2.271761434908669,1.6307794158471105,Ex,Sbrkr,1.4379289712419605,-0.8058476456345897,-0.11183896233236511,0.28242954955718086,0.20923762540902602,-0.23862605398781578,Typ,Attchd,1.1927226064588459,1.7890975791506603,1.5180189573072085,Ta,Ta,0.4764330188977151,0.9222257347491718,-0.37071052595830367,-0.10217939216911985,-0.2698934816491846,-0.07638622508638289,1.3553291847811162,0.1385272827549204,Wd,Normal,245000.0
83,-1.526263304230692,-0.8779193078215382,Rl,0.6486428348366026,-0.06526690899692471,Inside,Names,Norm,Norm,1fam,1story,-0.8154008244853307,-0.5526946526296532,-0.3586672915193667,-1.2058338428260125,Gable,Compshg,Metalsd,Metalsd,-0.14835974258491175,Ta,Cblock,Unf,-1.0478669023226053,Unf,-0.2871575004618263,1.1702438626056089,0.10667070016701824,Gd,Sbrkr,-0.13410418310742234,-0.8058476456345897,-0.11183896233236511,-0.8893947022169207,0.20923762540902602,-0.23862605398781578,Typ,Detchd,-0.1758246816567258,0.4033288092841152,0.03144191560384535,Ta,Ta,-0.11776231476629605,-0.7172050643637078,-0.37071052595830367,-0.10217939216911985,-0.2698934816491846,-0.07638622508638289,0.2500205308079403,-0.6157420322454488,Cod,Normal,126500.0
84,-1.5238983085525795,0.5272618969333007,Rl,0.057770470950840196,-0.18017020339145115,Inside,Gilbert,Norm,Norm,1fam,Slvl,0.7855007178579084,-0.5526946526296532,0.7954474280974001,0.5485337999319209,Gable,Compshg,Hdboard,Hdboard,-0.4307166782840806,Ta,Pconc,Unf,-1.0478669023226053,Unf,-0.2871575004618263,-0.44294638844467915,-1.9775020616364816,Gd,Sbrkr,-0.958001077254388,0.826683056935878,-0.11183896233236511,0.07300714311562456,0.20923762540902602,0.45511711201748645,Typ,Builtin,0.6950690471440925,0.4033288092841152,-0.2738819885843875,Ta,Ta,0.27270890449862556,0.4751082440820228,-0.37071052595830367,-0.10217939216911985,-0.2698934816491846,1.4476446831116785,-0.48685190517417704,0.8927965977552895,Wd,Normal,168500.0
85,-1.521533312874467,0.05886816201502109,Rl,2.8509852820471715,2.2096278725654264,Corner,Noridge,Norm,Norm,1fam,2story,1.5859514890295279,-0.5526946526296532,0.663548602998341,0.35360406184770604,Hip,Compshg,Hdboard,Hdboard,1.2505905297427886,Ta,Cblock,Unf,-1.0478669023226053,Unf,-0.2871575004618263,1.6984985263122379,0.7891531170277825,Ex,Sbrkr,0.6108753840139719,1.913412449990249,-0.11183896233236511,2.291943427097508,1.5081281986003237,1.842603444028091,Typ,Attchd,0.5291845273725081,0.4033288092841152,0.036447225508570484,Ta,Ta,0.33212843786502666,0.6407073146994854,-0.37071052595830367,-0.10217939216911985,-0.2698934816491846,-0.07638622508638289,-0.8552881231652357,-1.370011347245818,Wd,Normal,260000.0
86,-1.5191683171963546,0.05886816201502109,Rl,2.904700951491332,0.8930011732601895,Inside,Gilbert,Norm,Norm,1fam,2story,-0.014950053313711128,-0.5526946526296532,1.1251944908450477,0.9871257106214042,Gable,Compshg,Vinylsd,Vinylsd,-0.5718951461336651,Ta,Pconc,Unf,-1.0478669023226053,Unf,-0.2871575004618263,0.26771010981535964,-1.0593642811063053,Ex,Sbrkr,-1.3368042469771309,1.328625332651574,-0.11183896233236511,0.27537036731757786,0.20923762540902602,-0.23862605398781578,Typ,Builtin,1.1097803465730536,0.4033288092841152,-0.2738819885843875,Ta,Ta,0.10293880916605094,-0.08792859601734995,-0.37071052595830367,-0.10217939216911985,-0.2698934816491846,-0.07638622508638289,-1.2237243411562944,0.8927965977552895,Wd,Normal,174000.0
87,-1.5168033215182422,2.4008368366064192,Fv,-1.499983942929806,-1.6336016537575744,Corner,Somerst,Norm,Norm,Twnhse,2story,-0.014950053313711128,-0.5526946526296532,1.2570933159441067,1.182055448705619,Gable,Compshg,Vinylsd,Vinylsd,-0.08418771174419155,Ta,Pconc,Unf,-1.0478669023226053,Unf,-0.2871575004618263,0.09715255023295034,-1.2797173484335478,Ex,Sbrkr,-1.5640861488107765,0.6853595035790315,-0.11183896233236511,-0.5152580435179606,-1.0896529477822716,-1.6261123859984203,Typ,Detchd,1.275664866344638,0.4033288092841152,0.366797679220429,Ta,Ta,-0.7459116674968221,3.1578131880849165,-0.37071052595830367,-0.10217939216911985,-0.2698934816491846,-0.07638622508638289,-0.11841568718311837,0.8927965977552895,New,Partial,164500.0
88,-1.5144383258401297,-0.17532870544411872,C(all),1.991534570940608,-0.19921494831872072,Corner,Idotrr,Feedr,Feedr,1fam,1.5fin,-2.4163023668285697,-3.2738158351166446,-1.8425290738837812,-0.13372028336283104,Hip,Compshg,Plywood,Plywood,-0.5718951461336651,Fa,Cblock,Unf,-1.0478669023226053,Unf,-0.2871575004618263,1.0470634029072023,-0.052473181791545614,Ta,Sbrkr,-0.2982522233206109,-0.8058476456345897,11.924863595105471,0.19536630193541027,-1.0896529477822716,-0.23862605398781578,Typ,Attchd,0.07300209800065086,-2.368208730448975,-2.2760059504744388,Ta,Ta,-0.7459116674968221,-0.7172050643637078,2.242067479582852,-0.10217939216911985,-0.2698934816491846,-0.07638622508638289,1.3553291847811162,0.8927965977552895,Conld,Abnorml,85000.0
89,-1.5120733301620173,-0.8779193078215382,Rl,-0.42567055404660176,-0.3261799145005179,Inside,Collgcr,Norm,Norm,1fam,1story,-1.6158515956569501,-0.5526946526296532,0.7624727218226353,0.49980136541086717,Gable,Compshg,Vinylsd,Vinylsd,-0.5718951461336651,Ta,Pconc,Glq,0.43884284147030445,Unf,-0.2871575004618263,-0.4003069985490768,-0.12286374496552578,Ex,Sbrkr,-0.3708561641841366,-0.8058476456345897,-0.11183896233236511,-1.0658742582069962,0.20923762540902602,-0.9323692199931181,Typ,Attchd,0.07300209800065086,-2.368208730448975,-2.2760059504744388,Ta,Ta,-0.7459116674968221,-0.7172050643637078,-0.37071052595830367,-0.10217939216911985,-0.2698934816491846,-0.07638622508638289,0.6184567487989989,-0.6157420322454488,Wd,Normal,123600.0
91,-1.5073433388057924,-0.8779193078215382,Rl,0.9172211820574037,-0.18969257585508595,Inside,Names,Norm,Norm,1fam,1story,-0.8154008244853307,-2.366775440954314,-0.32569258524460193,-1.157101408304959,Hip,Compshg,Hdboard,Hdboard,0.730797079932955,Ta,Cblock,Rec,0.4691838566497516,Unf,-0.2871575004618263,0.15163621509955333,0.6269487758007847,Ta,Sbrkr,0.40253364066646335,-0.8058476456345897,-0.11183896233236511,-0.4893743753060828,-1.0896529477822716,-0.23862605398781578,Typ,Attchd,-0.7149493709143753,0.4033288092841152,0.1265428037936228,Ta,Ta,-0.7459116674968221,-0.7172050643637078,-0.37071052595830367,-0.10217939216911985,-0.2698934816491846,-0.07638622508638289,2.0922016207632335,-1.370011347245818,Wd,Abnorml,98600.0
92,-1.50497834312768,-0.6437224403623983,Rl,0.6486428348366026,1.3529317632537499,Inside,Crawfor,Norm,Norm,1fam,1story,-0.8154008244853307,1.2613861356950078,-1.6446808362351926,1.035858145142458,Gable,Compshg,Wdsdng,Wdsdng,-0.5718951461336651,Gd,Brktil,Alq,0.7548950829228788,Unf,-0.2871575004618263,-0.9664633421629077,-0.4717561015669927,Ex,Sbrkr,-0.4529301842907309,-0.8058476456345897,-0.11183896233236511,-1.127053837616889,-1.0896529477822716,-0.9323692199931181,Typ,Detchd,-2.3737945686302195,0.4033288092841152,-0.11371207163318338,Ta,Ta,-0.7459116674968221,-0.7172050643637078,0.36622686021997103,-0.10217939216911985,-0.2698934816491846,-0.07638622508638289,0.6184567487989989,0.8927965977552895,Wd,Normal,163500.0
93,-1.5026133474495675,3.103427438983839,C(all),-0.42567055404660176,-0.6023287159459267,Corner,Oldtown,Norm,Norm,2fmcon,2.5unf,-0.014950053313711128,0.35434574153267734,-2.007402605257605,0.6459986689740282,Hip,Compshg,Metalsd,Metalsd,-0.5718951461336651,Ta,Brktil,Rec,1.596858254152537,Unf,-0.2871575004618263,-0.9546190671919071,0.5626791311636724,Ex,Sbrkr,0.48145096769203477,1.7063003459328017,-0.11183896233236511,1.9954577730341807,1.5081281986003237,1.842603444028091,Typ,Detchd,-3.244688297431038,0.4033288092841152,0.25668086131647616,Ta,Ta,-0.7459116674968221,-0.7172050643637078,-0.37071052595830367,-0.10217939216911985,1.6322948434478246,-0.07638622508638289,1.723765402772175,-0.6157420322454488,Wd,Normal,133900.0
94,-1.500248351771455,0.05886816201502109,Rl,0.057770470950840196,0.07598161588032465,Inside,Collgcr,Norm,Norm,1fam,2story,-0.014950053313711128,-0.5526946526296532,0.8613968406469296,0.5972662344529746,Gable,Compshg,Vinylsd,Vinylsd,-0.5718951461336651,Gd,Pconc,Glq,0.5905479173675402,Unf,-0.2871575004618263,-0.9356682272383061,-0.6308999835255565,Ex,Sbrkr,-0.6391750760710795,1.3408083975961298,-0.11183896233236511,0.8071620960343387,0.20923762540902602,0.45511711201748645,Typ,Attchd,0.7780113070298847,0.4033288092841152,1.1476260243575491,Ta,Ta,-0.7459116674968221,1.965499879639186,-0.37071052595830367,-0.10217939216911985,-0.2698934816491846,-0.07638622508638289,-0.48685190517417704,-0.6157420322454488,Wd,Normal,204750.0
95,-1.4978833560933427,0.05886816201502109,Rl,0.057770470950840196,0.21183412969484763,Corner,Gilbert,Norm,Norm,1fam,2story,-0.014950053313711128,2.168426529857338,0.7294980155478705,0.40233649636875973,Gable,Compshg,Vinylsd,Vinylsd,-0.1355253364167677,Gd,Pconc,Alq,-0.26405734352022087,Unf,-0.2871575004618263,-0.476110358363481,-1.0716061181800411,Gd,Sbrkr,-1.3494310193012222,1.1190766156052154,-0.11183896233236511,0.0635949001294872,0.20923762540902602,-0.23862605398781578,Typ,Builtin,0.6121267872583003,0.4033288092841152,-0.17377579048988492,Ta,Ta,1.2234214383610433,0.3260690805263065,-0.37071052595830367,-0.10217939216911985,-0.2698934816491846,0.9686635405351449,-0.8552881231652357,0.8927965977552895,Wd,Normal,185000.0
96,-1.4955183604152302,-0.8779193078215382,Rl,0.5412114959482822,0.3702229250066396,Inside,Collgcr,Norm,Norm,1fam,1story,0.7855007178579084,-0.5526946526296532,0.9273462531964591,0.6947311034950819,Gable,Compshg,Vinylsd,Vinylsd,0.6024530182515145,Ta,Pconc,Alq,1.890154734220526,Unf,-0.2871575004618263,-0.3434544786882737,1.7072908975579586,Ex,Sbrkr,1.516846298267532,-0.8058476456345897,-0.11183896233236511,0.3412560682205394,0.20923762540902602,-0.23862605398781578,Typ,Attchd,0.8609535669156769,0.4033288092841152,0.08650032455582177,Ta,Ta,0.5952720856305174,-0.2369677595730663,-0.37071052595830367,-0.10217939216911985,-0.2698934816491846,-0.07638622508638289,0.6184567487989989,-1.370011347245818,Wd,Normal,214000.0
97,-1.4931533647371178,-0.8779193078215382,Rl,0.27263314872748107,0.5787628819602415,Inside,Edwards,Norm,Norm,1fam,1story,-1.6158515956569501,-0.5526946526296532,-0.1937937601455429,-0.962171670220744,Hip,Compshg,Hdboard,Hdboard,-0.2638693980982081,Ta,Cblock,Rec,0.266910422120104,Unf,-0.2871575004618263,-0.3102905087694719,-0.2146775230185434,Ta,Fusef,-0.4655569566148223,-0.8058476456345897,-0.11183896233236511,-1.1364660806030265,0.20923762540902602,-0.23862605398781578,Typ,Attchd,-0.5490648511427908,-0.9824399605824299,-0.11371207163318338,Ta,Ta,0.27270890449862556,-0.7172050643637078,-0.37071052595830367,-0.10217939216911985,-0.2698934816491846,-0.07638622508638289,-0.48685190517417704,-0.6157420322454488,Wd,Normal,94750.0
98,-1.4907883690590054,-0.6437224403623983,Rl,0.9172211820574037,0.48480880698571155,Corner,Edwards,Norm,Norm,1fam,1story,-0.8154008244853307,-0.5526946526296532,-1.6776555425099573,-1.6931581880365496,Gable,Compshg,Wdsdng,Wdsdng,-0.5718951461336651,Ta,Brktil,Alq,-0.774797765707581,Unf,-0.2871575004618263,-0.5234874582474836,-1.7510280757723715,Fa,Sbrkr,-0.8601435917426794,-0.8058476456345897,-0.11183896233236511,-1.430598673919819,-1.0896529477822716,-0.9323692199931181,Typ,Basment,-2.4152656985731156,-0.9824399605824299,-0.44406252534504187,Fa,Ta,-0.7459116674968221,-0.7172050643637078,0.918929899853677,-0.10217939216911985,-0.2698934816491846,0.7944885795982236,-0.48685190517417704,1.6470659127556586,Cod,Abnorml,83000.0
99,-1.4884233733808927,-0.8779193078215382,Rl,0.48749582650412193,0.07058560481759828,Inside,Names,Norm,Norm,1fam,1story,-1.6158515956569501,-0.5526946526296532,-0.3916419977941315,-1.2545662773470663,Gable,Compshg,Plywood,Plywood,-0.5718951461336651,Ta,Cblock,Alq,0.3908029007695132,Unf,-0.2871575004618263,-0.4500529534272795,-0.2452821157028826,Fa,Sbrkr,0.37096670985623476,-0.8058476456345897,-0.11183896233236511,-0.5129049827714263,0.20923762540902602,-0.23862605398781578,Typ,Attchd,0.07300209800065086,-2.368208730448975,-2.2760059504744388,Ta,Ta,2.2420420103564913,-0.7172050643637078,-0.37071052595830367,-0.10217939216911985,-0.2698934816491846,0.7944885795982236,-1.9605967771384116,1.6470659127556586,Wd,Normal,128950.0
100,-1.4860583777027803,-0.8779193078215382,Rl,0.057770470950840196,0.4778257338457127,Inside,Nwames,Norm,Norm,1fam,1story,-0.014950053313711128,1.2613861356950078,0.20190271515163427,0.7921959725371894,Gable,Compshg,Plywood,Plywood,-0.3922134597796485,Ta,Pconc,Alq,1.9862346156221087,Unf,-0.2871575004618263,-0.3813561585954758,1.7746210014635049,Gd,Sbrkr,1.5862935460500347,-0.8058476456345897,-0.11183896233236511,0.39302340464429486,0.20923762540902602,-0.23862605398781578,Typ,Attchd,-0.05141129182803748,0.4033288092841152,0.1265428037936228,Ta,Ta,0.6801571332968046,0.4088686158350378,-0.37071052595830367,-0.10217939216911985,-0.2698934816491846,-0.07638622508638289,-1.592160559147353,1.6470659127556586,Wd,Normal,205000.0
101,-1.4836933820246678,0.05886816201502109,Rl,0.48749582650412193,0.03440058945578608,Inside,Sawyerw,Norm,Norm,1fam,2story,-0.014950053313711128,-0.5526946526296532,0.4657003653497524,0.01247702020033009,Gable,Compshg,Hdboard,Hdboard,1.5842850901145336,Ta,Cblock,Unf,-1.0478669023226053,Unf,-0.2871575004618263,0.40273484448476704,-0.8849181028055719,Ta,Sbrkr,-0.4118931742374337,1.0337951609933254,-0.11183896233236511,0.6800968157214844,0.20923762540902602,0.45511711201748645,Typ,Attchd,0.2803577477151314,0.4033288092841152,0.10652156417472228,Ta,Ta,0.8838812476958942,0.0445506604766201,-0.37071052595830367,-0.10217939216911985,-0.2698934816491846,-0.07638622508638289,-0.11841568718311837,1.6470659127556586,Wd,Normal,178000.0
103,-1.478963390668443,-0.8779193078215382,Rl,1.4006622070548456,0.41402583833935963,Corner,Collgcr,Norm,Norm,1fam,1story,0.7855007178579084,-0.5526946526296532,1.2570933159441067,1.182055448705619,Gable,Compshg,Vinylsd,Vinylsd,-0.5718951461336651,Ta,Pconc,Unf,-1.0478669023226053,Unf,-0.2871575004618263,1.55162951667183,0.5994046423848794,Ex,Sbrkr,0.37412340293725765,-0.8058476456345897,-0.11183896233236511,-0.5105519220248919,0.20923762540902602,-0.23862605398781578,Typ,Attchd,1.275664866344638,1.7890975791506603,1.4279233790221562,Ta,Ta,-0.7459116674968221,-0.12104841014084247,-0.37071052595830367,-0.10217939216911985,-0.2698934816491846,-0.07638622508638289,-0.48685190517417704,1.6470659127556586,Wd,Normal,198900.0
104,-1.4765983949903305,-0.17532870544411872,Rm,0.057770470950840196,-0.4252125881223197,Corner,Idotrr,Norm,Norm,1fam,1.5fin,0.7855007178579084,-1.4597350467919836,-1.3149337734875448,-1.6931581880365496,Gable,Compshg,Stucco,Stucco,3.2784267043095467,Fa,Pconc,Lwq,-0.481501285639592,Unf,-0.2871575004618263,0.5803989690497767,0.030159218456170235,Ex,Fusef,0.37412340293725765,0.6366272438008086,-0.11183896233236511,0.8824600399234377,1.5081281986003237,0.45511711201748645,Typ,Detchd,-1.1296606703433363,-0.9824399605824299,-1.0747315733404081,Ta,Ta,-0.7459116674968221,-0.7172050643637078,-0.37071052595830367,-0.10217939216911985,3.265486839743237,-0.07638622508638289,-0.11841568718311837,-0.6157420322454488,Wd,Normal,169500.0
105,-1.474233399312218,0.05886816201502109,Fv,0.3800644876158015,0.08804328766759538,Inside,Somerst,Norm,Norm,1fam,2story,1.5859514890295279,-0.5526946526296532,1.059245078295518,0.9383932761003505,Hip,Compshg,Vinylsd,Vinylsd,4.356516822433647,Ta,Pconc,Unf,-1.0478669023226053,Unf,-0.2871575004618263,1.1418176026752074,0.0699451889458112,Ex,Sbrkr,-0.17198450007969662,1.4821319509529762,-0.11183896233236511,1.2918926098204129,0.20923762540902602,1.842603444028091,Typ,Attchd,1.0268380866872613,0.4033288092841152,0.9674348677874444,Ta,Ta,0.44247899983120015,0.027990753414873847,-0.37071052595830367,-0.10217939216911985,-0.2698934816491846,-0.07638622508638289,0.6184567487989989,0.1385272827549204,Wd,Normal,250000.0
106,-1.4718684036341056,-0.6437224403623983,Rm,-0.42567055404660176,0.5403559796902478,Inside,Oldtown,Norm,Norm,1fam,1story,-1.6158515956569501,1.2613861356950078,-2.831770262126724,0.49980136541086717,Mansard,Compshg,Vinylsd,Vinylsd,-0.5718951461336651,Ta,Brktil,Unf,-1.0478669023226053,Unf,-0.2871575004618263,0.1658493450647541,-1.190964029648964,Gd,Sbrkr,-0.19092465856583377,-0.8058476456345897,-0.11183896233236511,-0.9317497956545389,-1.0896529477822716,-0.23862605398781578,Typ,Detchd,-1.005247280514648,-0.9824399605824299,-0.9095563464844788,Fa,Fa,-0.7459116674968221,-0.7172050643637078,-0.37071052595830367,-0.10217939216911985,-0.2698934816491846,0.9033479301837994,0.6184567487989989,-0.6157420322454488,Wd,Normal,100000.0
107,-1.4695034079559932,-0.8779193078215382,Rm,-0.962827248488204,-0.9832236144913183,Inside,Oldtown,Norm,Norm,1fam,1story,-0.8154008244853307,-0.5526946526296532,-0.7543637668165439,-1.6931581880365496,Gable,Compshg,Vinylsd,Vinylsd,-0.5718951461336651,Ta,Cblock,Alq,-0.7849114374340633,Blq,0.797977854653934,-0.13025752921026207,-0.7380160579207438,Ex,Sbrkr,-1.0053514734697309,-0.8058476456345897,-0.11183896233236511,-1.5388394682603987,-1.0896529477822716,-0.9323692199931181,Typ,Detchd,-1.2540740601720246,-0.9824399605824299,-1.0246784742931567,Ta,Ta,-0.7459116674968221,-0.7172050643637078,-0.37071052595830367,-0.10217939216911985,-0.2698934816491846,-0.07638622508638289,-0.8552881231652357,0.1385272827549204,Wd,Partial,115000.0
108,-1.4671384122778808,-0.17532870544411872,Rm,0.9172211820574037,-0.18969257585508595,Corner,Idotrr,Artery,Norm,1fam,1.5fin,-0.8154008244853307,1.2613861356950078,-1.710630248784722,0.9871257106214042,Gable,Compshg,Cemntbd,Cmentbd,-0.5718951461336651,Ta,Cblock,Unf,-1.0478669023226053,Unf,-0.2871575004618263,0.5259153041831738,-0.7257742208470082,Ta,Fusef,-0.3487593126169766,0.46119110859920615,-0.11183896233236511,0.1741887552166012,0.20923762540902602,0.45511711201748645,Typ,Attchd,0.07300209800065086,-2.368208730448975,-2.2760059504744388,Ta,Ta,-0.7459116674968221,-0.7172050643637078,2.0410845560796864,-0.10217939216911985,-0.2698934816491846,-0.07638622508638289,0.6184567487989989,-0.6157420322454488,Wd,Normal,115000.0
109,-1.4647734165997683,-0.8779193078215382,Rl,1.991534570940608,0.8422151867874706,Inside,Nwames,Norm,Norm,1fam,1story,-0.014950053313711128,0.35434574153267734,0.20190271515163427,-0.37738245596809955,Hip,Compshg,Plywood,Plywood,2.5083623342209043,Ta,Cblock,Blq,0.734667739469914,Unf,-0.2871575004618263,1.3455391321764185,2.4907684702770423,Ex,Sbrkr,2.324959727009383,-0.8058476456345897,-0.11183896233236511,0.9436396193333305,0.20923762540902602,0.45511711201748645,Typ,Attchd,-0.05141129182803748,0.4033288092841152,0.45689325750548127,Ta,Ta,-0.7459116674968221,1.3031035971693359,-0.37071052595830367,-0.10217939216911985,-0.2698934816491846,-0.07638622508638289,-1.9605967771384116,1.6470659127556586,Cod,Normal,190000.0
110,-1.462408420921656,-0.17532870544411872,Rl,0.3800644876158015,0.13565514998576933,Inside,Edwards,Norm,Norm,1fam,1.5fin,-0.014950053313711128,-1.4597350467919836,-0.5565155291679553,-0.6210446285733681,Gable,Compshg,Wdsdng,Wdsdng,-0.5718951461336651,Ta,Cblock,Rec,0.07475065931693883,Unf,-0.2871575004618263,-0.049716459407457676,-0.1106219078917901,Gd,Sbrkr,0.34255647212702905,0.7511480542796325,-0.11183896233236511,0.9695232875452083,1.5081281986003237,0.45511711201748645,Typ,Attchd,-1.005247280514648,-0.9824399605824299,-0.6492802314387721,Ta,Ta,0.7989962000296068,-0.7172050643637078,-0.37071052595830367,-0.10217939216911985,-0.2698934816491846,-0.07638622508638289,1.3553291847811162,-1.370011347245818,Wd,Normal,136900.0
111,-1.4600434252435435,0.5272618969333007,Rl,0.057770470950840196,-0.42775188744595566,Inside,Gilbert,Norm,Norm,1fam,Slvl,0.7855007178579084,-0.5526946526296532,0.9603209594712239,0.7434635380161356,Gable,Compshg,Vinylsd,Vinylsd,-0.5718951461336651,Ta,Pconc,Glq,-0.41576241941745656,Unf,-0.2871575004618263,-1.0351601369947114,-1.9775020616364816,Ex,Sbrkr,-1.0527018696850736,0.792570475091122,-0.11183896233236511,-0.030527529731886424,0.20923762540902602,0.45511711201748645,Typ,Builtin,0.9024246968585731,0.4033288092841152,-0.2738819885843875,Ta,Ta,0.7820191904963494,-0.7172050643637078,-0.37071052595830367,-0.10217939216911985,-0.2698934816491846,-0.07638622508638289,-0.8552881231652357,1.6470659127556586,Wd,Normal,180000.0
114,-1.4529484382092062,0.2930650294741609,Rl,-0.3719548846024416,-0.5836013834341117,Inside,Crawfor,Norm,Norm,1fam,2story,-0.014950053313711128,2.168426529857338,-0.8532878856408382,0.8409284070582431,Gambrel,Compshg,Wdsdng,Wdsdng,-0.5718951461336651,Ta,Cblock,Alq,0.9091285767517351,Lwq,0.675980388694174,-1.1062257868207155,-0.006566292765036811,Ex,Sbrkr,1.0370289499520575,1.3481182365628632,-0.11183896233236511,2.0636965346836766,0.20923762540902602,1.842603444028091,Typ,Detchd,-1.378487450000713,-0.9824399605824299,-1.3750501676239157,Ta,Ta,1.1555134002280136,-0.7172050643637078,-0.37071052595830367,-0.10217939216911985,-0.2698934816491846,-0.07638622508638289,0.2500205308079403,-0.6157420322454488,Wd,Normal,259500.0
115,-1.4505834425310937,2.4008368366064192,Fv,-1.8222779595947676,-1.8624560053002637,Corner,Somerst,Norm,Norm,Twnhse,2story,-0.014950053313711128,-0.5526946526296532,0.9273462531964591,0.6947311034950819,Gable,Compshg,Metalsd,Metalsd,6.673127135783646,Ta,Pconc,Glq,0.011540211026423964,Unf,-0.2871575004618263,-0.6182416580154887,-0.921643614026779,Gd,Sbrkr,-1.1947530583311023,0.9704432232816356,-0.11183896233236511,0.03535817117107511,-1.0896529477822716,-0.9323692199931181,Typ,Detchd,0.8609535669156769,0.4033288092841152,-0.07366959239538234,Ta,Ta,-0.7459116674968221,-0.1872880383878275,-0.37071052595830367,-0.10217939216911985,-0.2698934816491846,-0.07638622508638289,-0.11841568718311837,-0.6157420322454488,Wd,Normal,176000.0
116,-1.4482184468529813,-0.8779193078215382,Rl,0.057770470950840196,0.799364510701114,Inside,Sawyer,Norm,Norm,1fam,1story,-0.8154008244853307,-0.5526946526296532,-0.2927178789698372,-1.108368973783905,Gable,Compshg,Wdsdng,Wdsdng,0.17250041161868926,Ta,Cblock,Lwq,-0.6180358539471041,Blq,4.014858404434975,-0.7556352476790963,0.18930310041473408,Ta,Sbrkr,-0.04887346991980519,-0.8058476456345897,-0.11183896233236511,-0.8258620620604935,0.20923762540902602,-0.23862605398781578,Typ,Attchd,-0.6734782409714791,-0.9824399605824299,-0.8344766979136019,Ta,Ta,-0.7459116674968221,-0.3860069231287826,2.0410845560796864,-0.10217939216911985,-0.2698934816491846,-0.07638622508638289,0.9868929667900576,0.8927965977552895,Wd,Normal,139000.0
117,-1.4458534511748689,-0.8779193078215382,Rl,0.3263488181716413,-0.1782657288987242,Corner,Edwards,Norm,Norm,1fam,1story,-0.8154008244853307,-0.5526946526296532,1.1581691971198125,1.0845905796635116,Gable,Compshg,Vinylsd,Vinylsd,-0.5718951461336651,Ta,Pconc,Unf,-1.0478669023226053,Unf,-0.2871575004618263,1.3123751622576167,0.29029825627305345,Gd,Sbrkr,0.05529740175394909,-0.8058476456345897,-0.11183896233236511,-0.7482110574248603,-1.0896529477822716,-0.9323692199931181,Typ,Attchd,1.1927226064588459,0.4033288092841152,-0.12372269144263363,Ta,Ta,-0.06683128616652366,0.34262898758805277,-0.37071052595830367,-0.10217939216911985,-0.2698934816491846,-0.07638622508638289,-0.8552881231652357,-0.6157420322454488,New,Partial,155000.0
119,-1.441123459818644,0.05886816201502109,Rl,-0.1570922068258007,-0.20207166005781116,Inside,Collgcr,Norm,Norm,1fam,2story,-0.014950053313711128,-0.5526946526296532,1.1251944908450477,1.035858145142458,Gable,Compshg,Vinylsd,Vinylsd,-0.5718951461336651,Ta,Pconc,Unf,-1.0478669023226053,Unf,-0.2871575004618263,0.37193972956016536,-0.924704073295213,Ex,Sbrkr,-1.197909751412125,0.9680066102927245,-0.11183896233236511,0.03065204967800643,0.20923762540902602,1.1488602780227886,Typ,Attchd,1.1097803465730536,0.4033288092841152,-0.3239350876316388,Ta,Ta,-0.7459116674968221,-0.31976729488179756,-0.37071052595830367,-0.10217939216911985,-0.2698934816491846,-0.07638622508638289,0.2500205308079403,-1.370011347245818,New,Partial,163990.0
121,-1.436393468462419,-0.17532870544411872,Rm,-0.962827248488204,-0.9641788695640487,Inside,Idotrr,Norm,Norm,1fam,1.5fin,-1.6158515956569501,-0.5526946526296532,-1.0511361232894267,-1.6931581880365496,Gable,Compshg,Asbshng,Asbshng,-0.5718951461336651,Ta,Pconc,Unf,-1.0478669023226053,Unf,-0.2871575004618263,0.38141514953696587,-0.9124622362214773,Gd,Sbrkr,-1.0590152558471193,0.049403513473222506,-0.11183896233236511,-0.752917178917929,0.20923762540902602,-1.6261123859984203,Typ,Detchd,0.031530968057754745,-0.9824399605824299,-0.954604135627005,Ta,Ta,-0.7459116674968221,-0.7172050643637078,1.9740902482452976,-0.10217939216911985,-0.2698934816491846,-0.07638622508638289,-0.11841568718311837,-0.6157420322454488,Wd,Normal,100000.0
122,-1.4340284727843067,-0.8779193078215382,Rl,0.3800644876158015,0.11629299264304525,Corner,Names,Norm,Norm,1fam,1story,-0.014950053313711128,1.2613861356950078,-0.42461670406889623,-1.3032987118681199,Hip,Compshg,Metalsd,Metalsd,0.29442727021605763,Gd,Cblock,Blq,0.39333131870113375,Unf,-0.2871575004618263,-0.14447065917546287,0.15257758919352704,Gd,Sbrkr,-0.08675378689207948,-0.8058476456345897,-0.11183896233236511,-0.8540987910189056,0.20923762540902602,-0.9323692199931181,Typ,Attchd,-0.8393627607430636,-0.9824399605824299,-0.8344766979136019,Ta,Ta,-0.7459116674968221,-0.7172050643637078,-0.37071052595830367,-0.10217939216911985,2.227929571508504,-0.07638622508638289,-0.11841568718311837,0.1385272827549204,Wd,Normal,136000.0
123,-1.4316634771061942,1.46404936676986,Rl,-0.6942489012674029,-0.38267932445141767,Inside,Sawyerw,Norm,Norm,Twnhse,1story,-0.014950053313711128,-0.5526946526296532,0.7294980155478705,0.40233649636875973,Gable,Compshg,Plywood,Plywood,-0.5718951461336651,Ta,Pconc,Glq,-0.28934152283642683,Unf,-0.2871575004618263,0.7770139335683874,0.5167722421371636,Ex,Sbrkr,0.2888926897496405,-0.8058476456345897,-0.11183896233236511,-0.5740845621813191,-1.0896529477822716,-0.9323692199931181,Typ,Attchd,0.6121267872583003,0.4033288092841152,0.3768082990298792,Ta,Ta,-0.7459116674968221,0.3260690805263065,-0.37071052595830367,-0.10217939216911985,-0.2698934816491846,-0.07638622508638289,-1.2237243411562944,0.1385272827549204,Wd,Normal,153900.0
124,-1.4292984814280818,-0.8779193078215382,Rl,-1.0702585873765245,2.521961689372647,Culdsac,Nwames,Norm,Norm,1fam,1story,-0.014950053313711128,-0.5526946526296532,0.2678521277011638,0.6459986689740282,Gable,Compshg,Hdboard,Hdboard,-0.5718951461336651,Gd,Cblock,Unf,-1.0478669023226053,Unf,-0.2871575004618263,1.8737937958830475,1.0156271028918926,Ta,Sbrkr,1.510532912105486,-0.8058476456345897,-0.11183896233236511,0.3365499467274707,0.20923762540902602,0.45511711201748645,Typ,Attchd,0.031530968057754745,0.4033288092841152,-0.098696141919008,Ta,Ta,0.8838812476958942,-0.7172050643637078,-0.37071052595830367,-0.10217939216911985,-0.2698934816491846,-0.07638622508638289,-1.9605967771384116,0.8927965977552895,Wd,Normal,181000.0
125,-1.4269334857499694,3.103427438983839,Rm,-0.42567055404660176,-0.7356419304368138,Inside,Idotrr,Norm,Norm,2fmcon,1.5fin,-0.014950053313711128,2.168426529857338,-1.1830349483884859,-0.13372028336283104,Gable,Compshg,Wdsdng,Wdsdng,-0.5718951461336651,Fa,Cblock,Glq,0.1910578841714862,Unf,-0.2871575004618263,-1.281521056391525,-1.5612796011294683,Gd,Sbrkr,-1.8545019122648794,-0.8058476456345897,5.378586765621736,-1.6211965943891007,-1.0896529477822716,-0.9323692199931181,Typ,Attchd,0.07300209800065086,-2.368208730448975,-2.2760059504744388,Ta,Ta,-0.29602091486549936,-0.7172050643637078,-0.37071052595830367,-0.10217939216911985,-0.2698934816491846,-0.07638622508638289,-0.11841568718311837,-1.370011347245818,Wd,Normal,84500.0
126,-1.424568490071857,1.46404936676986,Rl,0.057770470950840196,-1.3234897238585348,Inside,Npkvill,Norm,Norm,Twnhse,1story,-0.014950053313711128,-0.5526946526296532,0.1689280088768695,-0.42611489048915324,Gable,Compshg,Plywood,Plywood,-0.5718951461336651,Ta,Cblock,Alq,-0.7444567505281339,Unf,-0.2871575004618263,0.9167763782261951,0.1464566706566592,Ta,Sbrkr,-0.471870342776868,-0.8058476456345897,-0.11183896233236511,-1.141172202096095,-1.0896529477822716,-0.9323692199931181,Typ,Attchd,-0.05141129182803748,0.4033288092841152,-0.07366959239538234,Ta,Ta,-0.7459116674968221,2.677575883294275,-0.37071052595830367,-0.10217939216911985,-0.2698934816491846,-0.07638622508638289,-1.592160559147353,-0.6157420322454488,Wd,Normal,128000.0
127,-1.4222034943937445,-0.2924271391736886,Rm,-0.6942489012674029,-1.4948924282039608,Inside,Oldtown,Feedr,Norm,1fam,1.5unf,-0.8154008244853307,1.2613861356950078,-1.3479084797623098,-1.6931581880365496,Gable,Compshg,Wdshing,Wdsdng,-0.5718951461336651,Gd,Brktil,Lwq,-0.7545704222546162,Unf,-0.2871575004618263,-0.035503329442256905,-1.0960897923275126,Ex,Sbrkr,-0.8443601263375652,-0.8058476456345897,-0.11183896233236511,-1.4188333701871474,0.20923762540902602,-0.9323692199931181,Typ,Attchd,0.07300209800065086,-2.368208730448975,-2.2760059504744388,Ta,Ta,-0.7459116674968221,-0.7172050643637078,-0.37071052595830367,-0.10217939216911985,-0.2698934816491846,-0.07638622508638289,-0.11841568718311837,-0.6157420322454488,Wd,Normal,87000.0
128,-1.419838498715632,0.05886816201502109,Rl,0.057770470950840196,-0.47853787391867453,Inside,Names,Posn,Norm,1fam,2story,-0.014950053313711128,-0.5526946526296532,-0.16081905387077813,-0.9134392356996903,Gable,Compshg,Vinylsd,Vinylsd,1.1350808742294922,Ta,Cblock,Blq,0.24668307866713926,Unf,-0.2871575004618263,-1.0019961670759097,-1.1328153035487196,Ta,Sbrkr,-1.4125648809216793,0.8705420907362786,-0.11183896233236511,-0.22347851094770235,0.20923762540902602,-0.23862605398781578,Typ,Attchd,-0.5075937211998947,0.4033288092841152,-0.008600563633955676,Ta,Ta,0.8499272286293792,1.0712648983048882,-0.37071052595830367,-0.10217939216911985,-0.2698934816491846,-0.07638622508638289,0.2500205308079403,-1.370011347245818,Wd,Normal,155000.0
129,-1.4174735030375196,-0.8779193078215382,Rl,0.057770470950840196,-0.03955650334511078,Inside,Names,Norm,Norm,1fam,1story,-0.8154008244853307,1.2613861356950078,-0.42461670406889623,0.30487162732665235,Gable,Compshg,Plywood,Plywood,-0.026432883987543367,Ta,Cblock,Rec,0.385746064906272,Blq,-0.10737176115270626,-0.3742495936128754,-0.06777547813371522,Ta,Fusea,-0.17198450007969662,-0.8058476456345897,-0.11183896233236511,-0.9176314311753327,0.20923762540902602,-0.23862605398781578,Typ,2types,0.8194824369727808,0.4033288092841152,1.4779764780694076,Ta,Ta,-0.7459116674968221,0.6075875005759929,-0.37071052595830367,6.516160963114393,-0.2698934816491846,-0.07638622508638289,0.2500205308079403,-1.370011347245818,Wd,Abnorml,150000.0
130,-1.4151085073594072,0.05886816201502109,Rl,1.0783681903898843,1.6195581922355238,Corner,Names,Norm,Norm,1fam,2story,0.7855007178579084,0.35434574153267734,-0.16081905387077813,-0.9134392356996903,Gable,Compshg,Metalsd,Metalsd,1.411020606844589,Ta,Cblock,Rec,0.07727907724855942,Unf,-0.2871575004618263,-0.21790516399566687,-0.32485405668216455,Ex,Sbrkr,0.34255647212702905,1.4870051769307986,-0.11183896233236511,1.6801476329985792,1.5081281986003237,1.1488602780227886,Typ,Attchd,-0.5075937211998947,0.4033288092841152,0.1615799731266987,Ta,Ta,0.1453813329991946,0.3757488017115453,-0.37071052595830367,-0.10217939216911985,-0.2698934816491846,-0.07638622508638289,-0.48685190517417704,-1.370011347245818,Wd,Normal,226000.0
131,-1.4127435116812948,0.05886816201502109,Rl,0.057770470950840196,0.9923512592974458,Corner,Gilbert,Norm,Norm,1fam,2story,-0.014950053313711128,-0.5526946526296532,0.9603209594712239,0.7434635380161356,Gable,Compshg,Vinylsd,Vinylsd,-0.3152070227707843,Ta,Pconc,Glq,0.7093835601537081,Unf,-0.2871575004618263,-0.6490367729400904,-0.11674282642865795,Ex,Sbrkr,-0.26984198559140515,1.7087369589217127,-0.11183896233236511,1.4377823761055422,0.20923762540902602,0.45511711201748645,Typ,Builtin,0.9024246968585731,0.4033288092841152,-0.3239350876316388,Ta,Ta,-0.5421875530977326,0.07767047460011262,-0.37071052595830367,-0.10217939216911985,-0.2698934816491846,-0.07638622508638289,0.2500205308079403,0.8927965977552895,Wd,Normal,244000.0
132,-1.4103785160031823,-0.8779193078215382,Rl,0.3800644876158015,-0.5426551818404821,Corner,Names,Norm,Norm,1fam,1story,-0.8154008244853307,0.35434574153267734,-0.3916419977941315,0.8409284070582431,Gable,Compshg,Metalsd,Metalsd,-0.5718951461336651,Ta,Cblock,Rec,-0.023857640016264364,Unf,-0.2871575004618263,0.2061198799661563,0.10054978163015041,Gd,Sbrkr,0.6929494041205662,-0.8058476456345897,-0.11183896233236511,-0.2728927866249235,0.20923762540902602,0.45511711201748645,Typ,Detchd,-0.1758246816567258,0.4033288092841152,0.8473074300740413,Ta,Ta,-0.7459116674968221,-0.7172050643637078,-0.37071052595830367,-0.10217939216911985,-0.2698934816491846,-0.07638622508638289,0.2500205308079403,-0.6157420322454488,Wd,Normal,150750.0
133,-1.4080135203250699,-0.8779193078215382,Rl,0.057770470950840196,-0.7124708241086358,Inside,Timber,Norm,Norm,1fam,1story,1.5859514890295279,-0.5526946526296532,0.9932956657459886,0.8409284070582431,Gable,Compshg,Vinylsd,Vinylsd,0.30084447330012964,Ta,Pconc,Glq,1.4931931189560925,Unf,-0.2871575004618263,-0.731946697737095,0.7248834723906702,Ex,Sbrkr,0.5950919186088576,-0.8058476456345897,-0.11183896233236511,-0.34583766976748803,-1.0896529477822716,-0.23862605398781578,Typ,Attchd,0.9438958268014691,0.4033288092841152,0.08149501465109664,Ta,Ta,0.8838812476958942,-0.3032073878200513,-0.37071052595830367,-0.10217939216911985,-0.2698934816491846,-0.07638622508638289,-0.11841568718311837,0.8927965977552895,Wd,Normal,220000.0
134,-1.4056485246469574,-0.8779193078215382,Rl,0.5412114959482822,0.3927592065039086,Inside,Sawyer,Norm,Norm,1fam,1story,-0.8154008244853307,0.35434574153267734,-0.0948696413212486,0.40233649636875973,Gable,Compshg,Plywood,Plywood,-0.5718951461336651,Ta,Cblock,Rec,0.39333131870113375,Unf,-0.2871575004618263,0.7580630936147864,1.3186125704668508,Gd,Sbrkr,1.9366864780435717,-0.8058476456345897,-0.11183896233236511,0.6542131475096067,0.20923762540902602,0.45511711201748645,Min1,Attchd,-0.4246514613141025,0.4033288092841152,-0.07366959239538234,Ta,Ta,-0.7459116674968221,0.872546013563933,2.644033326589184,-0.10217939216911985,-0.2698934816491846,-0.07638622508638289,0.2500205308079403,-1.370011347245818,Wd,Normal,180000.0
135,-1.403283528968845,-0.8779193078215382,Rl,0.6486428348366026,0.41339101350845064,Inside,Nwames,Norm,Norm,1fam,1story,0.7855007178579084,0.35434574153267734,-0.02892022877171907,-0.7185094976154754,Hip,Compshg,Plywood,Plywood,1.2762593420790767,Ta,Pconc,Unf,-1.0478669023226053,Unf,-0.2871575004618263,1.73640020621944,0.8381204653227252,Gd,Sbrkr,1.8135754478836803,-0.8058476456345897,-0.11183896233236511,0.5624437783947673,0.20923762540902602,0.45511711201748645,Typ,Attchd,-0.34170920142831024,0.4033288092841152,0.3768082990298792,Ta,Ta,0.08596179963279349,-0.7172050643637078,-0.37071052595830367,-0.10217939216911985,-0.2698934816491846,-0.07638622508638289,-0.48685190517417704,0.1385272827549204,Wd,Normal,174000.0
136,-1.4009185332907326,-0.8779193078215382,Rl,0.057770470950840196,0.3991074548129985,Corner,Names,Norm,Norm,1fam,1story,-0.8154008244853307,-0.5526946526296532,-0.12784434759601337,-0.8647068011786366,Gable,Compshg,Metalsd,Metalsd,0.6858766583444509,Ta,Cblock,Blq,0.7093835601537081,Unf,-0.2871575004618263,-0.1231509642276617,0.5626791311636724,Ta,Sbrkr,0.33624308596498337,-0.8058476456345897,-0.11183896233236511,-0.538788650983304,0.20923762540902602,-0.9323692199931181,Typ,Attchd,-0.46612259125699856,-0.9824399605824299,-0.684317400771848,Ta,Ta,-0.7459116674968221,1.120944619490127,-0.37071052595830367,-0.10217939216911985,-0.2698934816491846,-0.07638622508638289,0.2500205308079403,-0.6157420322454488,Wd,Normal,143000.0
137,-1.3985535376126201,0.7614587643924405,Rl,0.756074173724923,0.626057331862961,Inside,Mitchel,Norm,Norm,Duplex,1story,0.7855007178579084,-0.5526946526296532,0.5646244841740466,0.2074067582845449,Gable,Compshg,Vinylsd,Vinylsd,-0.12269093024862367,Ta,Cblock,Unf,-1.0478669023226053,Unf,-0.2871575004618263,3.164819767722118,2.6835774041883793,Gd,Sbrkr,2.687979431327012,-0.8058476456345897,-0.11183896233236511,1.2142416051847797,2.8070187717916215,1.842603444028091,Typ,2types,0.44624226748671586,1.7890975791506603,1.5580614365450096,Ta,Ta,-0.7459116674968221,-0.7172050643637078,-0.37071052595830367,-0.10217939216911985,-0.2698934816491846,-0.07638622508638289,0.2500205308079403,-1.370011347245818,Wd,Family,171000.0
138,-1.3961885419345077,0.05886816201502109,Rl,0.27263314872748107,-0.010037148707842935,Inside,Collgcr,Norm,Norm,1fam,2story,1.5859514890295279,-0.5526946526296532,0.9273462531964591,0.7434635380161356,Gable,Compshg,Vinylsd,Vinylsd,1.4816098407693812,Ta,Pconc,Glq,0.641116275999952,Unf,-0.2871575004618263,-0.5566514281662853,-0.0800173152074509,Ex,Sbrkr,-0.3266624610498166,1.2604001689620619,-0.11183896233236511,0.9624641053056052,0.20923762540902602,0.45511711201748645,Typ,Attchd,0.8609535669156769,1.7890975791506603,1.027498586644146,Ta,Ta,1.1555134002280136,1.0381450841813955,-0.37071052595830367,-0.10217939216911985,-0.2698934816491846,-0.07638622508638289,2.0922016207632335,0.1385272827549204,Wd,Normal,230000.0
139,-1.3938235462563953,0.05886816201502109,Rl,-0.1570922068258007,2.0087058135827323,Inside,Collgcr,Norm,Norm,1fam,2story,-0.014950053313711128,-0.5526946526296532,0.8613968406469296,0.5972662344529746,Gable,Compshg,Vinylsd,Vinylsd,-0.5718951461336651,Ta,Pconc,Glq,1.027964219537903,Unf,-0.2871575004618263,-1.099119221838115,-0.31261221960842883,Ex,Sbrkr,-0.5665711352075538,1.2311608130951281,-0.11183896233236511,0.7553947596105833,0.20923762540902602,0.45511711201748645,Typ,Attchd,0.7780113070298847,0.4033288092841152,0.07648970474637151,Ta,Ta,1.5969156480927076,0.9222257347491718,-0.37071052595830367,-0.10217939216911985,-0.2698934816491846,-0.07638622508638289,0.6184567487989989,0.8927965977552895,Wd,Normal,231500.0
140,-1.3914585505782828,-0.8779193078215382,Rl,0.11148614039500042,0.4451322550539,Fr2,Names,Norm,Norm,1fam,1story,-1.6158515956569501,-0.5526946526296532,0.004054477503045694,-0.6697770630944218,Gable,Compshg,Hdboard,Hdboard,-0.5718951461336651,Ta,Cblock,Alq,0.0444096441374917,Unf,-0.2871575004618263,-0.3292413487230729,-0.5084816127881998,Ta,Sbrkr,-0.7685994923930166,-0.8058476456345897,-0.11183896233236511,-1.3623599122703232,0.20923762540902602,-0.9323692199931181,Typ,Attchd,0.07300209800065086,-2.368208730448975,-2.2760059504744388,Ta,Ta,-0.7459116674968221,-0.7172050643637078,-0.37071052595830367,-0.10217939216911985,-0.2698934816491846,-0.07638622508638289,-0.8552881231652357,1.6470659127556586,Conli,Normal,115000.0
141,-1.3890935549001704,-0.8779193078215382,Rl,0.5412114959482822,0.8085694707492944,Inside,Collgcr,Norm,Norm,1fam,1story,0.7855007178579084,-0.5526946526296532,1.1251944908450477,0.9871257106214042,Gable,Compshg,Vinylsd,Vinylsd,-0.5718951461336651,Ta,Pconc,Glq,2.239076408784168,Unf,-0.2871575004618263,-0.3245036387346727,2.154117950749311,Ex,Sbrkr,1.977723488096869,-0.8058476456345897,-0.11183896233236511,0.6848029372145531,0.20923762540902602,0.45511711201748645,Typ,Attchd,1.1097803465730536,0.4033288092841152,1.027498586644146,Ta,Ta,0.6122490951637748,-0.31976729488179756,-0.37071052595830367,-0.10217939216911985,-0.2698934816491846,-0.07638622508638289,-1.9605967771384116,-1.370011347245818,Wd,Normal,260000.0
142,-1.386728559222058,-0.17532870544411872,Rl,0.16520180983916063,-0.18334432754599608,Corner,Names,Artery,Norm,1fam,1.5fin,-0.8154008244853307,-1.4597350467919836,-0.6224649417174848,-1.5956933189944422,Gable,Compshg,Brkface,Wdsdng,-0.5718951461336651,Fa,Cblock,Rec,0.2340409890090363,Unf,-0.2871575004618263,-0.3979381435548767,-0.3677004864402394,Fa,Sbrkr,-0.6233916106659652,0.35154352409820455,-0.11183896233236511,-0.13641526332593173,1.5081281986003237,-0.23862605398781578,Typ,Detchd,0.9024246968585731,0.4033288092841152,1.3278171809276538,Ta,Ta,-0.7459116674968221,-0.7172050643637078,-0.37071052595830367,-0.10217939216911985,-0.2698934816491846,-0.07638622508638289,-0.11841568718311837,1.6470659127556586,Wd,Normal,166000.0
143,-1.3843635635439455,-0.8779193078215382,Rl,0.5412114959482822,0.3927592065039086,Inside,Collgcr,Norm,Norm,1fam,1story,0.7855007178579084,-0.5526946526296532,0.9273462531964591,0.6947311034950819,Gable,Compshg,Vinylsd,Vinylsd,0.6024530182515145,Ta,Pconc,Glq,0.6689288732477786,Unf,-0.2871575004618263,0.5685546940787761,1.4073658892514345,Ex,Sbrkr,1.2422140002185433,-0.8058476456345897,-0.11183896233236511,0.13653978327205174,0.20923762540902602,-0.23862605398781578,Typ,Attchd,0.8609535669156769,0.4033288092841152,0.6120578645519603,Ta,Ta,0.4764330188977151,-0.2369677595730663,-0.37071052595830367,-0.10217939216911985,-0.2698934816491846,-0.07638622508638289,-0.11841568718311837,0.8927965977552895,Wd,Normal,204000.0
144,-1.381998567865833,0.7614587643924405,Rm,0.11148614039500042,0.0007548734176098254,Inside,Sawyer,Rrae,Norm,Duplex,1story,-0.8154008244853307,-0.5526946526296532,-0.2597431726950724,-1.0596365392628515,Gable,Compshg,Hdboard,Hdboard,1.5842850901145336,Ta,Cblock,Rec,2.319985782596027,Unf,-0.2871575004618263,-0.4145201285142776,2.1357551951387075,Ta,Sbrkr,1.9587833296107318,-0.8058476456345897,-0.11183896233236511,0.6706845727353471,4.105909344982919,2.536346610033393,Typ,Detchd,-0.632007111028583,0.4033288092841152,0.24667024150702588,Ta,Ta,-0.7459116674968221,-0.7172050643637078,-0.37071052595830367,-0.10217939216911985,-0.2698934816491846,-0.07638622508638289,1.723765402772175,-1.370011347245818,Conli,Abnorml,125000.0
145,-1.3796335721877206,2.4008368366064192,Rm,-2.3594346540363698,-2.087183995442045,Inside,Edwards,Norm,Norm,Twnhs,2story,-0.014950053313711128,-0.5526946526296532,1.092219784570283,1.035858145142458,Gable,Compshg,Vinylsd,Vinylsd,-0.25103499193006407,Ta,Pconc,Unf,-1.0478669023226053,Unf,-0.2871575004618263,0.9452026381565967,-0.1840729303342042,Ex,Sbrkr,-0.4339900258045937,0.994809353170747,-0.11183896233236511,0.6259764185511946,0.20923762540902602,0.45511711201748645,Maj1,Detchd,1.0683092166301575,0.4033288092841152,-0.37398818667889006,Ta,Ta,-0.7459116674968221,-0.05480878189385744,-0.37071052595830367,-0.10217939216911985,-0.2698934816491846,-0.07638622508638289,-0.8552881231652357,-1.370011347245818,Wd,Normal,130000.0
146,-1.3772685765096082,-0.6437224403623983,Rm,-0.9091115790440437,-0.9451341246367791,Corner,Brkside,Norm,Norm,1fam,1story,-0.8154008244853307,1.2613861356950078,-1.3149337734875448,0.40233649636875973,Gable,Compshg,Wdsdng,Wdsdng,-0.5718951461336651,Ta,Brktil,Blq,-0.5194275546139009,Unf,-0.2871575004618263,-0.15394607915226338,-0.9644900437848539,Ta,Fusea,-0.7338758685017651,-0.8058476456345897,-0.11183896233236511,-1.3364762440584455,-1.0896529477822716,-0.9323692199931181,Typ,Detchd,-1.9590832692012585,-0.9824399605824299,-1.3750501676239157,Fa,Ta,-0.33846343869864304,-0.7172050643637078,-0.37071052595830367,-0.10217939216911985,-0.2698934816491846,-0.07638622508638289,1.723765402772175,0.8927965977552895,Wd,Normal,105000.0
147,-1.3749035808314958,0.05886816201502109,Rl,0.057770470950840196,0.12930690167667946,Culdsac,Gilbert,Norm,Norm,1fam,2story,0.7855007178579084,-0.5526946526296532,0.9932956657459886,0.7921959725371894,Gable,Compshg,Vinylsd,Vinylsd,0.5832014089992985,Ta,Pconc,Unf,-1.0478669023226053,Unf,-0.2871575004618263,0.7414811086553855,-0.44727242741952133,Ex,Sbrkr,-0.7054656307725594,1.998693904602139,-0.11183896233236511,1.3930742219213896,0.20923762540902602,1.1488602780227886,Typ,Builtin,0.9438958268014691,0.4033288092841152,-0.10370145182373312,Ta,Ta,0.4764330188977151,0.07767047460011262,-0.37071052595830367,-0.10217939216911985,-0.2698934816491846,-0.07638622508638289,-0.48685190517417704,1.6470659127556586,Wd,Normal,222500.0
148,-1.3725385851533833,-0.8779193078215382,Rl,-0.2645235457141211,-0.5071049913095789,Inside,Sawyerw,Norm,Norm,1fam,1story,0.7855007178579084,-0.5526946526296532,1.092219784570283,0.9871257106214042,Gable,Compshg,Vinylsd,Vinylsd,0.19816922395497732,Ta,Pconc,Glq,0.6714572911793992,Unf,-0.2871575004618263,-0.4050447085374771,0.15257758919352704,Ex,Sbrkr,-0.08675378689207948,-0.8058476456345897,-0.11183896233236511,-0.8540987910189056,0.20923762540902602,-0.23862605398781578,Typ,Attchd,0.07300209800065086,-2.368208730448975,-2.2760059504744388,Ta,Ta,-0.7459116674968221,-0.7172050643637078,-0.37071052595830367,-0.10217939216911985,-0.2698934816491846,-0.07638622508638289,-0.8552881231652357,0.1385272827549204,Wd,Normal,141000.0
149,-1.370173589475271,-0.17532870544411872,Rm,0.057770470950840196,-0.90704463478224,Inside,Brkside,Norm,Norm,1fam,1.5fin,-0.8154008244853307,-1.4597350467919836,-1.1500602421137212,-1.6931581880365496,Gable,Compshg,Metalsd,Metalsd,-0.5718951461336651,Ta,Brktil,Unf,-1.0478669023226053,Unf,-0.2871575004618263,0.7699073685857871,-0.4105469161983143,Gd,Fusea,-0.6675853138002852,0.28575497339760364,-0.11183896233236511,-0.2328907539338397,0.20923762540902602,0.45511711201748645,Typ,Detchd,-1.751727619486778,-0.9824399605824299,-1.0747315733404081,Fa,Ta,0.951789285828924,1.1706243406753658,-0.37071052595830367,-0.10217939216911985,-0.2698934816491846,-0.07638622508638289,-0.8552881231652357,-1.370011347245818,Wd,Normal,115000.0
150,-1.3678085937971585,-0.8779193078215382,Rl,2.7972696126030114,0.39942486722845294,Corner,Collgcr,Norm,Norm,1fam,1story,-0.8154008244853307,0.35434574153267734,0.13595330260210475,-0.474847325010207,Gable,Compshg,Hdboard,Hdboard,-0.5718951461336651,Ta,Cblock,Blq,0.7624803367177406,Unf,-0.2871575004618263,-0.7532663926848961,-0.18713338960263812,Ta,Sbrkr,-0.43714671888561657,-0.8058476456345897,-0.11183896233236511,-1.1152885338842173,0.20923762540902602,-0.9323692199931181,Typ,Attchd,-0.1343535517138297,0.4033288092841152,-0.07366959239538234,Ta,Ta,-0.7459116674968221,-0.7172050643637078,-0.37071052595830367,-0.10217939216911985,-0.2698934816491846,-0.07638622508638289,-1.9605967771384116,-0.6157420322454488,Wd,Normal,122000.0
152,-1.3630786024409336,0.05886816201502109,Rl,0.057770470950840196,1.810957878754583,Culdsac,Nwames,Norm,Norm,1fam,2story,-0.014950053313711128,-0.5526946526296532,0.004054477503045694,-0.6697770630944218,Gable,Compshg,Hdboard,Hdboard,1.0452400310524839,Ta,Cblock,Rec,0.003954957231562179,Unf,-0.2871575004618263,-0.3837250135896759,-0.6278395242571226,Gd,Sbrkr,-0.03309000451469091,1.377357592429797,-0.11183896233236511,1.2942456705669474,1.5081281986003237,1.1488602780227886,Typ,Attchd,-0.30023807148541415,0.4033288092841152,0.20162245236449972,Ta,Ta,-0.7459116674968221,0.3757488017115453,-0.37071052595830367,-0.10217939216911985,-0.2698934816491846,-0.07638622508638289,-0.11841568718311837,-1.370011347245818,Wd,Normal,190000.0
153,-1.3607136067628212,-0.8779193078215382,Rl,0.057770470950840196,1.3973695014173788,Inside,Clearcr,Norm,Norm,1fam,1story,-0.014950053313711128,1.2613861356950078,-0.3586672915193667,-0.474847325010207,Flat,Compshg,Brkface,Plywood,-0.5718951461336651,Ta,Cblock,Blq,0.03682439034262991,Alq,6.647435301461375,-1.1322831917569167,1.7501373273160334,Gd,Sbrkr,0.4561974230438519,-0.8058476456345897,-0.11183896233236511,-0.44937234261499903,-2.3885435209735695,-1.6261123859984203,Typ,Attchd,-0.7564205008572713,0.4033288092841152,0.5469888357905336,Ta,Ta,2.725886782054329,-0.7172050643637078,-0.37071052595830367,-0.10217939216911985,-0.2698934816491846,-0.07638622508638289,-1.2237243411562944,0.1385272827549204,Wd,Normal,235000.0
154,-1.3583486110847087,-0.6437224403623983,Rm,0.8635055126132435,0.711758684035674,Corner,Oldtown,Norm,Norm,1fam,1story,-0.014950053313711128,-0.5526946526296532,-1.578731423685663,-1.6931581880365496,Gable,Compshg,Wdsdng,Wdsdng,-0.5718951461336651,Ta,Brktil,Unf,-1.0478669023226053,Unf,-0.2871575004618263,1.4900392868226264,0.5198327014055975,Ta,Fusea,0.29204938283066334,-0.8058476456345897,-0.11183896233236511,-0.5717315014347848,1.5081281986003237,0.45511711201748645,Typ,Detchd,-2.2908523087444275,-0.9824399605824299,-0.7143492602001988,Fa,Fa,-0.7459116674968221,-0.7172050643637078,3.4479650206018473,-0.10217939216911985,-0.2698934816491846,-0.07638622508638289,-1.2237243411562944,-1.370011347245818,Wd,Family,125000.0
155,-1.3559836154065963,-0.17532870544411872,Rl,-0.42567055404660176,0.1594610811448563,Corner,Edwards,Artery,Norm,1fam,1.5fin,-0.014950053313711128,-0.5526946526296532,-1.5457567174108982,-1.6931581880365496,Gable,Compshg,Wdsdng,Wdsdng,-0.5718951461336651,Ta,Brktil,Unf,-1.0478669023226053,Unf,-0.2871575004618263,0.0023983504649451684,-1.4021357191709045,Fa,Fusef,-1.6903538720516909,0.4709375605548507,-0.11183896233236511,-0.8164498190743562,-1.0896529477822716,-0.9323692199931181,Typ,Attchd,0.07300209800065086,-2.368208730448975,-2.2760059504744388,Ta,Ta,-0.7459116674968221,-0.5847258078697377,1.7731073247421318,-0.10217939216911985,-0.2698934816491846,-0.07638622508638289,-0.8552881231652357,0.1385272827549204,Wd,Normal,79000.0
157,-1.3512536240503714,0.05886816201502109,Rl,1.2932308681665252,0.9222031154820028,Corner,Timber,Norm,Norm,1fam,2story,1.5859514890295279,-0.5526946526296532,1.2570933159441067,1.2307878832266728,Gable,Compshg,Vinylsd,Vinylsd,-0.03285008707161539,Ta,Pconc,Unf,-1.0478669023226053,Unf,-0.2871575004618263,0.4809070592933713,-0.7839229469472526,Ex,Sbrkr,-1.0527018696850736,2.1034682631253183,-0.11183896233236511,1.2354191519035889,1.5081281986003237,1.1488602780227886,Typ,Builtin,1.275664866344638,1.7890975791506603,1.1276047847386486,Ta,Ta,-0.7459116674968221,0.5247879652672616,-0.37071052595830367,-0.10217939216911985,-0.2698934816491846,-0.07638622508638289,-0.48685190517417704,1.6470659127556586,New,Partial,269500.0
158,-1.348888628372259,0.05886816201502109,Fv,1.722956223719807,1.0964625315665195,Corner,Somerst,Norm,Norm,1fam,2story,0.7855007178579084,-0.5526946526296532,1.092219784570283,0.9871257106214042,Gable,Compshg,Vinylsd,Vinylsd,-0.5718951461336651,Ta,Pconc,Glq,-0.4865581215028332,Unf,-0.2871575004618263,0.46906278432237064,-0.11980328569709187,Ex,Sbrkr,-0.36769947110311374,1.5235543717644657,-0.11183896233236511,1.1860048762263675,0.20923762540902602,1.1488602780227886,Typ,Attchd,1.0683092166301575,0.4033288092841152,1.1175941649291983,Ta,Ta,-0.7459116674968221,1.5349422960337835,-0.37071052595830367,-0.10217939216911985,-0.2698934816491846,-0.07638622508638289,-0.48685190517417704,1.6470659127556586,Wd,Normal,254900.0
160,-1.344158637016034,-0.8779193078215382,Rl,0.057770470950840196,0.6419279526356856,Culdsac,Veenker,Norm,Norm,1fam,1story,-0.014950053313711128,0.35434574153267734,0.4327256590749876,-0.036255414320723614,Gable,Compshg,Plywood,Plywood,-0.5718951461336651,Ta,Pconc,Blq,0.6208889325469873,Unf,-0.2871575004618263,0.0023983504649451684,0.617767397995483,Ta,Sbrkr,0.39306356142339477,-0.8058476456345897,-0.11183896233236511,-0.49643355754568586,0.20923762540902602,-0.23862605398781578,Typ,Attchd,0.2388866177722353,0.4033288092841152,0.3067339603637274,Ta,Ta,-0.7459116674968221,-0.7172050643637078,-0.37071052595830367,-0.10217939216911985,-0.2698934816491846,-0.07638622508638289,-0.11841568718311837,0.1385272827549204,Wd,Normal,162500.0
162,-1.3394286456598092,-0.8779193078215382,Rl,1.4543778764990059,0.9790199378483571,Corner,Nridght,Norm,Norm,1fam,1story,0.7855007178579084,-0.5526946526296532,1.1251944908450477,0.9871257106214042,Gable,Compshg,Vinylsd,Vinylsd,0.8783927508666114,Ta,Pconc,Blq,1.9887630335537292,Unf,-0.2871575004618263,-0.5471760081894849,1.5634493119415644,Ex,Sbrkr,1.3684817234594575,-0.8058476456345897,-0.11183896233236511,0.23066221313342536,0.20923762540902602,0.45511711201748645,Typ,Attchd,1.1097803465730536,0.4033288092841152,0.3868189188393295,Ta,Ta,-0.7459116674968221,0.44198842995853027,-0.37071052595830367,-0.10217939216911985,-0.2698934816491846,-0.07638622508638289,-0.48685190517417704,1.6470659127556586,New,Partial,220000.0
163,-1.3370636499816968,-0.2924271391736886,Rl,-0.6942489012674029,-1.1419298222185648,Inside,Oldtown,Norm,Norm,1fam,1.5unf,-1.6158515956569501,0.35434574153267734,-0.49056611661842575,-1.4007635809102275,Gable,Compshg,Metalsd,Metalsd,-0.5718951461336651,Ta,Cblock,Unf,-1.0478669023226053,Unf,-0.2871575004618263,0.7367433986669852,-0.4533933459563892,Ex,Sbrkr,-0.7117790169346051,-0.8058476456345897,-0.11183896233236511,-1.320004818832705,-2.3885435209735695,-1.6261123859984203,Typ,Attchd,0.07300209800065086,-2.368208730448975,-2.2760059504744388,Ta,Ta,-0.7459116674968221,-0.7172050643637078,-0.37071052595830367,-0.10217939216911985,-0.2698934816491846,-0.07638622508638289,-0.8552881231652357,-0.6157420322454488,Wd,Normal,103200.0
164,-1.3346986543035844,-0.40952557290325853,Rm,-1.499983942929806,-1.173671063764014,Corner,Oldtown,Norm,Norm,1fam,1story,-0.014950053313711128,1.2613861356950078,-1.4798073048613687,0.9383932761003505,Gable,Compshg,Metalsd,Metalsd,-0.5718951461336651,Gd,Brktil,Lwq,-0.11235226762298518,Unf,-0.2871575004618263,0.49275133426437195,0.3637492787154676,Gd,Fusea,0.13105803569849764,0.3320506201869154,-0.11183896233236511,0.4071417691235009,0.20923762540902602,-0.9323692199931181,Typ,Detchd,-2.166438918915739,-0.9824399605824299,-1.194859011053811,Ta,Ta,-0.7459116674968221,-0.7172050643637078,2.6942790574649753,-0.10217939216911985,-0.2698934816491846,-0.07638622508638289,1.3553291847811162,-0.6157420322454488,Wd,Normal,152000.0
165,-1.332333658625472,3.103427438983839,Rl,-0.31823921515828135,0.32007176336482973,Inside,Edwards,Norm,Norm,2fmcon,1.5fin,-0.8154008244853307,1.2613861356950078,-1.018161417014662,0.6947311034950819,Gable,Compshg,Wdsdng,Wdsdng,-0.5718951461336651,Gd,Brktil,Alq,-0.1603922083237765,Rec,0.875028885786414,-1.0872749468671143,-1.1817826518436623,Gd,Sbrkr,-0.9453743049302965,0.5269796592998071,-0.11183896233236511,-0.20700708572196197,1.5081281986003237,-0.23862605398781578,Typ,Attchd,0.07300209800065086,-2.368208730448975,-2.2760059504744388,Ta,Ta,0.44247899983120015,-0.7172050643637078,-0.37071052595830367,-0.10217939216911985,-0.2698934816491846,-0.07638622508638289,0.9868929667900576,0.1385272827549204,Wd,Normal,127500.0
166,-1.3299686629473595,-0.8779193078215382,Rl,0.057770470950840196,0.5111540374684345,Inside,Clearcr,Norm,Norm,1fam,1story,-0.8154008244853307,-0.5526946526296532,-0.5235408228931906,0.40233649636875973,Hip,Compshg,Wdsdng,Wdsdng,-0.5718951461336651,Ta,Cblock,Lwq,-0.08959650623839982,Blq,4.644108492016895,-0.23922485894346804,1.7960442163425423,Ex,Fusea,2.397563667872909,-0.8058476456345897,-0.11183896233236511,0.9977600165036203,-1.0896529477822716,0.45511711201748645,Typ,Attchd,-0.9637761505717519,-0.9824399605824299,-0.759397049342725,Ta,Ta,3.2946166014184537,-0.7172050643637078,-0.37071052595830367,-0.10217939216911985,2.4584978533384447,-0.07638622508638289,1.723765402772175,0.8927965977552895,Cod,Normal,190000.0
167,-1.327603667269247,0.05886816201502109,Rl,0.970936851501564,0.4648118248120785,Inside,Nridght,Norm,Norm,1fam,2story,1.5859514890295279,-0.5526946526296532,1.1911439033945772,1.0845905796635116,Gable,Compshg,Vinylsd,Vinylsd,1.3532657790879408,Ta,Pconc,Glq,2.2087353936047207,Unf,-0.2871575004618263,-0.6561433379226909,1.6889281419473552,Ex,Sbrkr,1.5862935460500347,0.5367261112554517,-0.11183896233236511,1.6895598759847166,0.20923762540902602,1.1488602780227886,Typ,Attchd,1.1927226064588459,1.7890975791506603,1.6731835643536876,Ta,Ta,0.765042180963092,1.2699837830458434,-0.37071052595830367,-0.10217939216911985,-0.2698934816491846,-0.07638622508638289,1.723765402772175,-0.6157420322454488,New,Partial,325624.0
168,-1.3252386715911346,0.05886816201502109,Rl,-0.31823921515828135,-0.27095015421143614,Inside,Gilbert,Norm,Norm,1fam,2story,0.7855007178579084,-0.5526946526296532,1.092219784570283,0.9383932761003505,Gable,Compshg,Vinylsd,Vinylsd,-0.5718951461336651,Ta,Pconc,Unf,-1.0478669023226053,Unf,-0.2871575004618263,0.6372514889105798,-0.5819326352306139,Ex,Sbrkr,-0.8443601263375652,1.3383717846072185,-0.11183896233236511,0.6518600867630723,0.20923762540902602,0.45511711201748645,Typ,Attchd,1.0683092166301575,0.4033288092841152,-0.07366959239538234,Ta,Ta,0.10293880916605094,0.07767047460011262,-0.37071052595830367,-0.10217939216911985,-0.2698934816491846,-0.07638622508638289,-0.48685190517417704,-0.6157420322454488,Wd,Normal,183500.0
169,-1.3228736759130222,-0.8779193078215382,Rl,0.057770470950840196,2.403249445992667,Corner,Timber,Norm,Norm,1fam,1story,1.5859514890295279,0.35434574153267734,0.33380154025069336,-0.18245271788388473,Hip,Wdshake,Plywood,Plywood,3.618538467765364,Ta,Cblock,Unf,-1.0478669023226053,Unf,-0.2871575004618263,2.641302814003889,2.007215905864483,Ta,Sbrkr,1.8924927749092517,-0.8058476456345897,-0.11183896233236511,0.6212702970581259,-1.0896529477822716,-0.23862605398781578,Typ,Attchd,0.11447322794354696,0.4033288092841152,0.28170741084010176,Ta,Ta,4.12649006854807,0.34262898758805277,-0.37071052595830367,-0.10217939216911985,-0.2698934816491846,-0.07638622508638289,-1.9605967771384116,-1.370011347245818,Wd,Normal,228000.0
170,-1.3205086802349097,-0.17532870544411872,Rm,0.057770470950840196,1.0348845229683479,Inside,Oldtown,Feedr,Norm,1fam,1.5fin,-0.8154008244853307,0.35434574153267734,-0.9851867107398973,-1.6931581880365496,Gable,Compshg,Metalsd,Metalsd,-0.5718951461336651,Ta,Cblock,Rec,-0.13763644693919114,Unf,-0.2871575004618263,-0.4997989083054823,-0.9491877474426843,Ta,Sbrkr,-0.8001664232032452,-0.8058476456345897,12.276813962282015,-0.14347444556553476,-1.0896529477822716,0.45511711201748645,Typ,Detchd,0.5291845273725081,0.4033288092841152,1.027498586644146,Ta,Ta,1.265863962194187,-0.7172050643637078,-0.37071052595830367,-0.10217939216911985,-0.2698934816491846,-0.07638622508638289,-0.48685190517417704,-0.6157420322454488,Wd,Normal,128500.0
172,-1.3157786888786849,2.4008368366064192,Rl,-1.2851212651531654,-1.2035078308167364,Inside,Stonebr,Norm,Norm,Twnhse,2story,0.7855007178579084,1.2613861356950078,0.5316497778992819,0.1099418892424375,Gable,Compshg,Hdboard,Hdboard,-0.5718951461336651,Gd,Pconc,Glq,0.20369997382958915,Rec,1.0933401406617742,-0.5140120382706831,0.10361024089858432,Gd,Sbrkr,-0.13726087618844518,0.9070912855699458,-0.11183896233236511,0.7624539418501863,-1.0896529477822716,-0.9323692199931181,Typ,Attchd,0.3633000076009236,0.4033288092841152,0.24667024150702588,Gd,Ta,2.997518934586448,-0.13760831720258873,-0.37071052595830367,-0.10217939216911985,-0.2698934816491846,-0.07638622508638289,-0.11841568718311837,-1.370011347245818,Wd,Normal,239000.0
173,-1.3134136932005724,-0.8779193078215382,Rl,0.6486428348366026,0.3489562931711886,Inside,Names,Norm,Norm,1fam,1story,-0.014950053313711128,-0.5526946526296532,-0.32569258524460193,-1.157101408304959,Gable,Compshg,Wdshing,Wdshng,2.5789515681456967,Ta,Cblock,Alq,-0.31968253801587393,Rec,2.1142663031671343,0.30561178972256176,1.0156271028918926,Ta,Sbrkr,0.8034336619563662,-0.8058476456345897,-0.11183896233236511,-0.1905356604962216,0.20923762540902602,-0.23862605398781578,Typ,Attchd,-0.7149493709143753,0.4033288092841152,0.24667024150702588,Ta,Ta,-0.7459116674968221,-0.3860069231287826,-0.37071052595830367,-0.10217939216911985,-0.2698934816491846,-0.07638622508638289,-0.11841568718311837,0.1385272827549204,Cod,Normal,163000.0
174,-1.31104869752246,-0.8779193078215382,Rl,-1.1239742568206845,1.0532944430647084,Inside,Timber,Norm,Norm,1fam,1story,-0.014950053313711128,-0.5526946526296532,0.4986750716245172,0.061209454721383796,Gable,Compshg,Vinylsd,Plywood,0.27517566096384155,Ta,Cblock,Alq,2.4868613660829864,Lwq,1.048393705834494,-1.3525867062175287,1.7623791643897693,Ta,Sbrkr,1.7157179623719718,-0.8058476456345897,-0.11183896233236511,0.4894988952522028,0.20923762540902602,0.45511711201748645,Min2,Attchd,0.32182887765802753,0.4033288092841152,0.8072649508362403,Ta,Ta,0.8838812476958942,-0.7172050643637078,-0.37071052595830367,-0.10217939216911985,-0.2698934816491846,-0.07638622508638289,1.723765402772175,0.1385272827549204,Wd,Normal,184000.0
175,-1.3086837018443476,-0.8779193078215382,Rl,0.8635055126132435,1.1164595137401525,Corner,Edwards,Norm,Norm,1fam,1story,-0.014950053313711128,1.2613861356950078,-0.6884143542670144,0.7921959725371894,Gable,Compshg,Wdshing,Wdshng,-0.5718951461336651,Ta,Cblock,Alq,0.15818845106041846,Unf,-0.2871575004618263,0.364833164577565,0.5259536199424654,Ta,Sbrkr,3.31616135445056,-0.8058476456345897,-0.11183896233236511,1.6825006937451135,1.5081281986003237,0.45511711201748645,Typ,Attchd,-1.1711318002862325,0.4033288092841152,0.6070525546472352,Ta,Ta,-0.7459116674968221,-0.2369677595730663,0.2824839754269853,-0.10217939216911985,-0.2698934816491846,-0.07638622508638289,-0.11841568718311837,-0.6157420322454488,Wd,Normal,243000.0
176,-1.3063187061662351,0.05886816201502109,Rl,1.5618092153873264,0.2956310073748338,Corner,Clearcr,Norm,Norm,1fam,2story,-0.014950053313711128,-0.5526946526296532,0.5646244841740466,0.2074067582845449,Gable,Compshg,Plywood,Plywood,1.1479152803976362,Ta,Pconc,Glq,1.053248398854109,Unf,-0.2871575004618263,-0.5945531080734875,0.3698701972523354,Ta,Sbrkr,0.1784084319138405,1.377357592429797,-0.11183896233236511,1.4519007405847482,1.5081281986003237,1.1488602780227886,Typ,Attchd,0.4047711375438197,0.4033288092841152,0.33176050988735306,Ta,Ta,-0.7459116674968221,3.058453745714439,-0.37071052595830367,-0.10217939216911985,3.419199027629864,-0.07638622508638289,0.9868929667900576,-0.6157420322454488,Wd,Normal,211000.0
177,-1.3039537104881227,-0.17532870544411872,Rl,0.057770470950840196,1.4449813637355526,Inside,Sawyer,Norm,Norm,1fam,1.5fin,-0.8154008244853307,-0.5526946526296532,-0.42461670406889623,-1.3032987118681199,Gable,Compshg,Metalsd,Metalsd,-0.5718951461336651,Gd,Cblock,Alq,-0.9037470802202313,Blq,2.5444678936568144,-0.04024103943065716,0.06688472967737728,Ex,Sbrkr,0.4561974230438519,0.8218098309580557,-0.11183896233236511,1.1224722360699404,1.5081281986003237,1.1488602780227886,Typ,Attchd,-0.8393627607430636,0.4033288092841152,-0.018611183443405933,Ta,Ta,-0.7459116674968221,-0.7172050643637078,-0.37071052595830367,-0.10217939216911985,-0.2698934816491846,-0.07638622508638289,0.2500205308079403,-1.370011347245818,Wd,Normal,172500.0
179,-1.2992237191318978,-0.6437224403623983,Rm,-0.42567055404660176,-0.18334432754599608,Inside,Oldtown,Norm,Norm,1fam,1story,-0.8154008244853307,0.35434574153267734,-1.578731423685663,1.035858145142458,Gable,Compshg,Wdsdng,Wdsdng,-0.5718951461336651,Ta,Cblock,Unf,-1.0478669023226053,Unf,-0.2871575004618263,0.9404649281681964,-0.19019384887107205,Ta,Sbrkr,-0.44030341196663947,-0.8058476456345897,-0.11183896233236511,-1.1176415946307516,-1.0896529477822716,-0.9323692199931181,Typ,Detchd,-1.7931987494296742,0.4033288092841152,0.1265428037936228,Fa,Ta,-0.7459116674968221,-0.7172050643637078,2.7110276344235724,-0.10217939216911985,-0.2698934816491846,-0.07638622508638289,0.2500205308079403,-0.6157420322454488,Wd,Normal,100000.0
180,-1.2968587234537854,2.4008368366064192,Fv,0.057770470950840196,-2.2157360237011146,Inside,Somerst,Norm,Norm,Twnhs,2story,-0.014950053313711128,-0.5526946526296532,0.9603209594712239,0.7434635380161356,Gable,Compshg,Metalsd,Metalsd,2.354349460203176,Ta,Pconc,Glq,0.054523315863974076,Unf,-0.2871575004618263,-0.5945531080734875,-0.8390112137790632,Ex,Sbrkr,-1.068485335090188,1.0362317739822364,-0.11183896233236511,0.19301324118887592,0.20923762540902602,-0.9323692199931181,Typ,Detchd,0.9024246968585731,0.4033288092841152,-0.07366959239538234,Ta,Ta,-0.7459116674968221,-0.7172050643637078,-0.37071052595830367,-0.10217939216911985,-0.2698934816491846,-0.07638622508638289,-0.11841568718311837,-0.6157420322454488,Wd,Normal,177000.0
181,-1.294493727775673,0.2930650294741609,Rl,-0.7479645707115631,-0.4791726987495835,Inside,Crawfor,Norm,Norm,1fam,2story,0.7855007178579084,0.35434574153267734,-1.6776555425099573,-1.6931581880365496,Gable,Compshg,Stucco,Stucco,-0.5718951461336651,Ta,Brktil,Lwq,-0.1578637903921559,Unf,-0.2871575004618263,-0.3079216537752718,-0.7257742208470082,Gd,Sbrkr,-0.6518018483951709,1.3895406573743527,-0.11183896233236511,0.8448110679788883,1.5081281986003237,1.842603444028091,Typ,Detchd,-2.4152656985731156,-0.9824399605824299,-1.194859011053811,Fa,Ta,-0.7459116674968221,-0.7172050643637078,0.29923255238558244,-0.10217939216911985,-0.2698934816491846,-0.07638622508638289,0.2500205308079403,-1.370011347245818,Wd,Normal,200100.0
183,-1.289763736419448,-0.17532870544411872,Rm,-0.2645235457141211,0.7390561517647604,Inside,Oldtown,Norm,Norm,1fam,1.5fin,0.7855007178579084,-0.5526946526296532,1.059245078295518,0.8896608415792968,Gable,Compshg,Vinylsd,Vinylsd,-0.5718951461336651,Ta,Pconc,Unf,-1.0478669023226053,Unf,-0.2871575004618263,1.8737937958830475,1.0156271028918926,Ex,Sbrkr,0.8034336619563662,0.9485137063814353,-0.11183896233236511,1.5036680770085036,0.20923762540902602,-0.23862605398781578,Mod,Detchd,1.0268380866872613,0.4033288092841152,0.1465640434125233,Ta,Ta,1.6308696671592224,3.2240528163319015,-0.37071052595830367,-0.10217939216911985,-0.2698934816491846,-0.07638622508638289,-0.11841568718311837,0.1385272827549204,Wd,Normal,200000.0
184,-1.2873987407413356,-0.17532870544411872,Rl,1.2932308681665252,-0.5267845610677574,Inside,Brkside,Rran,Feedr,1fam,1.5fin,-0.8154008244853307,2.168426529857338,-2.0733520178071343,0.30487162732665235,Gable,Compshg,Asbshng,Plywood,-0.5718951461336651,Ta,Pconc,Unf,-1.0478669023226053,Unf,-0.2871575004618263,-0.15868378914066364,-1.6102469494244112,Gd,Sbrkr,-0.5413175905593709,-0.035877941138667595,-0.11183896233236511,-0.44937234261499903,0.20923762540902602,-0.9323692199931181,Typ,Attchd,0.32182887765802753,0.4033288092841152,0.6070525546472352,Ta,Ta,0.13689282823256588,-0.7172050643637078,-0.37071052595830367,-0.10217939216911985,-0.2698934816491846,-0.07638622508638289,-0.11841568718311837,-1.370011347245818,Wd,Normal,127000.0
186,-1.2826687493851108,0.5272618969333007,Rl,0.057770470950840196,0.2696031893075653,Culdsac,Mitchel,Norm,Norm,1fam,Slvl,0.7855007178579084,-0.5526946526296532,0.6305738967235762,0.30487162732665235,Gable,Compshg,Hdboard,Hdboard,-0.5718951461336651,Ta,Pconc,Glq,0.4969964538975781,Unf,-0.2871575004618263,0.014242625435945816,0.48310719018439047,Ex,Sbrkr,0.3457131652080519,-0.8058476456345897,-0.11183896233236511,-0.531729468743701,0.20923762540902602,-0.23862605398781578,Typ,Attchd,0.48771339742961195,0.4033288092841152,0.21163307217394997,Ta,Ta,0.6801571332968046,-0.2700875736965588,-0.37071052595830367,-0.10217939216911985,-0.2698934816491846,-0.07638622508638289,-0.11841568718311837,0.8927965977552895,Wd,Normal,173000.0
187,-1.2803037537069983,-0.17532870544411872,Rl,-0.42567055404660176,0.4165651376629956,Inside,Oldtown,Norm,Norm,1fam,1.5fin,-0.8154008244853307,1.2613861356950078,-1.8095543676090164,0.1099418892424375,Gable,Compshg,Hdboard,Hdboard,-0.5718951461336651,Ta,Cblock,Unf,-1.0478669023226053,Unf,-0.2871575004618263,0.21085758995455656,-1.1328153035487196,Ex,Sbrkr,-0.9453743049302965,0.909527898558857,3.2668845625624665,0.5012641989848745,0.20923762540902602,1.1488602780227886,Min2,Detchd,-2.5811502183447,-0.9824399605824299,-1.3750501676239157,Fa,Fa,-0.7459116674968221,-0.7172050643637078,-0.37071052595830367,5.045418661940279,-0.2698934816491846,-0.07638622508638289,0.6184567487989989,0.8927965977552895,Wd,Normal,135000.0
188,-1.277938758028886,0.7614587643924405,Rl,-0.2108078762699609,-0.6600977755586445,Inside,Sawyerw,Feedr,Norm,Duplex,Sfoyer,-0.8154008244853307,-0.5526946526296532,0.2678521277011638,-0.27991758692599217,Gable,Compshg,Plywood,Plywood,1.1928357019861404,Ta,Cblock,Glq,1.6979949714173608,Unf,-0.2871575004618263,-1.3525867062175287,0.17094034480413056,Ta,Sbrkr,0.3678100167752119,-0.8058476456345897,-0.11183896233236511,-0.5152580435179606,-1.0896529477822716,-0.23862605398781578,Typ,Detchd,0.031530968057754745,0.4033288092841152,0.366797679220429,Ta,Ta,0.27270890449862556,-0.7172050643637078,-0.37071052595830367,-0.10217939216911985,-0.2698934816491846,-0.07638622508638289,-0.11841568718311837,0.8927965977552895,Wd,Alloca,153337.0
189,-1.2755737623507735,1.46404936676986,Rl,-1.446268273485646,-1.3250767859358072,Inside,Stonebr,Norm,Norm,Twnhse,1story,1.5859514890295279,-0.5526946526296532,0.9932956657459886,0.8409284070582431,Gable,Compshg,Cemntbd,Cmentbd,-0.5718951461336651,Ta,Pconc,Glq,1.8673989728359406,Unf,-0.2871575004618263,-0.3102905087694719,1.7225931939001282,Ex,Sbrkr,1.532629763672646,-0.8058476456345897,-0.11183896233236511,0.3530213719532111,-3.687434094164867,-0.9323692199931181,Typ,Attchd,0.9438958268014691,0.4033288092841152,1.1376154045480988,Ta,Ta,-0.7459116674968221,1.2699837830458434,-0.37071052595830367,-0.10217939216911985,4.034047779176372,-0.07638622508638289,0.6184567487989989,0.1385272827549204,Wd,Normal,286000.0
190,-1.273208766672661,0.2930650294741609,Rl,0.11148614039500042,0.46735112413571445,Inside,Crawfor,Norm,Norm,1fam,2story,1.5859514890295279,2.168426529857338,-1.28195906721278,0.4510689308898134,Hip,Compshg,Brkface,Brkface,-0.5718951461336651,Ta,Cblock,Rec,-0.2969267766312886,Unf,-0.2871575004618263,-0.035503329442256905,-0.5421466647409728,Ta,Sbrkr,1.3937352681076405,2.06448245530274,-0.11183896233236511,3.021392258523153,0.20923762540902602,2.536346610033393,Maj1,Detchd,-1.9176121392583625,0.4033288092841152,-0.07366959239538234,Ta,Ta,-0.7459116674968221,0.5082280582055153,-0.37071052595830367,-0.10217939216911985,-0.2698934816491846,-0.07638622508638289,2.0922016207632335,-0.6157420322454488,Wd,Normal,315000.0
191,-1.2708437709945484,0.05886816201502109,Rl,0.057770470950840196,-0.5159925389423047,Culdsac,Names,Norm,Norm,1fam,2story,0.7855007178579084,3.075466924019669,0.03702918377781046,0.9383932761003505,Gable,Compshg,Hdboard,Hdboard,0.3136788794682737,Ta,Cblock,Alq,0.534922722871887,Unf,-0.2871575004618263,-1.118070061791716,-0.9338854511005147,Gd,Sbrkr,-1.2073798306551937,1.0313585480044143,-0.11183896233236511,0.08477244684829625,1.5081281986003237,0.45511711201748645,Typ,Attchd,-0.258766941542518,0.4033288092841152,0.1465640434125233,Ta,Ta,-0.7459116674968221,-0.1872880383878275,-0.37071052595830367,-0.10217939216911985,-0.2698934816491846,-0.07638622508638289,-0.11841568718311837,-0.6157420322454488,Wd,Normal,184000.0
192,-1.268478775316436,-0.8779193078215382,Rl,0.004054801506679975,-0.02559035706511309,Inside,Collgcr,Norm,Norm,1fam,1story,0.7855007178579084,-0.5526946526296532,0.9273462531964591,0.6947311034950819,Gable,Compshg,Vinylsd,Vinylsd,-0.5718951461336651,Ta,Pconc,Glq,0.36804713938492783,Unf,-0.2871575004618263,0.7106859937307839,1.226798792413833,Ex,Sbrkr,1.0212454845469432,-0.8058476456345897,-0.11183896233236511,-0.028174468985352082,0.20923762540902602,-0.23862605398781578,Typ,Attchd,0.8609535669156769,0.4033288092841152,1.0575304460724968,Ta,Ta,-0.7459116674968221,-0.13760831720258873,-0.37071052595830367,-0.10217939216911985,-0.2698934816491846,-0.07638622508638289,0.9868929667900576,0.8927965977552895,Wd,Normal,192000.0
193,-1.2661137796383235,2.4008368366064192,Rm,-2.3594346540363698,-2.087183995442045,Inside,Edwards,Norm,Norm,Twnhs,2story,0.7855007178579084,-0.5526946526296532,1.092219784570283,0.9383932761003505,Gable,Compshg,Vinylsd,Vinylsd,-0.25103499193006407,Ta,Pconc,Unf,-1.0478669023226053,Unf,-0.2871575004618263,0.9452026381565967,-0.1840729303342042,Ex,Sbrkr,-0.4339900258045937,0.994809353170747,-0.11183896233236511,0.6259764185511946,0.20923762540902602,0.45511711201748645,Maj1,Detchd,1.0683092166301575,0.4033288092841152,-0.37398818667889006,Ta,Ta,-0.7459116674968221,-0.05480878189385744,-0.37071052595830367,-0.10217939216911985,-0.2698934816491846,-0.07638622508638289,-0.48685190517417704,-1.370011347245818,Wd,Normal,130000.0
194,-1.263748783960211,-0.8779193078215382,Rl,-0.42567055404660176,-0.6086769642550166,Inside,Collgcr,Norm,Norm,1fam,1story,-0.8154008244853307,1.2613861356950078,0.03702918377781046,-0.6210446285733681,Hip,Compshg,Hdboard,Hdboard,-0.5718951461336651,Ta,Cblock,Alq,-0.06178390899057328,Unf,-0.2871575004618263,-0.22974943896666752,-0.5084816127881998,Ta,Sbrkr,-0.7685994923930166,-0.8058476456345897,-0.11183896233236511,-1.3623599122703232,0.20923762540902602,-0.9323692199931181,Typ,Detchd,0.44624226748671586,-0.9824399605824299,-0.5141368640111936,Ta,Ta,-0.7459116674968221,-0.7172050643637078,-0.37071052595830367,-0.10217939216911985,-0.2698934816491846,-0.07638622508638289,-0.48685190517417704,0.1385272827549204,Wd,Normal,127000.0
195,-1.2613837882820986,2.4008368366064192,Rl,-2.3594346540363698,-2.163997799982032,Fr2,Npkvill,Norm,Norm,Twnhs,2story,-0.014950053313711128,0.35434574153267734,0.1689280088768695,-0.42611489048915324,Gable,Compshg,Plywood,Brkcmn,-0.5718951461336651,Ta,Cblock,Alq,0.3832176469746514,Unf,-0.2871575004618263,-0.6679876128936915,-0.536025746204105,Ta,Sbrkr,-0.7970097301222223,0.658556760701009,-0.11183896233236511,0.03065204967800643,0.20923762540902602,0.45511711201748645,Typ,Attchd,-0.09288242177093359,0.4033288092841152,-0.07366959239538234,Ta,Ta,-0.007411752800122552,-0.7172050643637078,-0.37071052595830367,-0.10217939216911985,-0.2698934816491846,-0.07638622508638289,0.2500205308079403,0.8927965977552895,Wd,Normal,148500.0
196,-1.2590187926039862,-0.8779193078215382,Rl,0.5949271653924424,0.10105719670122959,Inside,Somerst,Norm,Norm,1fam,1story,0.7855007178579084,-0.5526946526296532,1.1911439033945772,1.0845905796635116,Hip,Compshg,Cemntbd,Cmentbd,0.7436314861010991,Ta,Pconc,Glq,1.7991316886821846,Unf,-0.2871575004618263,0.06872629030254879,2.1296342766018395,Ex,Sbrkr,1.952469943448686,-0.8058476456345897,-0.11183896233236511,0.6659784512422784,0.20923762540902602,1.1488602780227886,Typ,Attchd,1.1927226064588459,1.7890975791506603,1.6581676346395122,Ta,Ta,0.7056226475966908,1.568062110157276,-0.37071052595830367,-0.10217939216911985,4.841036765581164,-0.07638622508638289,0.9868929667900576,-0.6157420322454488,New,Partial,311872.0
198,-1.2542888012477613,0.4101634632037308,Rm,1.2932308681665252,-1.135581573909475,Corner,Oldtown,Norm,Norm,1fam,2.5fin,-0.014950053313711128,0.35434574153267734,-1.9414531927080754,-1.6931581880365496,Gable,Compshg,Wdsdng,Wdsdng,-0.5718951461336651,Ta,Cblock,Unf,-1.0478669023226053,Unf,-0.2871575004618263,0.43589881440356887,-0.8420716730474971,Ex,Sbrkr,-0.5634144421265309,1.4577658210638647,8.593066785834178,1.8495680067490516,2.8070187717916215,1.1488602780227886,Typ,Attchd,0.07300209800065086,-2.368208730448975,-2.2760059504744388,Ta,Ta,-0.7459116674968221,2.5616565338620516,0.1317467827996109,-0.10217939216911985,-0.2698934816491846,-0.07638622508638289,0.2500205308079403,0.8927965977552895,Wd,Abnorml,104000.0
199,-1.2519238055696489,-0.8779193078215382,Rl,0.4337801570599617,0.15660436940576586,Inside,Nridght,Norm,Norm,1fam,1story,1.5859514890295279,-0.5526946526296532,1.092219784570283,0.9871257106214042,Hip,Compshg,Vinylsd,Vinylsd,1.1094120618932042,Ta,Pconc,Glq,1.703051807280602,Unf,-0.2871575004618263,0.12794766515755202,2.0898483061121986,Ex,Sbrkr,1.911432933395389,-0.8058476456345897,-0.11183896233236511,0.635388661537332,0.20923762540902602,0.45511711201748645,Typ,Attchd,1.0683092166301575,1.7890975791506603,2.0085393279702712,Ta,Ta,-0.7459116674968221,-0.28664748075830504,-0.37071052595830367,-0.10217939216911985,2.9964905109416398,-0.07638622508638289,-1.9605967771384116,0.8927965977552895,Wd,Normal,274900.0
200,-1.2495588098915364,-0.8779193078215382,Rm,0.6486428348366026,-0.17509160474417926,Corner,Edwards,Norm,Norm,1fam,1story,-1.6158515956569501,-0.5526946526296532,1.059245078295518,0.9383932761003505,Gable,Compshg,Vinylsd,Vinylsd,-0.5718951461336651,Ta,Pconc,Unf,-1.0478669023226053,Unf,-0.2871575004618263,1.3028997422808162,0.2780564191993178,Ex,Sbrkr,0.04267062942985766,-0.8058476456345897,-0.11183896233236511,-0.7576233004109977,-1.0896529477822716,-0.9323692199931181,Typ,Attchd,1.0268380866872613,0.4033288092841152,-0.07366959239538234,Ta,Ta,0.37457096169817033,0.34262898758805277,-0.37071052595830367,-0.10217939216911985,-0.2698934816491846,-0.07638622508638289,-1.2237243411562944,1.6470659127556586,Wd,Normal,140000.0
201,-1.247193814213424,-0.8779193078215382,Rl,0.3800644876158015,0.3261025992584651,Inside,Mitchel,Norm,Norm,1fam,1story,-0.014950053313711128,0.35434574153267734,0.20190271515163427,-0.37738245596809955,Gable,Compshg,Plywood,Plywood,-0.5718951461336651,Ta,Cblock,Alq,0.572848991846196,Lwq,1.5042789733683342,-0.6987827278182931,0.5075908643318618,Ta,Sbrkr,0.541428136231469,-0.8058476456345897,-0.11183896233236511,-0.38583970245857185,0.20923762540902602,-0.23862605398781578,Typ,Detchd,0.07300209800065086,0.4033288092841152,0.0915056344605469,Ta,Ta,1.2743524669608157,0.6572672217612316,-0.37071052595830367,-0.10217939216911985,-0.2698934816491846,-0.07638622508638289,-1.592160559147353,0.1385272827549204,Wd,Normal,171500.0
202,-1.2448288185353116,-0.17532870544411872,Rl,-0.962827248488204,-0.6658111990368254,Corner,Oldtown,Artery,Norm,1fam,1.5fin,-0.014950053313711128,0.35434574153267734,-1.5457567174108982,-1.6931581880365496,Gable,Compshg,Metalsd,Metalsd,-0.5718951461336651,Gd,Brktil,Lwq,0.5121669614873017,Unf,-0.2871575004618263,-1.3525867062175287,-1.2644150520913782,Gd,Sbrkr,-0.7654427993119937,0.2784451344308702,-0.11183896233236511,-0.31289481931600727,-1.0896529477822716,-0.23862605398781578,Min1,Attchd,-2.2493811788015314,-0.9824399605824299,-0.28389260839383773,Ta,Ta,-0.7459116674968221,-0.7172050643637078,1.7396101708249374,-0.10217939216911985,-0.2698934816491846,-0.07638622508638289,-0.48685190517417704,-1.370011347245818,Cod,Normal,112000.0
203,-1.2424638228571991,1.46404936676986,Rm,0.057770470950840196,-1.4790218074312362,Inside,Collgcr,Norm,Norm,Twnhse,1story,-0.014950053313711128,-0.5526946526296532,1.092219784570283,0.9383932761003505,Gable,Compshg,Vinylsd,Vinylsd,0.7436314861010991,Ta,Pconc,Glq,0.6259457684102285,Unf,-0.2871575004618263,-0.9119796772963048,-0.5574489610831425,Ex,Sbrkr,-0.8191065816893823,-0.8058476456345897,-0.11183896233236511,-1.4000088842148726,-2.3885435209735695,-2.3198555520037223,Typ,Attchd,1.0683092166301575,0.4033288092841152,-0.17377579048988492,Ta,Ta,0.5188755427308588,-0.7172050643637078,-0.37071052595830367,-0.10217939216911985,-0.2698934816491846,-0.07638622508638289,-1.9605967771384116,0.1385272827549204,Wd,Normal,149000.0
204,-1.2400988271790867,-0.17532870544411872,Rm,-0.962827248488204,-1.7767546531275507,Inside,Oldtown,Norm,Norm,1fam,1.5fin,-0.8154008244853307,1.2613861356950078,-0.7873384730913087,-1.6931581880365496,Gable,Compshg,Asbshng,Asbshng,-0.5718951461336651,Ta,Cblock,Lwq,-0.2590005076569797,Unf,-0.2871575004618263,-0.38609386858387607,-0.9491877474426843,Ta,Sbrkr,-1.223163296060308,0.5684020801112966,-0.11183896233236511,-0.37407439872590015,-1.0896529477822716,-0.9323692199931181,Typ,Detchd,-1.2540740601720246,-0.9824399605824299,-1.0747315733404081,Ta,Ta,-0.7459116674968221,-0.13760831720258873,-0.37071052595830367,-0.10217939216911985,-0.2698934816491846,-0.07638622508638289,-0.8552881231652357,0.8927965977552895,Wd,Normal,110000.0
205,-1.2377338315009743,-0.8779193078215382,Rl,1.6692405542756468,0.8739564283329199,Corner,Gilbert,Norm,Norm,1fam,1story,0.7855007178579084,-0.5526946526296532,0.6305738967235762,0.2561391928055986,Gable,Compshg,Hdboard,Hdboard,-0.5718951461336651,Ta,Pconc,Unf,-1.0478669023226053,Unf,-0.2871575004618263,2.0206628055234552,1.2053755775347956,Ex,Sbrkr,1.0559691084381948,-0.8058476456345897,-0.11183896233236511,-0.0022908007734743384,0.20923762540902602,-0.9323692199931181,Typ,Attchd,0.48771339742961195,0.4033288092841152,0.22664900188812537,Ta,Ta,-0.7459116674968221,-0.154168224264335,-0.37071052595830367,18.576247832742123,-0.2698934816491846,-0.07638622508638289,-0.48685190517417704,0.8927965977552895,Wd,Normal,180500.0
206,-1.2353688358228618,-0.8779193078215382,Rl,-1.499983942929806,1.4522818492910061,Culdsac,Sawyer,Rrae,Norm,1fam,1story,-0.8154008244853307,-0.5526946526296532,-0.2927178789698372,-1.108368973783905,Gable,Compshg,Hdboard,Hdboard,-0.5718951461336651,Gd,Cblock,Unf,-1.0478669023226053,Unf,-0.2871575004618263,1.3479079871706188,0.33620514529956225,Ta,Sbrkr,1.8577691510180003,-0.8058476456345897,-0.11183896233236511,0.5953866288462482,0.20923762540902602,1.1488602780227886,Min2,Attchd,-0.6734782409714791,-0.9824399605824299,-0.529152793725369,Ta,Ta,-0.7459116674968221,-0.22040785251132003,-0.37071052595830367,-0.10217939216911985,-0.2698934816491846,-0.07638622508638289,-1.2237243411562944,-0.6157420322454488,Wd,Normal,143900.0
207,-1.2330038401447494,-0.8779193078215382,Rl,0.057770470950840196,1.0777351990547044,Inside,Names,Norm,Norm,1fam,1story,-1.6158515956569501,-0.5526946526296532,-0.3586672915193667,-1.2058338428260125,Gable,Compshg,Wdsdng,Wdsdng,-0.5718951461336651,Ta,Pconc,Alq,0.011540211026423964,Rec,1.6776437934164143,-0.4642660833924803,0.21378677456220546,Ta,Sbrkr,-0.02361992527162234,-0.8058476456345897,-0.11183896233236511,-0.8070375760882188,0.20923762540902602,-0.23862605398781578,Typ,Attchd,-0.7564205008572713,-0.9824399605824299,-0.7143492602001988,Ta,Ta,2.2675075246563776,-0.7172050643637078,-0.37071052595830367,-0.10217939216911985,-0.2698934816491846,-0.07638622508638289,-0.8552881231652357,0.1385272827549204,Wd,Normal,141000.0
208,-1.230638844466637,0.05886816201502109,Rl,0.057770470950840196,1.6716138283700608,Inside,Sawyerw,Norm,Norm,1fam,2story,0.7855007178579084,-0.5526946526296532,0.5646244841740466,0.2074067582845449,Gable,Compshg,Plywood,Plywood,0.24950684862755348,Ta,Cblock,Glq,1.6448981948533283,Unf,-0.2871575004618263,-1.134652046751117,0.3882329528629389,Ex,Sbrkr,0.22891552121020622,1.3432450105850409,-0.11183896233236511,1.4566068620778168,0.20923762540902602,0.45511711201748645,Typ,Attchd,0.4047711375438197,0.4033288092841152,-0.0035952537292305484,Ta,Ta,-0.23660138149909826,0.19358982403233643,-0.37071052595830367,-0.10217939216911985,2.6890661351683858,-0.07638622508638289,-0.8552881231652357,-0.6157420322454488,Wd,Normal,277000.0
209,-1.2282738487885245,-0.8779193078215382,Rl,0.3800644876158015,-0.2690456797187092,Inside,Names,Norm,Norm,1fam,1story,-0.014950053313711128,1.2613861356950078,-0.22676846642030765,-1.0109041047417977,Hip,Compshg,Hdboard,Hdboard,1.09657765572506,Ta,Cblock,Rec,0.9419980098628028,Unf,-0.2871575004618263,-0.6300859329864894,0.18930310041473408,Ex,Sbrkr,-0.04887346991980519,-0.8058476456345897,-0.11183896233236511,-0.8258620620604935,0.20923762540902602,-0.23862605398781578,Typ,Attchd,-0.590535981085687,0.4033288092841152,0.24667024150702588,Ta,Gd,-0.7459116674968221,-0.7172050643637078,-0.37071052595830367,-0.10217939216911985,-0.2698934816491846,-0.07638622508638289,0.2500205308079403,0.1385272827549204,Wd,Normal,145000.0
210,-1.225908853110412,-0.6437224403623983,Rl,-0.049660867937480244,-1.1089189310112975,Inside,Edwards,Norm,Norm,1fam,1story,-0.8154008244853307,0.35434574153267734,-1.5127820111361334,-1.6931581880365496,Gable,Compshg,Stucco,Stucco,-0.5718951461336651,Ta,Cblock,Rec,0.1354326896758331,Unf,-0.2871575004618263,-0.4145201285142776,-0.5084816127881998,Ta,Fusea,-0.7685994923930166,-0.8058476456345897,-0.11183896233236511,-1.3623599122703232,-1.0896529477822716,-0.9323692199931181,Typ,Attchd,0.07300209800065086,-2.368208730448975,-2.2760059504744388,Ta,Ta,-0.7459116674968221,-0.7172050643637078,1.237152862067023,-0.10217939216911985,-0.2698934816491846,-0.07638622508638289,-0.8552881231652357,0.1385272827549204,Wd,Normal,98000.0
211,-1.2235438574322997,-0.8779193078215382,Rl,0.8097898431690833,0.4197392618175405,Corner,Edwards,Norm,Norm,1fam,1story,-0.014950053313711128,-0.5526946526296532,1.2570933159441067,1.182055448705619,Gable,Compshg,Vinylsd,Vinylsd,-0.5718951461336651,Ta,Pconc,Glq,-0.9568438567842639,Unf,-0.2871575004618263,1.4331867669618232,0.5565582126268045,Ex,Sbrkr,0.3299296998029376,-0.8058476456345897,-0.11183896233236511,-0.5434947724763727,0.20923762540902602,-0.23862605398781578,Typ,Attchd,1.275664866344638,0.4033288092841152,0.026436605699120222,Ta,Ta,0.10293880916605094,-0.3528871090052901,-0.37071052595830367,-0.10217939216911985,-0.2698934816491846,-0.07638622508638289,-1.2237243411562944,1.6470659127556586,Wd,Normal,186000.0
212,-1.2211788617541872,0.05886816201502109,Fv,0.21891747928332086,-0.14525483769145692,Inside,Somerst,Norm,Norm,1fam,2story,0.7855007178579084,-0.5526946526296532,1.2570933159441067,1.182055448705619,Gable,Compshg,Vinylsd,Vinylsd,-0.5718951461336651,Ta,Pconc,Glq,1.0304926374695236,Unf,-0.2871575004618263,-1.1678160166699187,-0.39830507912457863,Ex,Sbrkr,-0.5539443628834623,1.4358363041636644,-0.11183896233236511,0.9624641053056052,0.20923762540902602,0.45511711201748645,Typ,Attchd,1.275664866344638,0.4033288092841152,0.9474136281685439,Ta,Ta,0.6801571332968046,1.0712648983048882,-0.37071052595830367,-0.10217939216911985,-0.2698934816491846,-0.07638622508638289,0.2500205308079403,0.8927965977552895,New,Partial,252678.0
213,-1.2188138660760748,-0.8779193078215382,Rl,-1.3388369345973254,1.4189535456682842,Culdsac,Collgcr,Norm,Norm,1fam,1story,-0.8154008244853307,-0.5526946526296532,0.7954474280974001,0.49980136541086717,Gable,Compshg,Vinylsd,Vinylsd,-0.5718951461336651,Ta,Pconc,Alq,0.7624803367177406,Unf,-0.2871575004618263,-0.7035204378066934,-0.12286374496552578,Ex,Sbrkr,-0.3708561641841366,-0.8058476456345897,-0.11183896233236511,-1.0658742582069962,0.20923762540902602,-0.9323692199931181,Typ,Attchd,0.7365401770869886,0.4033288092841152,0.6070525546472352,Ta,Ta,1.1555134002280136,-0.7172050643637078,-0.37071052595830367,-0.10217939216911985,-0.2698934816491846,-0.07638622508638289,0.2500205308079403,-1.370011347245818,Wd,Normal,156000.0
214,-1.2164488703979623,0.05886816201502109,Rl,0.057770470950840196,0.5720972212356972,Fr2,Collgcr,Norm,Norm,1fam,2story,-0.014950053313711128,1.2613861356950078,0.20190271515163427,-0.37738245596809955,Gable,Compshg,Hdboard,Hdboard,0.409936925729354,Ta,Cblock,Glq,-0.09212492417002043,Unf,-0.2871575004618263,-0.6158728030212887,-1.044061984764136,Ex,Sbrkr,-1.3210207815720165,0.9070912855699458,-0.11183896233236511,-0.11994383810019137,0.20923762540902602,-0.23862605398781578,Typ,Attchd,-0.05141129182803748,-0.9824399605824299,-0.7794182889616255,Ta,Ta,-0.7459116674968221,-0.12104841014084247,-0.37071052595830367,-0.10217939216911985,-0.2698934816491846,0.9033479301837994,-1.2237243411562944,1.6470659127556586,Wd,Normal,161750.0
215,-1.21408387471985,-0.8779193078215382,Rl,0.21891747928332086,0.2899175838966529,Inside,Names,Norm,Norm,1fam,1story,-0.8154008244853307,0.35434574153267734,-0.457591410343661,0.5485337999319209,Gable,Compshg,Hdboard,Hdboard,-0.1611941487530558,Ta,Cblock,Blq,-0.13763644693919114,Unf,-0.2871575004618263,0.329300339664563,0.12197299650918784,Ta,Sbrkr,0.4056903337474862,-0.8058476456345897,-0.11183896233236511,-0.4870213145595485,-1.0896529477822716,-0.23862605398781578,Min1,Attchd,-0.8808338906859596,-0.9824399605824299,-0.03863242306230645,Ta,Ta,-0.7459116674968221,-0.7172050643637078,-0.37071052595830367,-0.10217939216911985,-0.2698934816491846,-0.07638622508638289,-0.48685190517417704,-1.370011347245818,Wd,Normal,134450.0
216,-1.2117188790417375,-0.8779193078215382,Rl,-0.1570922068258007,-0.20556319662781058,Inside,Collgcr,Norm,Norm,1fam,1story,0.7855007178579084,-0.5526946526296532,1.092219784570283,0.9383932761003505,Gable,Compshg,Vinylsd,Vinylsd,1.1350808742294922,Ta,Pconc,Glq,1.3440164609904774,Unf,-0.2871575004618263,-0.19184775905946544,1.2421010887560027,Ex,Sbrkr,1.0370289499520575,-0.8058476456345897,-0.11183896233236511,-0.01640916525268038,0.20923762540902602,1.1488602780227886,Typ,Attchd,1.0683092166301575,0.4033288092841152,0.1465640434125233,Ta,Ta,0.43399049506457144,0.9056658276874255,-0.37071052595830367,-0.10217939216911985,-0.2698934816491846,-0.07638622508638289,-0.8552881231652357,0.1385272827549204,Wd,Normal,210000.0
217,-1.209353883363625,0.2930650294741609,Rm,-0.5868175623790824,0.25658928027393113,Inside,Oldtown,Norm,Norm,1fam,2story,-1.6158515956569501,-1.4597350467919836,-1.5127820111361334,-1.6931581880365496,Gable,Compshg,Metalsd,Metalsd,-0.5718951461336651,Ta,Cblock,Unf,-1.0478669023226053,Unf,-0.2871575004618263,0.2724478198037599,-1.0532433625694375,Fa,Sbrkr,-0.9390609187682508,0.45631788262138384,-0.11183896233236511,-0.27053972587838915,0.20923762540902602,1.1488602780227886,Typ,Detchd,-1.5858430997151935,-0.9824399605824299,-1.224890870482162,Ta,Ta,-0.7459116674968221,2.1310989502566486,0.6342040915575254,-0.10217939216911985,-0.2698934816491846,-0.07638622508638289,0.9868929667900576,-1.370011347245818,Wd,Family,107000.0
218,-1.2069888876855126,-0.17532870544411872,Rl,0.057770470950840196,2.0829803187990836,Corner,Crawfor,Norm,Norm,1fam,1.5fin,0.7855007178579084,3.075466924019669,-1.0511361232894267,1.035858145142458,Gable,Compshg,Vinylsd,Vinylsd,1.430272216096805,Gd,Cblock,Blq,-0.18567638763998243,Unf,-0.2871575004618263,-0.2700199738680697,-0.7104719245048385,Ex,Sbrkr,0.09317771872622337,1.1848651663058165,-0.11183896233236511,1.202476301452108,0.20923762540902602,1.1488602780227886,Typ,Attchd,-1.6273142296580896,0.4033288092841152,-0.1187173815379085,Ta,Ta,-0.7459116674968221,1.253423875984097,2.141576017831269,-0.10217939216911985,-0.2698934816491846,-0.07638622508638289,-0.48685190517417704,0.1385272827549204,Wd,Normal,311500.0
219,-1.2046238920074002,1.46404936676986,Rl,-1.3388369345973254,-1.9322867367002523,Inside,Blmngtn,Norm,Norm,Twnhse,1story,0.7855007178579084,-0.5526946526296532,1.1251944908450477,1.035858145142458,Gable,Compshg,Vinylsd,Vinylsd,-0.4692198967885127,Ta,Pconc,Glq,-1.0074122154166758,Unf,-0.2871575004618263,1.5658426466370305,0.6667347462904257,Ex,Sbrkr,0.4435706507197605,-0.8058476456345897,-0.11183896233236511,-0.4587845856011364,-1.0896529477822716,-0.9323692199931181,Typ,Attchd,1.1097803465730536,0.4033288092841152,-0.08368021220483261,Ta,Ta,0.17084684729908078,-0.7172050643637078,-0.37071052595830367,-0.10217939216911985,-0.2698934816491846,-0.07638622508638289,-1.2237243411562944,-1.370011347245818,New,Partial,167240.0
220,-1.2022588963292877,-0.8779193078215382,Rl,0.27263314872748107,-0.0341604922823844,Inside,Collgcr,Norm,Norm,1fam,1story,0.7855007178579084,-0.5526946526296532,1.1581691971198125,1.035858145142458,Gable,Compshg,Vinylsd,Vinylsd,-0.5718951461336651,Ta,Pconc,Unf,-1.0478669023226053,Unf,-0.2871575004618263,2.195958075094265,1.4318495633989057,Ex,Sbrkr,1.2327439209754747,-0.8058476456345897,-0.11183896233236511,0.12948060103244874,-1.0896529477822716,-0.9323692199931181,Typ,Attchd,1.1512514765159496,0.4033288092841152,1.1025782352150229,Ta,Ta,2.2335535055898625,-0.17072813132608125,-0.37071052595830367,-0.10217939216911985,-0.2698934816491846,-0.07638622508638289,-0.8552881231652357,-1.370011347245818,New,Partial,204900.0
221,-1.1998939006511753,0.05886816201502109,Rl,0.057770470950840196,-0.3268147393314269,Inside,Gilbert,Norm,Norm,1fam,2story,-0.014950053313711128,-0.5526946526296532,1.0262703720207533,0.8409284070582431,Gable,Compshg,Vinylsd,Vinylsd,-0.5718951461336651,Ta,Pconc,Unf,-1.0478669023226053,Unf,-0.2871575004618263,1.0399568379246018,-0.06165455959684738,Ex,Sbrkr,-0.30772230256367944,2.2569748814267205,-0.11183896233236511,1.9389843151173567,1.5081281986003237,1.1488602780227886,Typ,Builtin,0.9853669567443653,0.4033288092841152,-0.3239350876316388,Ta,Ta,0.27270890449862556,0.0445506604766201,-0.37071052595830367,-0.10217939216911985,-0.2698934816491846,-0.07638622508638289,2.0922016207632335,0.8927965977552895,Conli,Normal,200000.0
222,-1.1975289049730629,0.05886816201502109,Rl,0.9172211820574037,0.7546093601220306,Inside,Nwames,Rran,Norm,1fam,2story,-0.014950053313711128,0.35434574153267734,0.13595330260210475,-0.474847325010207,Gable,Compshg,Vinylsd,Vinylsd,-0.5718951461336651,Ta,Cblock,Alq,0.34276296006872187,Unf,-0.2871575004618263,-0.9664633421629077,-0.9706109623217217,Ta,Sbrkr,-0.935904225687228,0.9996825791485694,-0.11183896233236511,0.2565458813453031,0.20923762540902602,-0.23862605398781578,Typ,Attchd,-0.1343535517138297,0.4033288092841152,-0.10370145182373312,Ta,Ta,1.0281858287285826,2.727255604479514,-0.37071052595830367,-0.10217939216911985,-0.2698934816491846,-0.07638622508638289,-1.592160559147353,-1.370011347245818,Wd,Normal,179900.0
223,-1.1951639092949504,-0.8779193078215382,Rl,0.11148614039500042,0.4451322550539,Fr2,Names,Norm,Norm,1fam,1story,-1.6158515956569501,0.35434574153267734,0.004054477503045694,-0.6697770630944218,Gable,Compshg,Hdboard,Hdboard,-0.5718951461336651,Ta,Cblock,Alq,0.2770240938465864,Lwq,0.8686079665253741,-0.9735699071455082,-0.5084816127881998,Gd,Sbrkr,-0.7685994923930166,-0.8058476456345897,-0.11183896233236511,-1.3623599122703232,-1.0896529477822716,-1.6261123859984203,Typ,Detchd,0.44624226748671586,0.4033288092841152,0.6070525546472352,Ta,Ta,1.0876053620949837,-0.7172050643637078,-0.37071052595830367,-0.10217939216911985,-0.2698934816491846,-0.07638622508638289,-1.2237243411562944,0.8927965977552895,Wd,Abnorml,97000.0
225,-1.1904339179387255,2.4008368366064192,Rm,-2.5205816623688504,-2.3544452492547276,Inside,Brdale,Norm,Norm,Twnhs,2story,-0.8154008244853307,-0.5526946526296532,0.004054477503045694,-0.6697770630944218,Gable,Compshg,Hdboard,Hdboard,0.33934769180456176,Ta,Cblock,Unf,-1.0478669023226053,Unf,-0.2871575004618263,0.13979194012855267,-1.2246290816017371,Ta,Sbrkr,-1.507265673352365,0.8315562829137003,-0.11183896233236511,-0.33171930528828203,0.20923762540902602,-0.23862605398781578,Typ,Detchd,0.5291845273725081,-0.9824399605824299,-0.8745191771514029,Ta,Ta,-0.7459116674968221,-0.7172050643637078,-0.37071052595830367,-0.10217939216911985,-0.2698934816491846,-0.07638622508638289,-0.48685190517417704,0.8927965977552895,Cod,Abnorml,112000.0
226,-1.1880689222606131,0.05886816201502109,Rl,0.756074173724923,0.27055542655392883,Inside,Noridge,Norm,Norm,1fam,2story,0.7855007178579084,-0.5526946526296532,0.7954474280974001,0.49980136541086717,Gable,Compshg,Vinylsd,Vinylsd,1.2890937482472207,Ta,Pconc,Glq,0.3806892290430308,Unf,-0.2871575004618263,0.1587427800821537,0.5290140792108993,Ex,Sbrkr,0.33624308596498337,2.3763689178833665,-0.11183896233236511,2.534308683990545,1.5081281986003237,1.842603444028091,Typ,Attchd,0.6950690471440925,1.7890975791506603,1.3328224908323787,Ta,Ta,1.1555134002280136,1.1706243406753658,-0.37071052595830367,-0.10217939216911985,-0.2698934816491846,-0.07638622508638289,-0.11841568718311837,-0.6157420322454488,Wd,Abnorml,290000.0
227,-1.1857039265825007,2.4008368366064192,Rm,-2.5205816623688504,-2.2944543027338287,Inside,Brdale,Norm,Norm,Twnhs,2story,-0.014950053313711128,0.35434574153267734,-0.02892022877171907,-0.7185094976154754,Gable,Compshg,Hdboard,Hdboard,0.24308964554348148,Ta,Cblock,Rec,-0.2362447462723943,Unf,-0.2871575004618263,-0.9688321971571079,-1.6745165940615234,Ta,Sbrkr,-1.9712995562627251,0.4222053007766278,-0.11183896233236511,-1.0729334404465993,-1.0896529477822716,-0.9323692199931181,Typ,Detchd,0.3633000076009236,-0.9824399605824299,-0.8745191771514029,Ta,Ta,-0.7459116674968221,-0.7172050643637078,-0.37071052595830367,-0.10217939216911985,-0.2698934816491846,-0.07638622508638289,0.9868929667900576,0.1385272827549204,Wd,Normal,106000.0
228,-1.1833389309043882,-0.8779193078215382,Rl,0.11148614039500042,-0.1830269151305416,Fr2,Sawyer,Feedr,Norm,1fam,1story,-0.8154008244853307,-0.5526946526296532,-0.12784434759601337,-0.8647068011786366,Gable,Compshg,Hdboard,Hdboard,-0.5718951461336651,Ta,Cblock,Alq,1.0810609961019355,Unf,-0.2871575004618263,-1.1867668566235199,-0.3615795679033716,Ta,Sbrkr,-0.6170782245039195,-0.8058476456345897,-0.11183896233236511,-1.249412996436675,0.20923762540902602,-0.9323692199931181,Typ,Detchd,-0.1758246816567258,-0.9824399605824299,-0.5942218224867958,Ta,Ta,-0.7459116674968221,-0.7172050643637078,-0.37071052595830367,-0.10217939216911985,-0.2698934816491846,-0.07638622508638289,-0.48685190517417704,1.6470659127556586,Wd,Normal,125000.0
229,-1.1809739352262758,1.46404936676986,Rl,-1.3388369345973254,-1.8776918012420794,Inside,Blmngtn,Norm,Norm,Twnhse,1story,0.7855007178579084,-0.5526946526296532,1.1251944908450477,1.035858145142458,Gable,Compshg,Vinylsd,Vinylsd,-0.4692198967885127,Ta,Pconc,Glq,-1.0074122154166758,Unf,-0.2871575004618263,1.8619495209120467,1.0492921548446656,Ex,Sbrkr,1.4126754265937775,-0.8058476456345897,-0.11183896233236511,0.26360506358490615,-1.0896529477822716,0.45511711201748645,Typ,Attchd,1.1097803465730536,0.4033288092841152,-0.12372269144263363,Ta,Ta,0.46794451413108634,-0.3860069231287826,-0.37071052595830367,-0.10217939216911985,-0.2698934816491846,-0.07638622508638289,-0.48685190517417704,0.8927965977552895,Wd,Normal,192500.0
230,-1.1786089395481634,-0.8779193078215382,Rl,0.27263314872748107,-0.10716534783691778,Inside,Names,Norm,Norm,1fam,1story,-0.014950053313711128,0.35434574153267734,-0.3916419977941315,-1.2545662773470663,Hip,Compshg,Metalsd,Metalsd,0.8398895323621792,Ta,Cblock,Unf,-1.0478669023226053,Unf,-0.2871575004618263,1.4758261568574256,0.5014699457949939,Ta,Sbrkr,0.2731092243445262,-0.8058476456345897,-0.11183896233236511,-0.5858498659139908,0.20923762540902602,-0.23862605398781578,Typ,Attchd,-0.7978916308001675,-0.9824399605824299,-0.7143492602001988,Ta,Ta,-0.7459116674968221,-0.7172050643637078,1.6391187090733546,-0.10217939216911985,-0.2698934816491846,-0.07638622508638289,-0.8552881231652357,1.6470659127556586,Wd,Normal,148000.0
232,-1.1738789481919385,2.4008368366064192,Rm,-2.5205816623688504,-2.3544452492547276,Inside,Brdale,Norm,Norm,Twnhs,2story,-0.014950053313711128,-0.5526946526296532,0.03702918377781046,-0.6210446285733681,Gable,Compshg,Hdboard,Hdboard,1.3340141698357249,Ta,Cblock,Unf,-1.0478669023226053,Unf,-0.2871575004618263,-0.20842974401886635,-1.6745165940615234,Ta,Sbrkr,-1.9712995562627251,0.4222053007766278,-0.11183896233236511,-1.0729334404465993,-1.0896529477822716,-0.9323692199931181,Typ,Attchd,-0.258766941542518,-0.9824399605824299,-0.8344766979136019,Ta,Ta,-0.7459116674968221,-0.7172050643637078,-0.37071052595830367,-0.10217939216911985,-0.2698934816491846,-0.07638622508638289,-0.11841568718311837,-1.370011347245818,Wd,Normal,94500.0
233,-1.171513952513826,-0.8779193078215382,Rl,0.3800644876158015,0.4927441173720739,Corner,Collgcr,Norm,Norm,1fam,1story,-0.8154008244853307,0.35434574153267734,0.1689280088768695,-0.42611489048915324,Gable,Compshg,Hdboard,Hdboard,-0.5718951461336651,Ta,Cblock,Lwq,-0.5876948387676569,Alq,4.284537013398655,-1.3525867062175287,-0.41666783473518215,Ta,Sbrkr,-0.6738986999623309,-0.8058476456345897,-0.11183896233236511,-1.291768089874293,0.20923762540902602,-0.9323692199931181,Typ,Attchd,-0.09288242177093359,-0.9824399605824299,-0.7343704998190993,Ta,Ta,2.352392572322665,-0.7172050643637078,-0.37071052595830367,-0.10217939216911985,-0.2698934816491846,-0.07638622508638289,-1.592160559147353,1.6470659127556586,Wd,Normal,128200.0
234,-1.1691489568357136,0.05886816201502109,Rl,0.057770470950840196,-0.39569323348505187,Inside,Gilbert,Norm,Norm,1fam,2story,-0.014950053313711128,-0.5526946526296532,1.0262703720207533,0.8409284070582431,Gable,Compshg,Vinylsd,Vinylsd,-0.5718951461336651,Ta,Pconc,Glq,0.5323943049402665,Unf,-0.2871575004618263,-0.7959057825804985,-0.5207234498619354,Ex,Sbrkr,-0.781226264717108,1.8744266421676707,-0.11183896233236511,1.216594665931314,1.5081281986003237,1.1488602780227886,Typ,Builtin,0.9853669567443653,0.4033288092841152,-0.07366959239538234,Ta,Ta,1.6987777052922524,0.07767047460011262,-0.37071052595830367,-0.10217939216911985,-0.2698934816491846,-0.07638622508638289,-0.48685190517417704,1.6470659127556586,Wd,Normal,216500.0
235,-1.1667839611576012,2.4008368366064192,Rm,-2.5205816623688504,-2.3544452492547276,Inside,Brdale,Norm,Norm,Twnhse,2story,-0.014950053313711128,-2.366775440954314,0.004054477503045694,-0.6697770630944218,Gable,Compshg,Hdboard,Hdboard,3.304095516645835,Ta,Cblock,Alq,-0.14269328280243232,Unf,-0.2871575004618263,-1.0564798319425126,-1.6745165940615234,Ta,Sbrkr,-1.9712995562627251,0.4222053007766278,-0.11183896233236511,-1.0729334404465993,-1.0896529477822716,-0.9323692199931181,Typ,Detchd,-0.30023807148541415,-0.9824399605824299,-0.954604135627005,Ta,Ta,-0.7459116674968221,-0.7172050643637078,-0.37071052595830367,-0.10217939216911985,-0.2698934816491846,-0.07638622508638289,0.6184567487989989,0.1385272827549204,Wd,Normal,89500.0
236,-1.1644189654794888,-0.8779193078215382,Rl,-0.1570922068258007,-0.10303898643600937,Fr2,Collgcr,Norm,Norm,1fam,1story,0.7855007178579084,-0.5526946526296532,1.092219784570283,0.9383932761003505,Gable,Compshg,Vinylsd,Vinylsd,0.05699075610539289,Ta,Pconc,Glq,-0.987184871963711,Unf,-0.2871575004618263,1.940121735720651,1.1747709848504564,Ex,Sbrkr,0.9675817021695547,-0.8058476456345897,-0.11183896233236511,-0.06817650167643587,0.20923762540902602,-0.23862605398781578,Typ,Attchd,1.0683092166301575,0.4033288092841152,0.1966171424597746,Ta,Ta,0.37457096169817033,1.0215851771196494,-0.37071052595830367,-0.10217939216911985,-0.2698934816491846,-0.07638622508638289,-0.48685190517417704,1.6470659127556586,Wd,Normal,185500.0
237,-1.1620539698013763,0.05886816201502109,Rl,0.057770470950840196,0.11280145607304583,Culdsac,Sawyerw,Rrne,Norm,1fam,2story,0.7855007178579084,1.2613861356950078,0.7294980155478705,0.8896608415792968,Gable,Compshg,Hdboard,Hdboard,-0.5718951461336651,Ta,Pconc,Blq,-0.031442893811126145,Unf,-0.2871575004618263,0.054513160337348016,-0.10450098935492226,Ex,Sbrkr,-0.295095530239588,0.9728798362705467,-0.11183896233236511,0.7083335446798965,0.20923762540902602,0.45511711201748645,Typ,Attchd,0.6121267872583003,0.4033288092841152,0.011420675984944837,Ta,Ta,2.3948350961558083,0.44198842995853027,-0.37071052595830367,8.648737299816858,-0.2698934816491846,-0.07638622508638289,-1.592160559147353,1.6470659127556586,Wd,Normal,194500.0
238,-1.1596889741232639,-0.8779193078215382,Rl,1.3469465376106855,0.9307732506992742,Inside,Nridght,Norm,Norm,1fam,1story,1.5859514890295279,-0.5526946526296532,1.1911439033945772,1.0845905796635116,Hip,Compshg,Vinylsd,Vinylsd,1.0580744372206279,Ta,Pconc,Unf,-1.0478669023226053,Unf,-0.2871575004618263,2.6602536539574904,2.031699580011954,Ex,Sbrkr,1.8514557648559546,-0.8058476456345897,-0.11183896233236511,0.5906805073531795,0.20923762540902602,0.45511711201748645,Typ,Attchd,1.1927226064588459,1.7890975791506603,1.8183375515907163,Ta,Ta,0.6801571332968046,3.058453745714439,-0.37071052595830367,-0.10217939216911985,-0.2698934816491846,-0.07638622508638289,2.0922016207632335,-0.6157420322454488,New,Partial,318000.0
239,-1.1573239784451514,-0.17532870544411872,Rl,-0.8553959095998835,-0.11319618373055314,Inside,Edwards,Norm,Norm,1fam,1.5fin,-0.014950053313711128,-1.4597350467919836,-0.8532878856408382,-1.6931581880365496,Gable,Compshg,Vinylsd,Vinylsd,-0.5718951461336651,Ta,Cblock,Lwq,-0.8101956167502693,Unf,-0.2871575004618263,0.1658493450647541,-0.9032808584161754,Ta,Fusea,-0.9769412357405252,0.8729787037251897,-0.11183896233236511,0.10359693282057099,0.20923762540902602,0.45511711201748645,Typ,Detchd,-1.2126029302291286,-0.9824399605824299,-1.1748377714349107,Ta,Ta,-0.7459116674968221,1.6011819242807686,-0.37071052595830367,-0.10217939216911985,-0.2698934816491846,-0.07638622508638289,-0.8552881231652357,1.6470659127556586,Wd,Normal,113000.0
240,-1.154958982767039,-0.8779193078215382,Fv,0.3800644876158015,-0.03098636812783947,Inside,Somerst,Norm,Norm,1fam,1story,1.5859514890295279,-0.5526946526296532,1.224118609669342,1.1333230141845654,Gable,Compshg,Vinylsd,Vinylsd,-0.34087583510707237,Ta,Pconc,Glq,1.677767627964396,Unf,-0.2871575004618263,-0.1965854690478657,1.6399607936524123,Ex,Sbrkr,1.447399050485029,-0.8058476456345897,-0.11183896233236511,0.28948873179678386,0.20923762540902602,0.45511711201748645,Typ,Attchd,1.234193736401742,0.4033288092841152,1.4779764780694076,Ta,Ta,0.4764330188977151,2.0648593220096636,-0.37071052595830367,-0.10217939216911985,-0.2698934816491846,-0.07638622508638289,-0.8552881231652357,1.6470659127556586,Wd,Normal,262500.0
241,-1.1525939870889266,-0.6437224403623983,Rm,-1.499983942929806,-1.6561379352548433,Inside,Oldtown,Norm,Norm,1fam,1story,-0.8154008244853307,3.075466924019669,-0.8532878856408382,0.5972662344529746,Gable,Compshg,Vinylsd,Vinylsd,-0.5718951461336651,Gd,Cblock,Alq,-0.21601740281942955,Unf,-0.2871575004618263,-0.5069054732880827,-1.0532433625694375,Gd,Sbrkr,-0.7622861062309708,-0.8058476456345897,-0.11183896233236511,-1.3576537907772546,-1.0896529477822716,-1.6261123859984203,Typ,Attchd,0.07300209800065086,-2.368208730448975,-2.2760059504744388,Ta,Ta,-0.25357839103235574,-0.021688967770364925,-0.37071052595830367,-0.10217939216911985,-0.2698934816491846,-0.07638622508638289,0.6184567487989989,-0.6157420322454488,Wd,Normal,110500.0
242,-1.1502289914108141,-0.17532870544411872,Rm,-0.2645235457141211,-1.3006360299458113,Corner,Oldtown,Norm,Norm,1fam,1.5fin,-0.8154008244853307,-1.4597350467919836,-2.3371496680052526,-1.6931581880365496,Gable,Compshg,Wdsdng,Wdsdng,-0.5718951461336651,Ta,Brktil,Unf,-1.0478669023226053,Unf,-0.2871575004618263,-0.07340500934945897,-1.50007041576079,Gd,Fusea,-0.6896821653674452,0.5367261112554517,-0.11183896233236511,-0.0069969222665430195,0.20923762540902602,-0.23862605398781578,Typ,Attchd,-1.5858430997151935,-0.9824399605824299,-0.5141368640111936,Fa,Ta,-0.7459116674968221,-0.7172050643637078,0.918929899853677,-0.10217939216911985,-0.2698934816491846,-0.07638622508638289,-0.8552881231652357,-1.370011347245818,Wd,Normal,79000.0
243,-1.1478639957327017,2.4008368366064192,Rl,0.3800644876158015,0.528294307902977,Corner,Sawyerw,Norm,Norm,Twnhse,2story,-0.014950053313711128,0.35434574153267734,0.3008268339759286,-0.23118515240493845,Gable,Compshg,Plywood,Plywood,-0.5718951461336651,Ta,Cblock,Unf,-1.0478669023226053,Unf,-0.2871575004618263,0.13031652015175216,-1.2368709186754727,Ta,Sbrkr,-1.5198924456764564,0.6341906308118975,-0.11183896233236511,-0.531729468743701,0.20923762540902602,-0.23862605398781578,Typ,Attchd,0.07300209800065086,-0.9824399605824299,-0.8344766979136019,Ta,Ta,-0.7459116674968221,-0.2535276666348125,-0.37071052595830367,-0.10217939216911985,-0.2698934816491846,-0.07638622508638289,-0.8552881231652357,0.8927965977552895,Wd,Normal,120000.0
244,-1.1454990000545893,0.05886816201502109,Rl,0.057770470950840196,-0.06907585798237863,Inside,Sawyerw,Norm,Norm,1fam,2story,0.7855007178579084,-0.5526946526296532,0.7624727218226353,0.8409284070582431,Gable,Compshg,Vinylsd,Vinylsd,-0.5718951461336651,Ta,Pconc,Glq,0.7093835601537081,Unf,-0.2871575004618263,-0.7532663926848961,-0.25140303423975047,Ex,Sbrkr,0.3614966306131662,1.3578646885185077,-0.11183896233236511,1.5695537779114652,0.20923762540902602,1.1488602780227886,Typ,Attchd,0.6535979172011964,0.4033288092841152,0.04145253541329561,Ta,Ta,-0.7459116674968221,1.435582853663306,-0.37071052595830367,-0.10217939216911985,-0.2698934816491846,-0.07638622508638289,-0.48685190517417704,1.6470659127556586,Wd,Normal,205000.0
245,-1.1431340043764768,-0.8779193078215382,Rl,0.6486428348366026,0.41339101350845064,Inside,Nwames,Norm,Norm,1fam,1story,0.7855007178579084,-0.5526946526296532,0.5646244841740466,0.1586743237634912,Gable,Compshg,Wdsdng,Wdsdng,0.08265956844168097,Ta,Cblock,Glq,1.3010333561529275,Unf,-0.2871575004618263,0.8172844684697896,2.4938289295454763,Gd,Sbrkr,2.413347133278023,-0.8058476456345897,-0.11183896233236511,1.0095253202362922,0.20923762540902602,-0.23862605398781578,Typ,Attchd,0.4047711375438197,0.4033288092841152,0.7472012319795387,Ta,Ta,0.9263237715290378,-0.07136868895560369,-0.37071052595830367,-0.10217939216911985,-0.2698934816491846,-0.07638622508638289,-0.11841568718311837,-1.370011347245818,Wd,Normal,241500.0
246,-1.1407690086983644,3.103427438983839,Rm,0.057770470950840196,0.014086194866698529,Inside,Oldtown,Norm,Norm,2fmcon,2story,-0.014950053313711128,2.168426529857338,-2.007402605257605,-1.6931581880365496,Gable,Compshg,Asbshng,Asbshng,-0.5718951461336651,Fa,Stone,Unf,-1.0478669023226053,Unf,-0.2871575004618263,1.0636453878666032,-0.031049966912508175,Gd,Fusep,-0.6297049968280108,1.679497603054779,-0.11183896233236511,1.1412967220422152,1.5081281986003237,1.842603444028091,Typ,Detchd,-2.829976998002077,-0.9824399605824299,-0.07366959239538234,Po,Po,-0.7459116674968221,0.27638935934106773,1.5051300934045773,-0.10217939216911985,-0.2698934816491846,-0.07638622508638289,-0.8552881231652357,-1.370011347245818,Wd,Normal,137000.0
247,-1.138404013020252,-0.8779193078215382,Rl,0.3800644876158015,0.7022363115720393,Inside,Names,Norm,Norm,1fam,1story,-0.014950053313711128,-0.5526946526296532,-0.5565155291679553,-1.4982284499523348,Hip,Compshg,Wdsdng,Brkface,-0.5718951461336651,Ta,Cblock,Unf,-1.0478669023226053,Unf,-0.2871575004618263,1.885638070854048,1.0309293992340622,Ex,Sbrkr,0.8444706720096633,-0.8058476456345897,-0.11183896233236511,-0.15994587079127515,-1.0896529477822716,-0.9323692199931181,Typ,Attchd,-1.005247280514648,0.4033288092841152,-0.018611183443405933,Ta,Ta,-0.7459116674968221,-0.22040785251132003,-0.37071052595830367,-0.10217939216911985,-0.2698934816491846,-0.07638622508638289,-0.11841568718311837,-1.370011347245818,Wd,Normal,140000.0
248,-1.1360390173421395,0.05886816201502109,Rl,0.21891747928332086,0.7044581984802207,Inside,Collgcr,Norm,Norm,1fam,2story,0.7855007178579084,-0.5526946526296532,1.059245078295518,0.8896608415792968,Gable,Compshg,Vinylsd,Vinylsd,0.07624236535760895,Ta,Pconc,Unf,-1.0478669023226053,Unf,-0.2871575004618263,0.6372514889105798,-0.5819326352306139,Ex,Sbrkr,-0.8443601263375652,1.211667909183839,-0.11183896233236511,0.5295009279432866,0.20923762540902602,1.1488602780227886,Typ,Attchd,1.0268380866872613,0.4033288092841152,0.22664900188812537,Ta,Ta,0.4764330188977151,0.4088686158350378,-0.37071052595830367,-0.10217939216911985,-0.2698934816491846,-0.07638622508638289,0.9868929667900576,-0.6157420322454488,Wd,Normal,180000.0
250,-1.1313090259859147,-0.6437224403623983,Rl,-0.6942489012674029,-1.1895416845367388,Inside,Brkside,Norm,Norm,1fam,1story,-2.4163023668285697,-3.2738158351166446,-1.018161417014662,-0.9134392356996903,Gable,Compshg,Wdsdng,Plywood,-0.5718951461336651,Po,Cblock,Unf,-1.0478669023226053,Unf,-0.2871575004618263,0.37193972956016536,-0.924704073295213,Ex,Sbrkr,0.6266588494190862,-0.8058476456345897,-0.11183896233236511,-0.3223070623021447,0.20923762540902602,-0.23862605398781578,Mod,Attchd,0.07300209800065086,-2.368208730448975,-2.2760059504744388,Ta,Ta,1.486565086126534,-0.7172050643637078,-0.37071052595830367,-0.10217939216911985,-0.2698934816491846,0.9033479301837994,-0.48685190517417704,1.6470659127556586,Wd,Normal,76500.0
251,-1.1289440303078022,1.46404936676986,Rm,-1.2851212651531654,-1.3799891338094346,Inside,Crawfor,Norm,Norm,Twnhse,1story,1.5859514890295279,-0.5526946526296532,1.1581691971198125,1.0845905796635116,Hip,Compshg,Vinylsd,Vinylsd,2.5147795373049764,Ta,Pconc,Glq,2.9293345041165906,Unf,-0.2871575004618263,-1.3525867062175287,1.6613840085314497,Ex,Sbrkr,1.6336439422653775,-0.8058476456345897,-0.11183896233236511,0.42831931584231,-1.0896529477822716,-0.9323692199931181,Typ,Attchd,1.1512514765159496,0.4033288092841152,0.41685077826768024,Ta,Ta,0.29817441879851175,-0.7172050643637078,-0.37071052595830367,-0.10217939216911985,2.669852111682557,-0.07638622508638289,2.0922016207632335,-0.6157420322454488,Wd,Family,235000.0
252,-1.1265790346296898,0.05886816201502109,Rl,-0.1570922068258007,-0.232225839525988,Inside,Sawyerw,Norm,Norm,1fam,2story,-0.014950053313711128,-0.5526946526296532,1.092219784570283,0.9383932761003505,Gable,Compshg,Vinylsd,Vinylsd,-0.5718951461336651,Ta,Pconc,Unf,-1.0478669023226053,Unf,-0.2871575004618263,0.5377595791541744,-0.7104719245048385,Ex,Sbrkr,-0.9769412357405252,1.245780491028595,-0.11183896233236511,0.4636152270403251,0.20923762540902602,-0.23862605398781578,Typ,Attchd,1.0683092166301575,0.4033288092841152,0.3267551999826279,Ta,Ta,0.4255019902979427,0.027990753414873847,-0.37071052595830367,-0.10217939216911985,-0.2698934816491846,-0.07638622508638289,2.0922016207632335,0.1385272827549204,Wd,Normal,173000.0
253,-1.1242140389515773,0.5272618969333007,Rl,0.9172211820574037,0.08010797728123306,Inside,Names,Norm,Norm,1fam,Slvl,-0.014950053313711128,1.2613861356950078,-0.22676846642030765,0.30487162732665235,Hip,Compshg,Hdboard,Hdboard,0.1211627869461131,Ta,Cblock,Lwq,-0.3651940607850446,Alq,3.436975670941375,-0.28186424883907035,0.8319995467858574,Ex,Sbrkr,0.6140320770949947,-0.8058476456345897,-0.11183896233236511,-0.33171930528828203,0.20923762540902602,0.45511711201748645,Min1,Attchd,-0.590535981085687,-0.9824399605824299,-0.7293651899143742,Ta,Ta,2.080760419790545,-0.7172050643637078,-0.37071052595830367,-0.10217939216911985,-0.2698934816491846,-0.07638622508638289,1.3553291847811162,-0.6157420322454488,Cwd,Normal,158000.0
254,-1.121849043273465,-0.8779193078215382,Rl,0.11148614039500042,-0.22143381740053522,Inside,Names,Norm,Norm,1fam,1story,-0.8154008244853307,0.35434574153267734,-0.457591410343661,-1.3520311463891737,Gable,Compshg,Metalsd,Metalsd,-0.5718951461336651,Gd,Cblock,Rec,1.283334430631583,Unf,-0.2871575004618263,-0.4239955484910781,0.8687250580070645,Ta,Sbrkr,0.6519123940672691,-0.8058476456345897,-0.11183896233236511,-0.3034825763298699,0.20923762540902602,-0.9323692199931181,Typ,Attchd,-0.8808338906859596,-0.9824399605824299,-0.8044448384852512,Ta,Ta,1.3762145241603605,-0.7172050643637078,-0.37071052595830367,-0.10217939216911985,-0.2698934816491846,-0.07638622508638289,-0.11841568718311837,1.6470659127556586,Wd,Normal,145000.0
255,-1.1194840475953525,0.05886816201502109,Rl,-0.10337653738164046,-0.11414842097691662,Inside,Gilbert,Norm,Norm,1fam,2story,0.7855007178579084,-0.5526946526296532,0.9273462531964591,0.6947311034950819,Gable,Compshg,Vinylsd,Vinylsd,1.3661001852560848,Ta,Pconc,Unf,-1.0478669023226053,Unf,-0.2871575004618263,0.9570469131275973,-0.1687706339920346,Ex,Sbrkr,-0.32350576796879377,2.3276366581051438,-0.11183896233236511,1.9954577730341807,1.5081281986003237,1.1488602780227886,Typ,Builtin,0.8609535669156769,0.4033288092841152,-0.12872800134735876,Ta,Ta,0.8838812476958942,-0.7172050643637078,-0.37071052595830367,-0.10217939216911985,-0.2698934816491846,-0.07638622508638289,-1.592160559147353,-1.370011347245818,Wd,Normal,230000.0
256,-1.11711905191724,0.05886816201502109,Fv,-0.2108078762699609,-0.09732556295782849,Inside,Somerst,Norm,Norm,1fam,2story,-0.014950053313711128,-0.5526946526296532,1.059245078295518,0.8896608415792968,Gable,Compshg,Vinylsd,Vinylsd,-0.5718951461336651,Ta,Pconc,Rec,0.2239273172825539,Unf,-0.2871575004618263,-0.49743005331128215,-0.5084816127881998,Ex,Sbrkr,-0.7685994923930166,1.2993859767846403,-0.11183896233236511,0.6706845727353471,0.20923762540902602,0.45511711201748645,Typ,Attchd,1.0268380866872613,0.4033288092841152,1.0925676154055726,Ta,Ta,1.0876053620949837,0.2101497310940827,-0.37071052595830367,-0.10217939216911985,-0.2698934816491846,-0.07638622508638289,-0.48685190517417704,0.1385272827549204,Wd,Normal,207500.0
257,-1.1147540562391276,-0.8779193078215382,Rl,0.004054801506679975,-0.09002507740237516,Inside,Collgcr,Norm,Norm,1fam,1story,0.7855007178579084,-0.5526946526296532,1.1581691971198125,1.035858145142458,Gable,Compshg,Vinylsd,Vinylsd,0.5832014089992985,Ta,Pconc,Glq,2.325042618459268,Unf,-0.2871575004618263,-0.712995857783494,1.7562582458529012,Ex,Sbrkr,1.5673533875638976,-0.8058476456345897,-0.11183896233236511,0.3789050401650888,0.20923762540902602,1.1488602780227886,Typ,Attchd,1.1512514765159496,0.4033288092841152,1.027498586644146,Ta,Ta,0.29817441879851175,1.1043847124283808,-0.37071052595830367,-0.10217939216911985,-0.2698934816491846,-0.07638622508638289,-1.2237243411562944,0.8927965977552895,Wd,Abnorml,220000.0
258,-1.1123890605610152,0.05886816201502109,Rl,0.6486428348366026,1.0593252789583438,Inside,Collgcr,Norm,Norm,1fam,2story,0.7855007178579084,-0.5526946526296532,0.9932956657459886,0.7921959725371894,Gable,Compshg,Vinylsd,Vinylsd,0.5318637843267223,Ta,Pconc,Glq,-0.13510802900757052,Unf,-0.2871575004618263,0.07346400029094904,-0.20549614521324164,Ex,Sbrkr,-0.45608687737175374,1.2141045221727502,-0.11183896233236511,0.8212804605135449,0.20923762540902602,0.45511711201748645,Typ,Attchd,0.9438958268014691,0.4033288092841152,0.5469888357905336,Ta,Ta,-0.7459116674968221,0.872546013563933,-0.37071052595830367,8.906117202522328,-0.2698934816491846,-0.07638622508638289,-0.48685190517417704,0.1385272827549204,Wd,Normal,231500.0
261,-1.1052940735266779,0.05886816201502109,Rl,0.057770470950840196,0.15565213215940238,Inside,Collgcr,Norm,Norm,1fam,2story,1.5859514890295279,-0.5526946526296532,1.1911439033945772,1.0845905796635116,Gable,Compshg,Cemntbd,Cmentbd,1.1607496865657803,Ta,Pconc,Unf,-1.0478669023226053,Unf,-0.2871575004618263,2.158056395187063,1.382882215103963,Ex,Sbrkr,1.182236831679109,1.8549337382563815,-0.11183896233236511,2.661373964303399,0.20923762540902602,2.536346610033393,Typ,Builtin,1.1927226064588459,1.7890975791506603,2.0686030468269725,Ta,Ta,-0.7459116674968221,1.7336611807747386,-0.37071052595830367,-0.10217939216911985,-0.2698934816491846,-0.07638622508638289,1.723765402772175,-0.6157420322454488,New,Partial,276000.0
262,-1.1029290778485654,0.5272618969333007,Rl,1.0783681903898843,-0.19889753590326623,Corner,Sawyer,Norm,Norm,1fam,Slvl,-0.014950053313711128,1.2613861356950078,0.20190271515163427,0.49980136541086717,Gable,Compshg,Hdboard,Plywood,-0.27670380426635216,Ta,Cblock,Alq,0.2315125710774157,Unf,-0.2871575004618263,-1.3525867062175287,-1.6041260308875434,Ta,Sbrkr,0.3299296998029376,-0.8058476456345897,-0.11183896233236511,-0.5434947724763727,0.20923762540902602,-0.23862605398781578,Typ,Attchd,-0.009940161885141366,0.4033288092841152,0.18660652265032435,Ta,Ta,1.7327317243587672,-0.5184861796227527,-0.37071052595830367,-0.10217939216911985,-0.2698934816491846,-0.07638622508638289,0.2500205308079403,-1.370011347245818,Wd,Normal,151000.0
263,-1.100564082170453,-0.17532870544411872,Rm,-0.962827248488204,-1.1419298222185648,Corner,Oldtown,Norm,Norm,1fam,1.5fin,-0.8154008244853307,1.2613861356950078,-1.3808831860370745,0.7921959725371894,Gable,Compshg,Wdsdng,Wdsdng,-0.5718951461336651,Ta,Brktil,Lwq,-0.4562171063233861,Alq,4.156118628177855,-1.3525867062175287,-0.3187331381452967,Ta,Sbrkr,-0.5728845213695994,-0.8058476456345897,9.038870584257802,-0.29877645483680126,0.20923762540902602,-0.23862605398781578,Typ,Detchd,-0.1758246816567258,0.4033288092841152,0.1465640434125233,Ta,Ta,-0.7459116674968221,-0.7172050643637078,-0.37071052595830367,-0.10217939216911985,-0.2698934816491846,-0.07638622508638289,-0.8552881231652357,1.6470659127556586,Wd,Normal,130000.0
264,-1.0981990864923405,-0.6437224403623983,Rm,-2.0371406373714085,-1.2269963495603688,Inside,Oldtown,Artery,Norm,1fam,1story,-0.8154008244853307,-0.5526946526296532,-1.5127820111361334,0.9383932761003505,Gable,Compshg,Wdsdng,Wdsdng,-0.5718951461336651,Ta,Brktil,Unf,-1.0478669023226053,Unf,-0.2871575004618263,0.25823468983855913,-1.0716061181800411,Gd,Fusep,-1.0842688004953023,-0.8058476456345897,-0.11183896233236511,-1.5976659869237573,-1.0896529477822716,-1.6261123859984203,Typ,Detchd,-0.5490648511427908,0.4033288092841152,0.24667024150702588,Ta,Ta,-0.7459116674968221,-0.7172050643637078,-0.37071052595830367,-0.10217939216911985,-0.2698934816491846,-0.07638622508638289,-0.11841568718311837,0.1385272827549204,Wd,Normal,73000.0
265,-1.0958340908142281,-0.8779193078215382,Rl,0.5412114959482822,0.9498179956265437,Inside,Nwames,Norm,Norm,1fam,1story,-0.014950053313711128,0.35434574153267734,0.33380154025069336,-0.18245271788388473,Gable,Compshg,Metalsd,Metalsd,0.7757175015214591,Gd,Cblock,Glq,0.43884284147030445,Lwq,1.1768120910552942,0.08293942026774957,1.1992546589979278,Ta,Sbrkr,0.9928352468177376,-0.8058476456345897,-0.11183896233236511,-0.049352015704161145,0.20923762540902602,0.45511711201748645,Typ,Attchd,0.11447322794354696,0.4033288092841152,0.6070525546472352,Ta,Ta,1.5969156480927076,-0.7172050643637078,-0.37071052595830367,-0.10217939216911985,-0.2698934816491846,-0.07638622508638289,-0.11841568718311837,0.1385272827549204,Wd,Normal,175500.0
266,-1.0934690951361157,0.05886816201502109,Rl,0.11148614039500042,0.6695428327802264,Fr2,Gilbert,Norm,Norm,1fam,2story,-0.014950053313711128,-0.5526946526296532,0.8613968406469296,0.5972662344529746,Gable,Compshg,Vinylsd,Vinylsd,-0.5718951461336651,Ta,Pconc,Glq,0.7574235008544994,Unf,-0.2871575004618263,-1.1441274667279175,-0.6982300874311028,Gd,Sbrkr,-0.9643144634164337,0.9217109635034126,-0.11183896233236511,0.16007039073739515,0.20923762540902602,1.1488602780227886,Typ,Attchd,0.7780113070298847,0.4033288092841152,-0.20881295982296083,Ta,Ta,0.06049628533290729,0.5247879652672616,-0.37071052595830367,-0.10217939216911985,-0.2698934816491846,-0.07638622508638289,-0.11841568718311837,-1.370011347245818,Wd,Normal,185000.0
267,-1.0911040994580032,0.4101634632037308,Rl,-0.42567055404660176,-0.22143381740053522,Inside,Swisu,Norm,Norm,1fam,2.5fin,-0.8154008244853307,2.168426529857338,-1.0511361232894267,0.5972662344529746,Gable,Compshg,Wdsdng,Wdsdng,-0.5718951461336651,Ta,Pconc,Lwq,-0.09212492417002043,Unf,-0.2871575004618263,-0.5424382982010846,-0.9491877474426843,Ex,Sbrkr,-0.17514119316071947,0.9485137063814353,9.742771318610892,1.762504759127281,1.5081281986003237,1.1488602780227886,Typ,Detchd,-1.6273142296580896,-0.9824399605824299,-1.0747315733404081,Ta,Ta,1.4780765813599053,-0.31976729488179756,-0.37071052595830367,-0.10217939216911985,-0.2698934816491846,-0.07638622508638289,0.2500205308079403,0.1385272827549204,Wd,Normal,179500.0
268,-1.0887391037798908,-0.6437224403623983,Rm,0.16520180983916063,-0.6975524405822746,Inside,Idotrr,Norm,Norm,1fam,1story,-0.8154008244853307,0.35434574153267734,-1.018161417014662,-1.449496015431281,Gable,Compshg,Vinylsd,Vinylsd,-0.5718951461336651,Ta,Cblock,Alq,-0.028914475879505554,Rec,0.5154574071681739,-0.8503894474471014,-0.8879785620740059,Ex,Sbrkr,-1.0400750973609822,-0.8058476456345897,-0.11183896233236511,-1.5647231364722765,-1.0896529477822716,-1.6261123859984203,Typ,Detchd,-0.5075937211998947,-0.9824399605824299,2.34890040149158,Ex,Ex,-0.7459116674968221,-0.3032073878200513,-0.37071052595830367,-0.10217939216911985,-0.2698934816491846,-0.07638622508638289,-1.592160559147353,0.1385272827549204,Wd,Normal,120500.0
269,-1.0863741081017784,-0.8779193078215382,Rl,0.057770470950840196,-0.3747440140650553,Corner,Edwards,Norm,Norm,1fam,1story,-0.014950053313711128,1.2613861356950078,0.1689280088768695,-0.42611489048915324,Hip,Compshg,Hdboard,Hdboard,0.5446981904948665,Gd,Cblock,Blq,0.8509749643244614,Unf,-0.2871575004618263,-0.4239955484910781,0.345386523104864,Ta,Sbrkr,0.0174170847816748,-0.8058476456345897,-0.11183896233236511,-0.7764477863832724,0.20923762540902602,-0.23862605398781578,Typ,Attchd,0.3633000076009236,-0.9824399605824299,0.24667024150702588,Ta,Gd,2.3948350961558083,-0.22040785251132003,-0.37071052595830367,-0.10217939216911985,-0.2698934816491846,-0.07638622508638289,-0.48685190517417704,-0.6157420322454488,Wd,Normal,148000.0
270,-1.084009112423666,0.05886816201502109,Fv,0.8635055126132435,0.5175022857775243,Inside,Somerst,Norm,Norm,1fam,2story,1.5859514890295279,-0.5526946526296532,1.1581691971198125,1.035858145142458,Gable,Compshg,Vinylsd,Vinylsd,-0.5718951461336651,Ta,Pconc,Unf,-1.0478669023226053,Unf,-0.2871575004618263,1.241309512431613,0.19848447822003584,Gd,Sbrkr,-0.03940339067673662,1.2506537170064174,-0.11183896233236511,1.167180390254093,0.20923762540902602,1.1488602780227886,Typ,Attchd,1.1512514765159496,1.7890975791506603,2.9945853792011214,Ta,Ta,0.8838812476958942,0.1273501957853514,-0.37071052595830367,-0.10217939216911985,-0.2698934816491846,-0.07638622508638289,0.6184567487989989,-1.370011347245818,New,Partial,266000.0
272,-1.079279121067441,0.05886816201502109,Rl,1.2932308681665252,0.846341548188379,Culdsac,Noridge,Norm,Norm,1fam,2story,1.5859514890295279,1.2613861356950078,0.9273462531964591,1.0845905796635116,Gable,Compshg,Vinylsd,Vinylsd,1.661291527123398,Ta,Pconc,Glq,0.2770240938465864,Unf,-0.2871575004618263,0.13505423014015241,0.37293065652076934,Ex,Sbrkr,0.1784084319138405,1.8890463201011376,-0.11183896233236511,1.9460434973569596,1.5081281986003237,1.842603444028091,Typ,Attchd,0.8609535669156769,1.7890975791506603,1.0825569955961223,Ta,Ta,0.37457096169817033,0.22670963815582895,-0.37071052595830367,-0.10217939216911985,-0.2698934816491846,-0.07638622508638289,-0.8552881231652357,1.6470659127556586,Wd,Normal,290000.0
273,-1.0769141253893286,-0.8779193078215382,Rl,0.6486428348366026,0.1594610811448563,Inside,Names,Feedr,Norm,1fam,1story,-0.014950053313711128,0.35434574153267734,-0.42461670406889623,0.1586743237634912,Hip,Compshg,Wdsdng,Wdsdng,0.6024530182515145,Ta,Cblock,Rec,0.5197522152821635,Lwq,3.693812441382975,-1.3525867062175287,0.6422510721429543,Gd,Sbrkr,1.6557407938325375,-0.8058476456345897,-0.11183896233236511,0.44479074106805033,0.20923762540902602,-0.23862605398781578,Min1,Attchd,-0.8393627607430636,-0.9824399605824299,-0.5842112026773455,Ta,Ta,1.707266210058881,-0.7172050643637078,-0.37071052595830367,-0.10217939216911985,-0.2698934816491846,-0.07638622508638289,-0.8552881231652357,0.8927965977552895,Wd,Normal,139000.0
274,-1.0745491297112162,-0.8779193078215382,Rl,0.4337801570599617,-0.24873128512962162,Corner,Mitchel,Norm,Norm,1fam,1story,-0.8154008244853307,1.2613861356950078,0.3667762465254581,-0.13372028336283104,Gable,Compshg,Hdboard,Imstucc,-0.5718951461336651,Ta,Cblock,Alq,0.3326492883422395,Unf,-0.2871575004618263,-0.712995857783494,-0.655383657673028,Ta,Sbrkr,-0.9201207602821138,-0.8058476456345897,-0.11183896233236511,-1.4753068281039714,-1.0896529477822716,-0.9323692199931181,Typ,Attchd,0.15594435788644306,-0.9824399605824299,-0.954604135627005,Ta,Ta,0.6801571332968046,-0.7172050643637078,-0.37071052595830367,-0.10217939216911985,-0.2698934816491846,-0.07638622508638289,-0.11841568718311837,-0.6157420322454488,Wd,Normal,124500.0
275,-1.0721841340331038,-0.17532870544411872,Rl,-0.6942489012674029,-0.5820143213568392,Inside,Brkside,Norm,Norm,1fam,1.5fin,0.7855007178579084,1.2613861356950078,-1.5127820111361334,1.0845905796635116,Gable,Compshg,Wdsdng,Wdsdng,-0.5718951461336651,Gd,Brktil,Unf,-1.0478669023226053,Unf,-0.2871575004618263,0.9025632482609943,-0.23916119716601475,Gd,Sbrkr,-0.4908105012630052,0.6463736957564532,-0.11183896233236511,0.24713363835916577,0.20923762540902602,-0.9323692199931181,Typ,Detchd,-0.009940161885141366,0.4033288092841152,1.0875623055008474,Ta,Ta,-0.11776231476629605,-0.7172050643637078,-0.37071052595830367,-0.10217939216911985,2.4969259003101016,-0.07638622508638289,1.3553291847811162,0.8927965977552895,Wd,Normal,205000.0
276,-1.0698191383549913,-0.8779193078215382,Rl,3.2807106376004533,0.03122646530124115,Inside,Mitchel,Norm,Norm,1fam,1story,0.7855007178579084,-0.5526946526296532,1.059245078295518,0.8896608415792968,Gable,Compshg,Vinylsd,Vinylsd,-0.5718951461336651,Ta,Pconc,Unf,-1.0478669023226053,Unf,-0.2871575004618263,2.342827084734673,1.621598038041809,Ex,Sbrkr,1.4284588919988919,-0.8058476456345897,-0.11183896233236511,0.27537036731757786,0.20923762540902602,0.45511711201748645,Typ,Attchd,1.0268380866872613,0.4033288092841152,0.5920366249330598,Ta,Ta,0.10293880916605094,1.7667809948982311,-0.37071052595830367,-0.10217939216911985,-0.2698934816491846,-0.07638622508638289,-0.8552881231652357,1.6470659127556586,Wd,Normal,201000.0
279,-1.062724151320654,0.05886816201502109,Rl,0.8097898431690833,0.28801310940392594,Inside,Clearcr,Norm,Norm,1fam,2story,0.7855007178579084,-0.5526946526296532,0.20190271515163427,-0.37738245596809955,Hip,Compshg,Plywood,Plywood,1.3468485760038689,Ta,Cblock,Blq,-0.05672707312733209,Unf,-0.2871575004618263,0.46669392932817055,0.39741433066824067,Ex,Sbrkr,0.15315488726565765,1.3042592027624627,-0.11183896233236511,1.362484432216443,1.5081281986003237,1.1488602780227886,Typ,Attchd,-0.05141129182803748,0.4033288092841152,0.251675551411751,Ta,Ta,1.6987777052922524,1.2203040618606045,-0.37071052595830367,-0.10217939216911985,-0.2698934816491846,-0.07638622508638289,-1.2237243411562944,0.1385272827549204,Wd,Normal,192000.0
280,-1.0603591556425416,0.05886816201502109,Rl,0.756074173724923,0.6949358260165859,Inside,Sawyerw,Norm,Norm,1fam,2story,0.7855007178579084,0.35434574153267734,0.5975991904488115,0.2074067582845449,Gable,Compshg,Plywood,Plywood,1.6099539024508216,Ta,Cblock,Glq,0.01659704688966515,Unf,-0.2871575004618263,-0.4382086784562789,-0.6829277910889332,Gd,Sbrkr,0.21313205580509192,1.160499036416705,-0.11183896233236511,1.2683620023550695,0.20923762540902602,0.45511711201748645,Typ,Attchd,0.44624226748671586,0.4033288092841152,0.60204724474251,Ta,Ta,-0.7459116674968221,0.6738271288229779,-0.37071052595830367,7.104457883584038,-0.2698934816491846,-0.07638622508638289,-1.9605967771384116,-0.6157420322454488,Wd,Normal,228500.0
281,-1.0579941599644291,-0.8779193078215382,Fv,-0.42567055404660176,-0.6023287159459267,Inside,Somerst,Norm,Norm,1fam,1story,-0.014950053313711128,-0.5526946526296532,1.1581691971198125,1.035858145142458,Gable,Compshg,Vinylsd,Vinylsd,-0.1355253364167677,Ta,Pconc,Glq,1.240351325794033,Unf,-0.2871575004618263,-0.5069054732880827,0.7095811760485006,Gd,Sbrkr,0.48776435385408046,-0.8058476456345897,-0.11183896233236511,-0.4258417351496556,-1.0896529477822716,-0.9323692199931181,Typ,Attchd,1.1512514765159496,0.4033288092841152,0.5870313150283346,Ta,Ta,-0.7459116674968221,1.2699837830458434,-0.37071052595830367,-0.10217939216911985,-0.2698934816491846,-0.07638622508638289,-0.48685190517417704,-1.370011347245818,New,Partial,185000.0
282,-1.0556291642863165,1.46404936676986,Rl,-1.8222779595947676,-1.280639047772178,Inside,Nridght,Norm,Norm,Twnhs,1story,0.7855007178579084,-0.5526946526296532,1.1911439033945772,1.1333230141845654,Gable,Compshg,Vinylsd,Vinylsd,0.49336056582229026,Ta,Pconc,Glq,1.2378229078624123,Unf,-0.2871575004618263,-0.3813561585954758,0.8687250580070645,Ex,Sbrkr,0.6519123940672691,-0.8058476456345897,-0.11183896233236511,-0.3034825763298699,-1.0896529477822716,-0.23862605398781578,Typ,Attchd,1.234193736401742,0.4033288092841152,0.8573180498834916,Ta,Ta,0.7141111523633196,0.30950917346456025,-0.37071052595830367,-0.10217939216911985,-0.2698934816491846,-0.07638622508638289,-0.8552881231652357,0.8927965977552895,Conlw,Normal,207500.0
283,-1.053264168608204,-0.8779193078215382,Rl,0.3263488181716413,0.16327003013031022,Inside,Somerst,Feedr,Norm,1fam,1story,1.5859514890295279,-0.5526946526296532,1.224118609669342,1.182055448705619,Gable,Compshg,Vinylsd,Vinylsd,-0.10985652408047963,Ta,Pconc,Unf,-1.0478669023226053,Unf,-0.2871575004618263,2.124892425268261,1.3400357853458882,Ex,Sbrkr,1.138043128544789,-0.8058476456345897,-0.11183896233236511,0.05888877863641852,0.20923762540902602,-0.23862605398781578,Typ,Attchd,1.234193736401742,1.7890975791506603,2.2187623439687267,Ta,Ta,1.0366743334952113,1.7667809948982311,-0.37071052595830367,-0.10217939216911985,-0.2698934816491846,-0.07638622508638289,2.0922016207632335,0.8927965977552895,New,Partial,244600.0
284,-1.0508991729300916,1.46404936676986,Rl,-0.962827248488204,-0.3445898345968785,Inside,Sawyerw,Norm,Norm,Twnhse,1story,-0.014950053313711128,-0.5526946526296532,0.6965233092731058,0.35360406184770604,Gable,Compshg,Plywood,Imstucc,-0.5718951461336651,Ta,Pconc,Glq,0.03935280827425051,Unf,-0.2871575004618263,1.3597522621416194,1.6675049270683175,Gd,Sbrkr,1.4758092882142346,-0.8058476456345897,-0.11183896233236511,0.310666278515593,-1.0896529477822716,-0.9323692199931181,Typ,Attchd,0.5706556573154041,0.4033288092841152,0.3718029891251541,Ta,Ta,-0.7459116674968221,-0.7172050643637078,0.5002154758887483,-0.10217939216911985,-0.2698934816491846,-0.07638622508638289,0.2500205308079403,-0.6157420322454488,Wd,Normal,179200.0
285,-1.0485341772519792,2.4008368366064192,Fv,-1.7685622901506073,-1.5383779291212265,Inside,Somerst,Norm,Norm,Twnhse,2story,0.7855007178579084,-0.5526946526296532,1.1581691971198125,1.0845905796635116,Gable,Compshg,Metalsd,Metalsd,-0.5718951461336651,Ta,Pconc,Unf,-1.0478669023226053,Unf,-0.2871575004618263,0.12794766515755202,-1.2399313779439067,Ex,Sbrkr,-1.5230491387574794,0.7170354724348764,-0.11183896233236511,-0.45407846410806774,-1.0896529477822716,-0.9323692199931181,Typ,Detchd,1.1512514765159496,0.4033288092841152,0.366797679220429,Ta,Ta,-0.7459116674968221,0.17702991697059017,-0.37071052595830367,-0.10217939216911985,-0.2698934816491846,-0.07638622508638289,-0.11841568718311837,-0.6157420322454488,New,Partial,164700.0
286,-1.0461691815738667,-0.17532870544411872,Rl,0.48749582650412193,0.218499790419392,Inside,Names,Norm,Norm,1fam,1.5fin,-0.014950053313711128,1.2613861356950078,-0.2927178789698372,-0.18245271788388473,Gable,Compshg,Wdsdng,Wdsdng,-0.5718951461336651,Ta,Cblock,Rec,0.4691838566497516,Unf,-0.2871575004618263,-0.6135039480270885,-0.3615795679033716,Ta,Sbrkr,-0.0709703214869652,0.775514184168744,-0.11183896233236511,0.6848029372145531,0.20923762540902602,0.45511711201748645,Typ,Attchd,-0.6734782409714791,0.4033288092841152,-0.07366959239538234,Ta,Ta,-0.7459116674968221,-0.7172050643637078,-0.37071052595830367,-0.10217939216911985,2.1895015245368477,-0.07638622508638289,-0.11841568718311837,-1.370011347245818,Wd,Normal,159000.0
287,-1.0438041858957543,-0.8779193078215382,Rl,0.057770470950840196,-0.3087222316505208,Corner,Names,Norm,Norm,1fam,1story,-1.6158515956569501,-1.4597350467919836,0.004054477503045694,-0.6697770630944218,Gable,Compshg,Hdboard,Hdboard,-0.5718951461336651,Ta,Cblock,Blq,0.5045817076924399,Unf,-0.2871575004618263,-0.7745860876326973,-0.5268443683988033,Ta,Sbrkr,-0.7875396508791537,-0.8058476456345897,-0.11183896233236511,-1.3764782767495292,0.20923762540902602,-0.9323692199931181,Typ,Attchd,0.07300209800065086,-2.368208730448975,-2.2760059504744388,Ta,Ta,-0.7459116674968221,-0.7172050643637078,-0.37071052595830367,-0.10217939216911985,-0.2698934816491846,-0.07638622508638289,-0.11841568718311837,-1.370011347245818,Wd,Normal,88000.0
288,-1.0414391902176419,-0.8779193078215382,Rl,0.057770470950840196,0.22897440012939024,Inside,Sawyer,Norm,Norm,1fam,1story,-0.8154008244853307,-0.5526946526296532,-0.12784434759601337,-0.8647068011786366,Gable,Compshg,Metalsd,Metalsd,-0.37296185052743247,Gd,Cblock,Blq,0.0899211669066624,Unf,-0.2871575004618263,-0.3292413487230729,-0.4533933459563892,Ta,Sbrkr,-0.6549585414761937,-0.8058476456345897,-0.11183896233236511,-1.277649725395087,0.20923762540902602,-0.9323692199931181,Typ,Detchd,-0.34170920142831024,-0.9824399605824299,-0.8745191771514029,Ta,Ta,-0.7459116674968221,-0.7172050643637078,-0.37071052595830367,-0.10217939216911985,-0.2698934816491846,-0.07638622508638289,-1.592160559147353,1.6470659127556586,Wd,Normal,122000.0
289,-1.0390741945395294,0.2930650294741609,Rl,-0.42567055404660176,-0.11668772030055256,Inside,Brkside,Rran,Norm,1fam,2story,-0.014950053313711128,1.2613861356950078,-1.8425290738837812,0.8896608415792968,Gable,Compshg,Wdsdng,Wdsdng,-0.5718951461336651,Ta,Brktil,Unf,-1.0478669023226053,Unf,-0.2871575004618263,0.30087407973416147,-1.0165178513482305,Ex,Fusea,-1.2926105438428108,0.8949082206253901,-0.11183896233236511,-0.110531595114054,0.20923762540902602,0.45511711201748645,Typ,Detchd,1.0268380866872613,-0.9824399605824299,-0.35396694705998955,Ta,Ta,-0.7459116674968221,-0.7172050643637078,-0.37071052595830367,-0.10217939216911985,4.706538601180365,-0.07638622508638289,0.2500205308079403,-0.6157420322454488,Wd,Normal,153575.0
290,-1.036709198861417,0.05886816201502109,Rl,2.7972696126030114,2.0674271104418134,Inside,Collgcr,Norm,Norm,1fam,2story,1.5859514890295279,-0.5526946526296532,1.1581691971198125,1.035858145142458,Gable,Compshg,Vinylsd,Vinylsd,-0.5718951461336651,Ta,Pconc,Unf,-1.0478669023226053,Unf,-0.2871575004618263,1.2034078325244109,0.14951712992509314,Ex,Sbrkr,-0.08991047997310234,1.2409072650507729,-0.11183896233236511,1.120119175323406,0.20923762540902602,1.1488602780227886,Typ,Attchd,1.1512514765159496,0.4033288092841152,1.1526313342622743,Gd,Ta,-0.7459116674968221,0.1273501957853514,-0.37071052595830367,-0.10217939216911985,-0.2698934816491846,-0.07638622508638289,0.2500205308079403,-1.370011347245818,New,Partial,233230.0
291,-1.0343442031833046,3.103427438983839,Rl,-0.6942489012674029,-1.0825737005285745,Inside,Swisu,Norm,Norm,2fmcon,2story,-0.8154008244853307,0.35434574153267734,-1.9414531927080754,0.7434635380161356,Gable,Compshg,Vinylsd,Vinylsd,-0.5718951461336651,Fa,Pconc,Rec,-0.5168991366822804,Unf,-0.2871575004618263,-0.0023393595234550905,-0.7655601913366491,Ex,Sbrkr,-0.5413175905593709,1.094710485716104,-0.11183896233236511,0.642447843776935,4.105909344982919,1.842603444028091,Typ,Attchd,0.07300209800065086,-2.368208730448975,-2.2760059504744388,Ta,Ta,-0.7459116674968221,2.3298178349976038,-0.37071052595830367,-0.10217939216911985,-0.2698934816491846,-0.07638622508638289,-1.2237243411562944,0.1385272827549204,Wd,Normal,135900.0
292,-1.0319792075051921,-0.17532870544411872,Rl,-0.42567055404660176,0.733660140702034,Inside,Edwards,Norm,Norm,1fam,1.5fin,-0.8154008244853307,-1.4597350467919836,-0.7213890605417791,1.1333230141845654,Gable,Compshg,Wdsdng,Wdsdng,-0.5718951461336651,Ta,Cblock,Lwq,-0.30956886628939156,Unf,-0.2871575004618263,-0.22501172897826727,-0.8022857025578561,Gd,Sbrkr,0.1279013426174748,0.5781485320669412,-0.11183896233236511,0.642447843776935,0.20923762540902602,1.1488602780227886,Min2,Attchd,-1.2126029302291286,-0.9824399605824299,-0.8695138672466778,Ta,Ta,-0.7459116674968221,-0.7172050643637078,-0.37071052595830367,-0.10217939216911985,2.804350276083356,-0.07638622508638289,-1.9605967771384116,0.8927965977552895,Wd,Normal,131000.0
293,-1.0296142118270797,0.05886816201502109,Rl,0.057770470950840196,2.400075321838122,Corner,Nwames,Posa,Norm,1fam,2story,0.7855007178579084,1.2613861356950078,0.20190271515163427,0.4510689308898134,Gable,Compshg,Plywood,Plywood,-0.3537102412752164,Ta,Cblock,Alq,0.9622253533157675,Unf,-0.2871575004618263,-1.3525867062175287,-0.7196533023101402,Fa,Sbrkr,1.138043128544789,1.1312596805497712,-0.11183896233236511,1.9295720721312193,0.20923762540902602,1.842603444028091,Typ,Attchd,-0.05141129182803748,0.4033288092841152,0.4218560881724054,Ta,Ta,-0.7459116674968221,3.4227717010728567,-0.37071052595830367,-0.10217939216911985,-0.2698934816491846,-0.07638622508638289,-1.2237243411562944,-1.370011347245818,Wd,Normal,235000.0
294,-1.0272492161489672,-0.8779193078215382,Rl,0.6486428348366026,0.1594610811448563,Inside,Names,Norm,Norm,1fam,1story,-0.014950053313711128,-0.5526946526296532,-0.5894902354427201,-1.5469608844733884,Hip,Compshg,Hdboard,Hdboard,0.9553991878754756,Ta,Cblock,Glq,2.201150139809859,Unf,-0.2871575004618263,-1.042266701977312,1.1808919033873242,Ta,Sbrkr,1.6936211108048118,-0.8058476456345897,-0.11183896233236511,0.47302747002646245,0.20923762540902602,0.45511711201748645,Typ,Attchd,-1.0467184104575442,0.4033288092841152,-0.18378641029933518,Ta,Ta,0.18782385683233824,-0.7172050643637078,-0.37071052595830367,-0.10217939216911985,-0.2698934816491846,-0.07638622508638289,1.3553291847811162,0.8927965977552895,Wd,Normal,167000.0
295,-1.0248842204708548,0.5272618969333007,Rl,-1.6611309512622867,-0.36839576575596544,Culdsac,Mitchel,Norm,Norm,1fam,Slvl,-0.014950053313711128,0.35434574153267734,0.4327256590749876,-0.036255414320723614,Gable,Compshg,Hdboard,Hdboard,-0.5718951461336651,Ta,Cblock,Glq,1.0229073836746618,Unf,-0.2871575004618263,-0.9167173872847051,-0.08307777447588482,Ta,Sbrkr,-0.32981915413083945,-0.8058476456345897,-0.11183896233236511,-1.03528446850205,0.20923762540902602,-0.23862605398781578,Typ,Detchd,0.2388866177722353,0.4033288092841152,0.6671162735039367,Ta,Ta,0.27270890449862556,-0.7172050643637078,-0.37071052595830367,-0.10217939216911985,-0.2698934816491846,-0.07638622508638289,-1.2237243411562944,-1.370011347245818,Wd,Normal,142500.0
296,-1.0225192247927424,-0.17532870544411872,Rm,0.3800644876158015,1.4640261086628223,Inside,Idotrr,Norm,Norm,1fam,1.5fin,-0.8154008244853307,-0.5526946526296532,-0.6884143542670144,-1.6931581880365496,Gable,Compshg,Wdsdng,Wdsdng,-0.5718951461336651,Ta,Cblock,Blq,0.014068628958044558,Unf,-0.2871575004618263,-0.19184775905946544,-0.3677004864402394,Ta,Fusea,-0.6233916106659652,0.7730775711798328,-0.11183896233236511,0.27066424582450915,1.5081281986003237,-0.23862605398781578,Typ,Attchd,-1.1711318002862325,-0.9824399605824299,-0.8645085573419526,Ta,Ta,1.707266210058881,-0.7172050643637078,-0.37071052595830367,-0.10217939216911985,-0.2698934816491846,-0.07638622508638289,-0.11841568718311837,-0.6157420322454488,Wd,Normal,152000.0
297,-1.02015422911463,0.05886816201502109,Fv,-0.10337653738164046,-0.5391636452704827,Inside,Somerst,Norm,Norm,1fam,2story,0.7855007178579084,-0.5526946526296532,0.8613968406469296,0.6459986689740282,Hip,Compshg,Vinylsd,Vinylsd,9.695629788381567,Ta,Pconc,Blq,0.5930763352991607,Unf,-0.2871575004618263,-0.5803399781082866,-0.1687706339920346,Ex,Sbrkr,-0.41820656039947945,1.5698500185537774,-0.11183896233236511,1.1930640584659706,0.20923762540902602,0.45511711201748645,Typ,Detchd,0.7780113070298847,0.4033288092841152,0.6070525546472352,Ta,Ta,-0.7459116674968221,-0.5516059937462452,-0.37071052595830367,-0.10217939216911985,3.5344831685448344,-0.07638622508638289,-0.11841568718311837,-0.6157420322454488,Wd,Normal,239000.0
298,-1.0177892334365175,0.05886816201502109,Rl,1.1857995292782049,0.8260271535992915,Inside,Nwames,Norm,Norm,1fam,2story,-0.014950053313711128,0.35434574153267734,-0.0948696413212486,-0.8159743666575829,Mansard,Compshg,Hdboard,Asphshn,1.7703839795526222,Ta,Cblock,Alq,-0.07695441658029685,Rec,0.8365033702201741,-1.0138404420469103,-1.0042760142744949,Gd,Sbrkr,-0.2098648170519709,0.9046546725810346,-0.11183896233236511,0.7059804839333621,0.20923762540902602,0.45511711201748645,Typ,Attchd,-0.4246514613141025,0.4033288092841152,0.4218560881724054,Ta,Ta,1.1555134002280136,-0.7172050643637078,-0.37071052595830367,-0.10217939216911985,-0.2698934816491846,-0.07638622508638289,-0.11841568718311837,-0.6157420322454488,Wd,Normal,175000.0
299,-1.015424237758405,-0.8779193078215382,Rl,0.6486428348366026,1.5560757091446253,Inside,Crawfor,Norm,Norm,1fam,1story,-0.014950053313711128,2.168426529857338,-0.6884143542670144,0.9383932761003505,Gable,Compshg,Hdboard,Hdboard,-0.5718951461336651,Gd,Cblock,Unf,-1.0478669023226053,Unf,-0.2871575004618263,1.2342029474490124,0.18930310041473408,Ex,Sbrkr,0.14052811494156622,-0.8058476456345897,-0.11183896233236511,-0.684678417268433,0.20923762540902602,-0.23862605398781578,Typ,Attchd,-1.1711318002862325,-0.9824399605824299,-0.7744129790569003,Ta,Ta,-0.7459116674968221,-0.12104841014084247,-0.37071052595830367,-0.10217939216911985,-0.2698934816491846,-0.07638622508638289,0.6184567487989989,0.8927965977552895,Wd,Family,158500.0
300,-1.0130592420802926,3.103427438983839,Rl,1.1857995292782049,2.111547436189988,Corner,Crawfor,Norm,Norm,2fmcon,1story,-0.8154008244853307,-0.5526946526296532,-0.5894902354427201,-1.5469608844733884,Hip,Compshg,Metalsd,Metalsd,-0.21253177342563195,Ta,Cblock,Blq,1.078532578170315,Unf,-0.2871575004618263,-0.5850776880966869,0.4127166270104103,Ta,Sbrkr,0.7213596418497719,-0.8058476456345897,-0.11183896233236511,-0.25171523990611444,-1.0896529477822716,-0.9323692199931181,Typ,Attchd,-1.0467184104575442,-0.9824399605824299,-0.3990147362025157,Ta,Ta,-0.7459116674968221,-0.7172050643637078,-0.37071052595830367,-0.10217939216911985,-0.2698934816491846,-0.07638622508638289,-0.11841568718311837,-1.370011347245818,Wd,Normal,157000.0
301,-1.0106942464021802,0.05886816201502109,Rl,-0.10337653738164046,2.2626357459463264,Inside,Collgcr,Norm,Norm,1fam,2story,1.5859514890295279,-0.5526946526296532,0.8943715469216943,0.6947311034950819,Gable,Compshg,Vinylsd,Vinylsd,-0.5718951461336651,Ta,Pconc,Glq,-0.3373814635372181,Unf,-0.2871575004618263,0.41694797444996784,-0.006566292765036811,Ex,Sbrkr,0.32361631364089194,2.220425686593053,-0.11183896233236511,2.3743005532262096,1.5081281986003237,1.842603444028091,Typ,Builtin,0.8194824369727808,0.4033288092841152,1.142620714452824,Ta,Ta,1.0196973239619538,0.11079028872360513,-0.37071052595830367,-0.10217939216911985,-0.2698934816491846,-0.07638622508638289,-0.48685190517417704,-0.6157420322454488,Wd,Normal,267000.0
302,-1.0083292507240678,-0.8779193078215382,Rl,2.689838273714691,1.4621216341700953,Corner,Collgcr,Norm,Norm,1fam,1story,0.7855007178579084,-0.5526946526296532,0.9932956657459886,0.8409284070582431,Gable,Compshg,Vinylsd,Vinylsd,0.39068531647713794,Ta,Pconc,Unf,-1.0478669023226053,Unf,-0.2871575004618263,2.2978188398448705,1.5634493119415644,Ex,Sbrkr,1.3684817234594575,-0.8058476456345897,-0.11183896233236511,0.23066221313342536,0.20923762540902602,-0.23862605398781578,Typ,Attchd,0.9438958268014691,1.7890975791506603,1.9434702992088444,Ta,Ta,3.226708563285424,0.6241474076377391,-0.37071052595830367,-0.10217939216911985,-0.2698934816491846,-0.07638622508638289,-1.9605967771384116,-1.370011347245818,Wd,Normal,205000.0
303,-1.0059642550459553,-0.8779193078215382,Rl,0.11148614039500042,0.2229435642357549,Corner,Collgcr,Norm,Norm,1fam,1story,-0.8154008244853307,1.2613861356950078,0.03702918377781046,-0.6210446285733681,Gable,Compshg,Vinylsd,Vinylsd,-0.5718951461336651,Ta,Pconc,Alq,1.2125387285462064,Unf,-0.2871575004618263,-1.3525867062175287,-0.41666783473518215,Ta,Sbrkr,-0.6738986999623309,-0.8058476456345897,-0.11183896233236511,-1.291768089874293,0.20923762540902602,-0.9323692199931181,Typ,Attchd,-0.1343535517138297,0.4033288092841152,0.48692511693383206,Ta,Ta,1.4271455527601329,-0.7172050643637078,-0.37071052595830367,-0.10217939216911985,-0.2698934816491846,-0.07638622508638289,0.2500205308079403,-1.370011347245818,Wd,Abnorml,149900.0
305,-1.0012342636897305,-0.8779193078215382,Rl,0.6486428348366026,0.40894723969208774,Inside,Collgcr,Norm,Norm,1fam,1story,1.5859514890295279,-0.5526946526296532,1.092219784570283,0.9871257106214042,Gable,Compshg,Cemntbd,Cmentbd,1.0067368125480518,Ta,Pconc,Glq,2.6537369495699457,Unf,-0.2871575004618263,-0.0828804293262595,2.9682001161527336,Ex,Sbrkr,2.817403847648949,-0.8058476456345897,-0.11183896233236511,1.3107170957926877,0.20923762540902602,1.1488602780227886,Typ,Attchd,1.0683092166301575,1.7890975791506603,2.1687092449214753,Ta,Ta,0.6801571332968046,-0.7172050643637078,-0.37071052595830367,-0.10217939216911985,-0.2698934816491846,-0.07638622508638289,0.2500205308079403,-0.6157420322454488,Wd,Normal,305900.0
306,-0.998869268011618,0.05886816201502109,Rl,2.5824069348263703,1.389116778615562,Inside,Sawyerw,Feedr,Norm,1fam,2story,0.7855007178579084,-0.5526946526296532,0.6305738967235762,0.30487162732665235,Gable,Compshg,Hdboard,Plywood,1.0067368125480518,Ta,Cblock,Alq,0.722025649811811,Unf,-0.2871575004618263,-1.3525867062175287,-1.0103969328113627,Gd,Sbrkr,0.045827322510880515,1.9255955149348047,-0.11183896233236511,1.8825108572005325,1.5081281986003237,1.1488602780227886,Typ,Attchd,0.48771339742961195,1.7890975791506603,1.457955238450507,Ta,Ta,0.33212843786502666,0.011430846353127591,3.3809707127674584,-0.10217939216911985,-0.2698934816491846,-0.07638622508638289,-0.11841568718311837,-0.6157420322454488,Wd,Normal,225000.0
307,-0.9965042723335056,-0.17532870544411872,Rm,0.057770470950840196,-0.37379177681869186,Inside,Idotrr,Artery,Norm,1fam,1.5fin,-0.014950053313711128,1.2613861356950078,-1.6776555425099573,-1.6931581880365496,Gable,Compshg,Metalsd,Metalsd,-0.5718951461336651,Fa,Cblock,Unf,-1.0478669023226053,Unf,-0.2871575004618263,-0.5969219630676875,-2.176431914084686,Ta,Fusea,-0.22880497553810805,0.09813577325144542,-0.11183896233236511,-0.0870009876487106,0.20923762540902602,-0.23862605398781578,Typ,Attchd,0.07300209800065086,-2.368208730448975,-2.2760059504744388,Ta,Ta,-0.7459116674968221,1.6674215525277536,-0.37071052595830367,-0.10217939216911985,-0.2698934816491846,-0.07638622508638289,-1.2237243411562944,0.1385272827549204,Wd,Normal,89500.0
308,-0.9941392766553931,-0.6437224403623983,Rl,0.057770470950840196,1.029805924321076,Inside,Edwards,Norm,Norm,1fam,1story,-1.6158515956569501,-0.5526946526296532,-1.018161417014662,-1.6931581880365496,Gable,Compshg,Vinylsd,Vinylsd,-0.5718951461336651,Ta,Cblock,Blq,-0.3854214042380094,Unf,-0.2871575004618263,0.06635743530834866,-0.5176629905935015,Ex,Sbrkr,-0.7780695716360851,-0.8058476456345897,-0.11183896233236511,-1.3694190945099263,-2.3885435209735695,-1.6261123859984203,Typ,Detchd,-0.7149493709143753,0.4033288092841152,0.4218560881724054,Ta,Ta,0.5952720856305174,-0.7172050643637078,-0.37071052595830367,-0.10217939216911985,-0.2698934816491846,-0.07638622508638289,-1.2237243411562944,0.8927965977552895,Wd,Normal,82500.0
310,-0.9894092852991683,0.05886816201502109,Rl,0.057770470950840196,-0.4483836944504977,Inside,Gilbert,Norm,Norm,1fam,2story,-0.014950053313711128,-0.5526946526296532,0.7294980155478705,0.4510689308898134,Gable,Compshg,Hdboard,Hdboard,0.14683159928240117,Ta,Pconc,Alq,0.26185358625686284,Unf,-0.2871575004618263,-0.9285616622557057,-1.0195783106166645,Gd,Sbrkr,-1.2957672369238338,1.1531891974499715,-0.11183896233236511,0.13653978327205174,0.20923762540902602,-0.23862605398781578,Typ,Attchd,0.6121267872583003,0.4033288092841152,-0.17377579048988492,Ta,Ta,0.8669042381626367,0.3260690805263065,-0.37071052595830367,-0.10217939216911985,-0.2698934816491846,-0.07638622508638289,-0.48685190517417704,-1.370011347245818,Wd,Normal,165600.0
311,-0.9870442896210558,-0.8779193078215382,Rl,-0.962827248488204,-0.3483987835823324,Inside,Names,Norm,Norm,1fam,1story,-0.014950053313711128,0.35434574153267734,-0.7543637668165439,0.8409284070582431,Gable,Compshg,Vinylsd,Vinylsd,-0.5718951461336651,Gd,Cblock,Alq,0.6714572911793992,Unf,-0.2871575004618263,-0.660881047911091,-0.17795201179733636,Ex,Sbrkr,-0.42767663964254804,-0.8058476456345897,-0.11183896233236511,-1.1082293516446144,-1.0896529477822716,-0.9323692199931181,Typ,Detchd,-1.2540740601720246,-0.9824399605824299,-1.0747315733404081,Ta,Ta,-0.7459116674968221,-0.7172050643637078,-0.37071052595830367,-0.10217939216911985,-0.2698934816491846,-0.07638622508638289,-0.48685190517417704,0.8927965977552895,Wd,Normal,132000.0
312,-0.9846792939429434,3.103427438983839,Rm,-0.1570922068258007,-0.411881266673231,Inside,Oldtown,Artery,Norm,2fmcon,1.5fin,-0.8154008244853307,1.2613861356950078,-1.0511361232894267,-1.6931581880365496,Gable,Compshg,Metalsd,Metalsd,-0.5718951461336651,Ta,Cblock,Rec,0.2340409890090363,Unf,-0.2871575004618263,-0.6750941778762919,-0.7257742208470082,Ta,Sbrkr,-0.9927247011456394,-0.013948424238467282,-0.11183896233236511,-0.7646824826506007,0.20923762540902602,-0.9323692199931181,Typ,Detchd,-1.6273142296580896,0.4033288092841152,-0.2238288895371362,Ta,Ta,-0.7459116674968221,-0.7172050643637078,-0.37071052595830367,-0.10217939216911985,4.937106883010306,-0.07638622508638289,-0.48685190517417704,-1.370011347245818,Wd,Normal,119900.0
314,-0.9799493025867185,0.2930650294741609,Rm,-0.42567055404660176,0.1594610811448563,Inside,Oldtown,Norm,Norm,1fam,2story,0.7855007178579084,1.2613861356950078,-1.5127820111361334,0.2561391928055986,Gable,Compshg,Wdsdng,Wdsdng,-0.5718951461336651,Ta,Brktil,Lwq,-1.0074122154166758,Unf,-0.2871575004618263,0.3340380496529633,-0.924704073295213,Ex,Sbrkr,-0.869613670985748,1.1653722623945273,-0.11183896233236511,0.46596828778685945,0.20923762540902602,-0.23862605398781578,Typ,Detchd,-2.2079100488586354,0.4033288092841152,0.45689325750548127,Fa,Ta,-0.7459116674968221,-0.7172050643637078,3.54845648235343,-0.10217939216911985,-0.2698934816491846,-0.07638622508638289,0.6184567487989989,-1.370011347245818,Wd,Normal,178000.0
315,-0.9775843069086061,0.05886816201502109,Rl,0.16520180983916063,-0.4134683287505035,Inside,Gilbert,Norm,Norm,1fam,2story,0.7855007178579084,-0.5526946526296532,1.092219784570283,0.9871257106214042,Gable,Compshg,Vinylsd,Vinylsd,-0.5718951461336651,Ta,Pconc,Glq,0.02671071861614753,Unf,-0.2871575004618263,-0.6632499029052912,-0.96142958451642,Ex,Sbrkr,-1.2357900683843994,0.9387672544257907,-0.11183896233236511,-0.025821408238817744,0.20923762540902602,-0.23862605398781578,Typ,Attchd,1.0683092166301575,0.4033288092841152,-0.11371207163318338,Ta,Ta,0.10293880916605094,0.1273501957853514,-0.37071052595830367,-0.10217939216911985,-0.2698934816491846,-0.07638622508638289,0.2500205308079403,0.8927965977552895,Wd,Normal,188500.0
316,-0.9752193112304937,0.05886816201502109,Rl,1.4006622070548456,1.2402503557674047,Corner,Nwames,Norm,Norm,1fam,2story,0.7855007178579084,1.2613861356950078,0.3008268339759286,-0.23118515240493845,Gable,Compshg,Cemntbd,Cmentbd,1.2120873112383563,Ta,Cblock,Glq,0.7017983063588463,Unf,-0.2871575004618263,-0.9901518921049091,-0.5666303388884443,Ta,Sbrkr,0.14368480802258907,2.118087941058785,-0.11183896233236511,2.1413475393193098,1.5081281986003237,2.536346610033393,Typ,Attchd,0.19741548782933918,0.4033288092841152,0.1465640434125233,Ta,Ta,1.6987777052922524,2.5119768126768127,-0.37071052595830367,-0.10217939216911985,-0.2698934816491846,-0.07638622508638289,0.6184567487989989,0.8927965977552895,Wd,Normal,260000.0
317,-0.9728543155523812,0.05886816201502109,Fv,0.3800644876158015,-0.03098636812783947,Inside,Somerst,Norm,Norm,1fam,2story,1.5859514890295279,-0.5526946526296532,1.1581691971198125,1.035858145142458,Gable,Compshg,Vinylsd,Vinylsd,-0.5718951461336651,Ta,Pconc,Unf,-1.0478669023226053,Unf,-0.2871575004618263,1.224727527472212,0.17706126334099842,Ex,Sbrkr,-0.06150024224389662,1.3164422677070182,-0.11183896233236511,1.2142416051847797,0.20923762540902602,1.1488602780227886,Typ,Attchd,1.1512514765159496,1.7890975791506603,2.854436701868818,Ta,Ta,1.0196973239619538,0.0445506604766201,-0.37071052595830367,-0.10217939216911985,-0.2698934816491846,-0.07638622508638289,2.0922016207632335,-0.6157420322454488,Wd,Normal,270000.0
318,-0.9704893198742688,0.05886816201502109,Rl,1.1857995292782049,0.25468480578120417,Inside,Noridge,Norm,Norm,1fam,2story,0.7855007178579084,-0.5526946526296532,0.7294980155478705,0.40233649636875973,Gable,Compshg,Hdboard,Hdboard,1.070908843388772,Ta,Pconc,Glq,1.4476815961869218,Unf,-0.2871575004618263,-0.4997989083054823,0.9697202138653838,Ex,Sbrkr,0.8350005927665948,2.29839730223821,-0.11183896233236511,2.8307943380538716,1.5081281986003237,1.842603444028091,Typ,Attchd,0.6121267872583003,1.7890975791506603,1.0074773470252454,Ta,Ta,2.140179953156946,0.27638935934106773,2.0410845560796864,-0.10217939216911985,-0.2698934816491846,-0.07638622508638289,-0.8552881231652357,0.8927965977552895,Wd,Normal,260000.0
319,-0.9681243241961563,0.5272618969333007,Rl,0.057770470950840196,1.5925781369218919,Inside,Nwames,Norm,Norm,1fam,Slvl,0.7855007178579084,-0.5526946526296532,0.3008268339759286,-0.23118515240493845,Gable,Compshg,Plywood,Plywood,0.8719755477825394,Ta,Cblock,Glq,1.5715740748363312,Unf,-0.2871575004618263,-0.5566514281662853,1.0462316955762319,Ta,Sbrkr,1.1506699008688805,-0.8058476456345897,-0.11183896233236511,0.06830102162255587,0.20923762540902602,-0.23862605398781578,Typ,Attchd,0.07300209800065086,0.4033288092841152,0.6671162735039367,Ta,Ta,1.231909943127672,0.07767047460011262,-0.37071052595830367,-0.10217939216911985,-0.2698934816491846,-0.07638622508638289,-0.11841568718311837,0.8927965977552895,Wd,Normal,187500.0
322,-0.961029337161819,0.05886816201502109,Rl,0.970936851501564,0.4070427651993608,Inside,Sawyerw,Norm,Norm,1fam,2story,0.7855007178579084,-0.5526946526296532,0.4986750716245172,0.1099418892424375,Gable,Compshg,Plywood,Plywood,0.5318637843267223,Ta,Cblock,Lwq,-0.9770712002372286,Alq,9.177277490311136,-1.3525867062175287,1.4440914004726415,Ex,Sbrkr,1.4063620404317319,2.062045842313829,-0.11183896233236511,3.028451440762756,1.5081281986003237,1.1488602780227886,Typ,Attchd,0.3633000076009236,0.4033288092841152,0.6070525546472352,Ta,Ta,0.9602777905955527,0.872546013563933,-0.37071052595830367,-0.10217939216911985,-0.2698934816491846,-0.07638622508638289,0.6184567487989989,-0.6157420322454488,Wd,Normal,301000.0
323,-0.9586643414837066,-0.8779193078215382,Rm,-1.0165429179323642,-1.0403578492731271,Inside,Oldtown,Norm,Norm,1fam,1story,-2.4163023668285697,2.168426529857338,-0.5235408228931906,0.9871257106214042,Gable,Compshg,Vinylsd,Vinylsd,-0.5718951461336651,Gd,Cblock,Alq,-0.40059191182773296,Unf,-0.2871575004618263,0.7935959185277884,0.4035352492051085,Ex,Sbrkr,0.17525173883281764,-0.8058476456345897,-0.11183896233236511,-0.6587947490565553,0.20923762540902602,-0.23862605398781578,Typ,Attchd,-0.9637761505717519,-0.9824399605824299,-1.1748377714349107,Fa,Ta,0.45945600936445763,0.9056658276874255,-0.37071052595830367,-0.10217939216911985,-0.2698934816491846,-0.07638622508638289,0.2500205308079403,-1.370011347245818,Wd,Normal,126175.0
325,-0.9539343501274817,-0.2924271391736886,Rm,-0.962827248488204,-1.3006360299458113,Inside,Idotrr,Rrae,Norm,1fam,1.5unf,-0.8154008244853307,0.35434574153267734,-0.9851867107398973,-1.6931581880365496,Gable,Compshg,Metalsd,Metalsd,-0.5718951461336651,Ta,Cblock,Blq,-0.7545704222546162,Unf,-0.2871575004618263,0.07820171027934932,-0.9491877474426843,Po,Fusef,-0.9611577703354108,-0.8058476456345897,-0.11183896233236511,-1.505896617808918,-1.0896529477822716,-0.9323692199931181,Typ,Detchd,-1.5443719697722975,0.4033288092841152,-0.47409438477339266,Ta,Ta,-0.7459116674968221,-0.7172050643637078,3.715942251939402,-0.10217939216911985,-0.2698934816491846,-0.07638622508638289,2.0922016207632335,-0.6157420322454488,Wd,Normal,87000.0
326,-0.9515693544493693,1.46404936676986,Rl,-1.929709298483088,0.5549569508011545,Culdsac,Veenker,Norm,Norm,Twnhse,1story,1.5859514890295279,-0.5526946526296532,0.7294980155478705,0.40233649636875973,Gable,Compshg,Brkface,Brkface,-0.5718951461336651,Ta,Pconc,Glq,3.045641728971138,Unf,-0.2871575004618263,-1.1157012067975158,2.1082110617228023,Ex,Sbrkr,1.930373091881526,-0.8058476456345897,-0.11183896233236511,0.649507026016538,-2.3885435209735695,-0.23862605398781578,Typ,Attchd,0.6121267872583003,0.4033288092841152,0.0915056344605469,Ta,Ta,0.28968591403188304,-0.22040785251132003,-0.37071052595830367,-0.10217939216911985,-0.2698934816491846,-0.07638622508638289,-0.48685190517417704,0.1385272827549204,Con,Normal,324000.0
327,-0.9492043587712569,-0.8779193078215382,Rl,0.6486428348366026,0.7942859120538421,Inside,Names,Norm,Norm,1fam,1story,-0.014950053313711128,-0.5526946526296532,-0.3586672915193667,-1.2058338428260125,Hip,Compshg,Wdsdng,Wdsdng,0.5511153935789385,Ta,Cblock,Rec,0.3806892290430308,Unf,-0.2871575004618263,0.585136679038177,1.0798967475290049,Ta,Sbrkr,0.8697242166578462,-0.8058476456345897,-0.11183896233236511,-0.14112138481900044,0.20923762540902602,0.45511711201748645,Typ,Attchd,-0.7564205008572713,-0.9824399605824299,-0.8144554582947013,Ta,Ta,-0.7459116674968221,0.027990753414873847,-0.37071052595830367,-0.10217939216911985,-0.2698934816491846,-0.07638622508638289,-0.8552881231652357,-1.370011347245818,Wd,Normal,145250.0
328,-0.9468393630931444,0.4101634632037308,Rl,0.057770470950840196,0.8857006877047362,Inside,Brkside,Posn,Norm,1fam,2.5unf,-0.014950053313711128,0.35434574153267734,-1.8095543676090164,0.4510689308898134,Gable,Compshg,Wdsdng,Wdshng,-0.5718951461336651,Ta,Brktil,Unf,-1.0478669023226053,Unf,-0.2871575004618263,0.6467269088873804,-0.5696907981568782,Gd,Fusea,1.0654391876812632,0.8729787037251897,-0.11183896233236511,1.6260272358282892,2.8070187717916215,2.536346610033393,Typ,Detchd,-2.000554399144155,0.4033288092841152,-0.06866428249065722,Ta,Ta,-0.7459116674968221,0.27638935934106773,4.117908098945733,-0.10217939216911985,-0.2698934816491846,-0.07638622508638289,0.2500205308079403,0.8927965977552895,Wd,Normal,214500.0
329,-0.944474367415032,0.2930650294741609,Rm,-0.42567055404660176,-0.8556238234786121,Corner,Idotrr,Norm,Norm,1fam,2story,-0.8154008244853307,-0.5526946526296532,-1.6776555425099573,-1.6931581880365496,Gable,Compshg,Wdsdng,Wdshng,-0.5718951461336651,Ta,Pconc,Unf,-1.0478669023226053,Unf,-0.2871575004618263,0.05925087032574827,-1.3286846967284904,Ta,Sbrkr,-1.6145932381071422,0.6463736957564532,-0.11183896233236511,-0.5905559874070595,0.20923762540902602,-0.23862605398781578,Typ,Detchd,-2.4152656985731156,-0.9824399605824299,-1.3300023784813897,Fa,Fa,-0.7459116674968221,-0.7172050643637078,1.9238445173695062,-0.10217939216911985,-0.2698934816491846,-0.07638622508638289,0.2500205308079403,0.8927965977552895,Wd,Normal,78000.0
330,-0.9421093717369196,0.7614587643924405,Rl,0.057770470950840196,0.4844913945702571,Inside,Names,Norm,Norm,Duplex,1story,-0.8154008244853307,-1.4597350467919836,-0.22676846642030765,-1.0109041047417977,Gable,Compshg,Hdboard,Hdboard,-0.03285008707161539,Ta,Cblock,Glq,-0.9467301850577814,Rec,1.407965184452734,2.0206628055234552,2.1357551951387075,Ta,Sbrkr,1.9587833296107318,-0.8058476456345897,-0.11183896233236511,0.6706845727353471,4.105909344982919,2.536346610033393,Typ,Detchd,0.9853669567443653,-0.9824399605824299,-0.5141368640111936,Ta,Ta,0.5698065713306312,-0.7172050643637078,-0.37071052595830367,-0.10217939216911985,-0.2698934816491846,-0.07638622508638289,1.723765402772175,-0.6157420322454488,Wd,Normal,119000.0
331,-0.9397443760588071,-0.8779193078215382,Rl,0.11148614039500042,-0.29253419846234163,Inside,Names,Norm,Norm,1fam,1story,-0.8154008244853307,0.35434574153267734,-0.42461670406889623,0.35360406184770604,Gable,Compshg,Wdsdng,Wdsdng,-0.5718951461336651,Ta,Cblock,Rec,1.091174667828418,Unf,-0.2871575004618263,-0.8551271574355017,0.07912656675111296,Fa,Sbrkr,-0.16251442083662804,-0.8058476456345897,-0.11183896233236511,-0.9105722489357297,0.20923762540902602,-0.23862605398781578,Typ,Attchd,-0.8393627607430636,-0.9824399605824299,-0.7343704998190993,Ta,Ta,-0.7459116674968221,-0.7172050643637078,-0.37071052595830367,-0.10217939216911985,-0.2698934816491846,-0.07638622508638289,0.6184567487989989,-0.6157420322454488,Wd,Normal,139000.0
333,-0.9350143847025822,1.46404936676986,Rm,-0.479386223490762,-0.28555112532234284,Fr3,Nridght,Norm,Norm,Twnhse,1story,0.7855007178579084,-0.5526946526296532,1.092219784570283,0.9383932761003505,Gable,Compshg,Vinylsd,Vinylsd,0.36501650414084985,Ta,Pconc,Glq,0.772594008444223,Unf,-0.2871575004618263,0.1587427800821537,1.003385265818157,Ex,Sbrkr,0.7908068896322747,-0.8058476456345897,-0.11183896233236511,-0.19994790348235894,-1.0896529477822716,-0.23862605398781578,Typ,Attchd,1.0683092166301575,0.4033288092841152,0.1465640434125233,Ta,Ta,0.8838812476958942,-0.22040785251132003,-0.37071052595830367,-0.10217939216911985,-0.2698934816491846,-0.07638622508638289,0.2500205308079403,0.1385272827549204,Wd,Normal,207000.0
334,-0.9326493890244698,0.05886816201502109,Rl,-0.479386223490762,-0.017655046678750765,Inside,Gilbert,Norm,Norm,1fam,2story,-0.014950053313711128,-0.5526946526296532,0.8943715469216943,0.6459986689740282,Gable,Compshg,Vinylsd,Vinylsd,-0.5718951461336651,Ta,Pconc,Glq,1.0456631450592473,Unf,-0.2871575004618263,-1.080168381884514,-0.26670533058192003,Gd,Sbrkr,-0.5192207389922109,0.8875983816586567,-0.11183896233236511,0.4589091055472564,0.20923762540902602,0.45511711201748645,Typ,Attchd,0.8194824369727808,0.4033288092841152,0.08650032455582177,Ta,Ta,0.10293880916605094,-0.08792859601734995,-0.37071052595830367,-0.10217939216911985,-0.2698934816491846,-0.07638622508638289,0.2500205308079403,0.1385272827549204,Wd,Normal,192000.0
337,-0.9255544019901325,-0.8779193078215382,Rl,0.11148614039500042,0.011864307958517077,Inside,Collgcr,Norm,Norm,1fam,1story,0.7855007178579084,-0.5526946526296532,1.0262703720207533,0.8896608415792968,Gable,Compshg,Vinylsd,Vinylsd,0.1532488023664732,Ta,Pconc,Glq,1.0001516222900766,Unf,-0.2871575004618263,0.36720201957176507,1.5481470155993948,Ex,Sbrkr,1.3526982580543432,-0.8058476456345897,-0.11183896233236511,0.21889690940075368,0.20923762540902602,0.45511711201748645,Typ,Attchd,0.9853669567443653,0.4033288092841152,0.3868189188393295,Ta,Ta,0.8838812476958942,0.5082280582055153,-0.37071052595830367,-0.10217939216911985,-0.2698934816491846,-0.07638622508638289,2.0922016207632335,0.1385272827549204,Wd,Normal,214000.0
338,-0.9231894063120201,-0.8779193078215382,Rl,1.239515198722365,1.6021005093855267,Corner,Nwames,Norm,Norm,1fam,1story,0.7855007178579084,1.2613861356950078,0.4327256590749876,0.6459986689740282,Gable,Compshg,Wdsdng,Wdsdng,-0.5718951461336651,Ta,Cblock,Alq,-0.5093138828874185,Unf,-0.2871575004618263,1.0044240130116,0.5443163755530689,Ex,Sbrkr,1.621017169941286,-0.8058476456345897,-0.11183896233236511,0.4189070728561726,0.20923762540902602,1.1488602780227886,Typ,Attchd,0.2388866177722353,0.4033288092841152,-0.07366959239538234,Ta,Ta,0.17084684729908078,0.027990753414873847,-0.37071052595830367,-0.10217939216911985,-0.2698934816491846,0.7944885795982236,-0.48685190517417704,-1.370011347245818,Wd,Normal,202500.0
339,-0.9208244106339076,-0.8779193078215382,Rl,-0.10337653738164046,1.0482158444174365,Inside,Names,Feedr,Norm,1fam,1story,-0.014950053313711128,1.2613861356950078,-0.42461670406889623,0.6459986689740282,Hip,Compshg,Wdsdng,Wdsdng,0.5575325966630105,Ta,Cblock,Rec,0.4312575876754427,Unf,-0.2871575004618263,0.13979194012855267,0.5657395904321063,Ta,Fusea,0.3393997790460062,-0.8058476456345897,-0.11183896233236511,-0.5364355902367697,0.20923762540902602,-0.23862605398781578,Typ,Attchd,-0.8393627607430636,-0.9824399605824299,-0.7894289087710757,Ta,Ta,-0.7459116674968221,-0.7172050643637078,-0.37071052595830367,-0.10217939216911985,4.226188014034656,-0.07638622508638289,-0.11841568718311837,0.8927965977552895,Wd,Normal,155000.0
340,-0.9184594149557952,0.05886816201502109,Rl,0.9172211820574037,1.6167014804964335,Inside,Timber,Norm,Norm,1fam,2story,1.5859514890295279,-0.5526946526296532,1.0262703720207533,0.8409284070582431,Gable,Compshg,Vinylsd,Vinylsd,-0.5718951461336651,Ta,Pconc,Unf,-1.0478669023226053,Unf,-0.2871575004618263,0.9380960731739962,-0.19325430813950595,Ex,Sbrkr,-0.36138608494106805,1.4236532392191088,-0.11183896233236511,1.0942355071115284,1.5081281986003237,1.842603444028091,Typ,Attchd,0.9853669567443653,0.4033288092841152,-0.1187173815379085,Ta,Ta,0.40003647599805653,-0.7172050643637078,-0.37071052595830367,-0.10217939216911985,-0.2698934816491846,-0.07638622508638289,-0.8552881231652357,1.6470659127556586,Wd,Normal,202900.0
341,-0.9160944192776828,-0.8779193078215382,Rh,-0.42567055404660176,-0.22143381740053522,Inside,Sawyerw,Feedr,Norm,1fam,1story,-1.6158515956569501,-1.4597350467919836,-0.6884143542670144,-1.6931581880365496,Gable,Compshg,Wdsdng,Asbshng,-0.5718951461336651,Fa,Cblock,Unf,-1.0478669023226053,Unf,-0.2871575004618263,0.35535774460076447,-0.9461272881742504,Gd,Sbrkr,-0.8412034332565422,-0.8058476456345897,-0.11183896233236511,-1.416480309440613,-1.0896529477822716,-1.6261123859984203,Typ,Carport,-1.1711318002862325,-0.9824399605824299,-0.8044448384852512,Ta,Ta,1.3762145241603605,-0.7172050643637078,0.031255321048028,-0.10217939216911985,-0.2698934816491846,-0.07638622508638289,0.9868929667900576,0.8927965977552895,Wd,Normal,82000.0
343,-0.9113644279214579,1.46404936676986,Rl,-0.2645235457141211,-0.0789156428614679,Inside,Nridght,Norm,Norm,Twnhse,1story,2.386402260201147,-0.5526946526296532,1.1251944908450477,0.9871257106214042,Hip,Compshg,Metalsd,Metalsd,3.3811019536546993,Ta,Pconc,Glq,-0.9770712002372286,Unf,-0.2871575004618263,2.5702371641778856,2.001094987327615,Ex,Sbrkr,1.8198888340457262,-0.8058476456345897,-0.11183896233236511,0.567149899887836,-1.0896529477822716,-0.23862605398781578,Typ,Attchd,1.1097803465730536,0.4033288092841152,0.5469888357905336,Ta,Ta,3.4558981919844,0.4751082440820228,-0.37071052595830367,-0.10217939216911985,-0.2698934816491846,-0.07638622508638289,0.2500205308079403,0.1385272827549204,Wd,Normal,266000.0
344,-0.9089994322433455,2.4008368366064192,Rm,-1.714846620706447,-2.06496512636023,Inside,Meadowv,Norm,Norm,Twnhse,2story,-0.8154008244853307,-2.366775440954314,0.1689280088768695,-0.42611489048915324,Gable,Compshg,Cemntbd,Cmentbd,-0.5718951461336651,Ta,Cblock,Rec,-0.7217009891435485,Blq,1.2024957680994541,-0.9380370822325063,-1.5123122528345256,Ta,Sbrkr,-1.8039948229685137,0.5976414359782303,-0.11183896233236511,-0.7788008471298067,0.20923762540902602,-1.6261123859984203,Typ,Attchd,-0.09288242177093359,-0.9824399605824299,-0.5942218224867958,Ta,Ta,0.7989962000296068,-0.7172050643637078,-0.37071052595830367,-0.10217939216911985,-0.2698934816491846,-0.07638622508638289,-0.8552881231652357,1.6470659127556586,Wd,Normal,85000.0
345,-0.906634436565233,-0.17532870544411872,Rl,-0.1570922068258007,-0.8451492137686138,Inside,Brkside,Rran,Norm,1fam,1.5fin,-0.014950053313711128,-0.5526946526296532,-1.0511361232894267,-1.6931581880365496,Gable,Compshg,Metalsd,Metalsd,-0.5718951461336651,Ta,Brktil,Unf,-1.0478669023226053,Unf,-0.2871575004618263,0.949940348144997,-0.17795201179733636,Gd,Sbrkr,-0.42767663964254804,0.6683032126566535,-0.11183896233236511,0.3153724000086616,0.20923762540902602,-0.23862605398781578,Typ,Detchd,-1.6273142296580896,-0.9824399605824299,-0.7143492602001988,Ta,Ta,-0.7459116674968221,-0.7172050643637078,-0.37071052595830367,-0.10217939216911985,-0.2698934816491846,-0.07638622508638289,1.3553291847811162,-1.370011347245818,Wd,Normal,140200.0
346,-0.9042694408871206,-0.8779193078215382,Rl,0.057770470950840196,1.166293262966508,Culdsac,Names,Norm,Norm,1fam,1story,-0.014950053313711128,2.168426529857338,-0.3586672915193667,0.6459986689740282,Hip,Compshg,Metalsd,Metalsd,-0.5718951461336651,Gd,Cblock,Blq,0.21128522762445096,Unf,-0.2871575004618263,-0.2629134088854693,-0.22079844155541123,Ta,Sbrkr,-0.471870342776868,-0.8058476456345897,-0.11183896233236511,-1.141172202096095,-1.0896529477822716,-0.9323692199931181,Typ,Attchd,-0.7564205008572713,-0.9824399605824299,-0.7694076691521752,Ta,Ta,-0.7459116674968221,-0.7172050643637078,-0.37071052595830367,-0.10217939216911985,-0.2698934816491846,33.67001245644212,-0.8552881231652357,-0.6157420322454488,Wd,Normal,151500.0
347,-0.9019044452090081,-0.8779193078215382,Rl,0.057770470950840196,2.6987604047808,Inside,Names,Norm,Norm,1fam,1story,-0.014950053313711128,-0.5526946526296532,-0.3586672915193667,-1.2058338428260125,Gable,Compshg,Wdsdng,Wdsdng,-0.3793790536115045,Ta,Cblock,Blq,2.1632238708355502,Unf,-0.2871575004618263,-0.8598648674239019,1.3706403780302274,Ex,Fusea,1.1696100593550176,-0.8058476456345897,-0.11183896233236511,0.08241938610176192,0.20923762540902602,-0.23862605398781578,Typ,Attchd,-0.7564205008572713,0.4033288092841152,0.2166383820786751,Ta,Ta,-0.7459116674968221,-0.05480878189385744,-0.37071052595830367,-0.10217939216911985,-0.2698934816491846,-0.07638622508638289,2.0922016207632335,0.8927965977552895,Wd,Normal,157500.0
348,-0.8995394495308957,2.4008368366064192,Rl,-1.714846620706447,-2.1106725141856773,Inside,Nridght,Norm,Norm,Twnhs,2story,0.7855007178579084,-0.5526946526296532,1.059245078295518,0.9383932761003505,Gable,Compshg,Vinylsd,Wdshng,0.10832838077796905,Ta,Pconc,Glq,0.40091657249599555,Unf,-0.2871575004618263,-0.9001354023253041,-0.8145275396315917,Ex,Sbrkr,-1.0842688004953023,1.294512750806818,-0.11183896233236511,0.43067237658884433,-1.0896529477822716,-0.23862605398781578,Typ,Builtin,1.0268380866872613,0.4033288092841152,0.09651094436527202,Ta,Ta,-0.7459116674968221,-0.2700875736965588,-0.37071052595830367,-0.10217939216911985,-0.2698934816491846,-0.07638622508638289,1.3553291847811162,0.1385272827549204,Wd,Normal,154000.0
350,-0.8948094581746707,1.46404936676986,Rl,0.004054801506679975,-0.40553301836414113,Inside,Nridght,Norm,Norm,Twnhse,1story,2.386402260201147,-0.5526946526296532,1.1911439033945772,1.0845905796635116,Hip,Compshg,Metalsd,Metalsd,1.751132370300406,Ta,Pconc,Unf,-1.0478669023226053,Unf,-0.2871575004618263,3.074803277942513,2.5672799519878904,Ex,Sbrkr,2.4038770540349548,-0.8058476456345897,-0.11183896233236511,1.002466137996689,-1.0896529477822716,-0.23862605398781578,Typ,Attchd,1.1927226064588459,0.4033288092841152,0.8122702607409654,Ta,Ta,1.0366743334952113,0.17702991697059017,-0.37071052595830367,-0.10217939216911985,-0.2698934816491846,-0.07638622508638289,2.0922016207632335,-0.6157420322454488,New,Partial,318061.0
351,-0.8924444624965583,1.46404936676986,Rl,0.057770470950840196,-1.2146172653576437,Inside,Clearcr,Norm,Norm,1fam,1story,0.7855007178579084,-0.5526946526296532,0.4986750716245172,0.061209454721383796,Gable,Compshg,Wdsdng,Wdsdng,-0.5718951461336651,Ta,Pconc,Glq,1.6878812996908783,Unf,-0.2871575004618263,-0.47374150336928084,1.2941288963193793,Gd,Sbrkr,1.0906927323294462,-0.8058476456345897,-0.11183896233236511,0.023592867438403407,-1.0896529477822716,-0.23862605398781578,Typ,Attchd,0.32182887765802753,0.4033288092841152,-0.048643042871756706,Ta,Ta,-0.7459116674968221,0.6075875005759929,-0.37071052595830367,-0.10217939216911985,3.265486839743237,-0.07638622508638289,2.0922016207632335,-1.370011347245818,Wd,Abnorml,190000.0
352,-0.8900794668184459,-0.17532870544411872,Rl,-0.42567055404660176,-0.0043237252296620616,Inside,Edwards,Artery,Norm,1fam,1.5fin,-0.8154008244853307,0.35434574153267734,-0.9851867107398973,-1.6931581880365496,Gable,Compshg,Vinylsd,Vinylsd,-0.5718951461336651,Ta,Cblock,Lwq,-0.4511602704601449,Rec,2.1527918187333746,-1.3525867062175287,-1.267475511359812,Ta,Sbrkr,-1.551459376486685,0.4002757838764275,-0.11183896233236511,-0.7811539078763411,0.20923762540902602,-0.9323692199931181,Typ,Detchd,-1.5443719697722975,-0.9824399605824299,-1.2749439695294131,Ta,Fa,-0.33846343869864304,-0.7172050643637078,-0.37071052595830367,-0.10217939216911985,-0.2698934816491846,-0.07638622508638289,-1.2237243411562944,0.1385272827549204,Conlw,Normal,95000.0
353,-0.8877144711403334,-0.6437224403623983,Rm,-0.42567055404660176,-0.18334432754599608,Inside,Oldtown,Norm,Norm,1fam,1story,-0.014950053313711128,2.168426529857338,-1.4138578923118392,0.8896608415792968,Gable,Compshg,Vinylsd,Vinylsd,-0.5718951461336651,Gd,Brktil,Unf,-1.0478669023226053,Unf,-0.2871575004618263,0.1255788101633519,-1.2429918372123407,Gd,Sbrkr,-1.223163296060308,-0.8058476456345897,-0.11183896233236511,-1.701200659771268,-1.0896529477822716,-0.9323692199931181,Typ,Detchd,1.1097803465730536,0.4033288092841152,0.1465640434125233,Ta,Ta,0.15386983776582333,-0.7172050643637078,-0.37071052595830367,-0.10217939216911985,-0.2698934816491846,-0.07638622508638289,-0.48685190517417704,1.6470659127556586,Wd,Normal,105900.0
354,-0.885349475462221,-0.17532870544411872,Rl,-0.42567055404660176,-0.22143381740053522,Inside,Swisu,Norm,Norm,1fam,1.5fin,-0.014950053313711128,-0.5526946526296532,-1.018161417014662,0.7434635380161356,Gable,Compshg,Wdsdng,Metalsd,-0.5718951461336651,Ta,Cblock,Lwq,-0.06684074485381447,Unf,-0.2871575004618263,-0.04497874941905742,-0.2758867083872218,Ex,Sbrkr,0.2667958381824805,0.17610738889660207,-0.11183896233236511,0.35772749344627974,-1.0896529477822716,-0.23862605398781578,Typ,Attchd,-1.5858430997151935,-0.9824399605824299,-1.0747315733404081,Ta,Ta,-0.7459116674968221,-0.7172050643637078,1.4381357855701888,-0.10217939216911985,-0.2698934816491846,-0.07638622508638289,-0.11841568718311837,-1.370011347245818,Wd,Normal,140000.0
355,-0.8829844797841085,-0.8779193078215382,Rl,1.991534570940608,0.6828741542293152,Inside,Collgcr,Norm,Norm,1fam,1story,-0.014950053313711128,-0.5526946526296532,0.7954474280974001,0.49980136541086717,Gable,Compshg,Vinylsd,Vinylsd,-0.5718951461336651,Gd,Pconc,Alq,-0.2033753131613266,Blq,3.205822577543935,-0.5898153980850872,0.5198327014055975,Ex,Sbrkr,0.29204938283066334,-0.8058476456345897,-0.11183896233236511,-0.5717315014347848,0.20923762540902602,-0.23862605398781578,Typ,Attchd,0.6950690471440925,0.4033288092841152,0.33176050988735306,Ta,Ta,-0.7459116674968221,-0.28664748075830504,-0.37071052595830367,-0.10217939216911985,-0.2698934816491846,-0.07638622508638289,0.6184567487989989,-0.6157420322454488,Wd,Normal,177500.0
356,-0.8806194841059961,-0.8779193078215382,Rl,0.057770470950840196,0.04773191090487478,Inside,Gilbert,Norm,Norm,1fam,1story,-0.014950053313711128,0.35434574153267734,0.6965233092731058,0.35360406184770604,Gable,Compshg,Hdboard,Hdboard,0.10832838077796905,Ta,Pconc,Glq,0.36804713938492783,Unf,-0.2871575004618263,0.06398858031414853,0.39129341213137286,Gd,Sbrkr,0.18787851115690907,-0.8058476456345897,-0.11183896233236511,-0.649382506070418,0.20923762540902602,-0.23862605398781578,Typ,Attchd,0.5706556573154041,0.4033288092841152,-0.2738819885843875,Ta,Ta,0.27270890449862556,-0.28664748075830504,-0.37071052595830367,-0.10217939216911985,-0.2698934816491846,-0.07638622508638289,0.2500205308079403,0.8927965977552895,Wd,Normal,173000.0
357,-0.8782544884278837,1.46404936676986,Rm,-1.2851212651531654,-1.5469480643384979,Inside,Meadowv,Norm,Norm,Twnhse,1story,-0.8154008244853307,-0.5526946526296532,0.1689280088768695,-0.42611489048915324,Gable,Compshg,Cemntbd,Cmentbd,-0.5718951461336651,Ta,Pconc,Alq,1.1619703699137947,Unf,-0.2871575004618263,-0.7177335677718941,0.3423260638364301,Ta,Sbrkr,0.10896118413133765,-0.8058476456345897,-0.11183896233236511,-0.7082090247337764,0.20923762540902602,-0.23862605398781578,Typ,Attchd,-0.09288242177093359,0.4033288092841152,0.366797679220429,Ta,Ta,3.8039268874161776,0.7731865711934555,-0.37071052595830367,-0.10217939216911985,-0.2698934816491846,-0.07638622508638289,0.6184567487989989,-0.6157420322454488,Wd,Normal,134000.0
358,-0.8758894927497712,0.5272618969333007,Rl,1.2932308681665252,-0.6880300681186399,Inside,Clearcr,Norm,Norm,1fam,Slvl,-0.8154008244853307,-1.4597350467919836,-0.42461670406889623,-1.3032987118681199,Hip,Compshg,Wdsdng,Imstucc,0.19816922395497732,Ta,Cblock,Blq,-0.28934152283642683,Rec,1.6005927622839342,-0.2439625689318683,0.09748932236171648,Ex,Fusef,0.7718667311461376,-0.8058476456345897,-0.11183896233236511,-0.21406626796156497,0.20923762540902602,-0.23862605398781578,Min2,Builtin,-0.8393627607430636,-0.9824399605824299,-0.8344766979136019,Ta,Ta,0.6801571332968046,-0.7172050643637078,4.553371099869259,-0.10217939216911985,-0.2698934816491846,-0.07638622508638289,0.2500205308079403,-1.370011347245818,Wd,Abnorml,130000.0
359,-0.8735244970716588,0.05886816201502109,Rl,0.5412114959482822,0.9247424148056388,Culdsac,Noridge,Norm,Norm,1fam,2story,1.5859514890295279,-0.5526946526296532,0.8943715469216943,0.6459986689740282,Gable,Compshg,Vinylsd,Vinylsd,2.8292224884245054,Ta,Pconc,Glq,1.3693006403066834,Unf,-0.2871575004618263,-1.044635556971512,0.17094034480413056,Ex,Sbrkr,-0.06781362840594234,1.2360340390729505,-0.11183896233236511,1.1318844790560778,0.20923762540902602,0.45511711201748645,Typ,Attchd,0.8194824369727808,0.4033288092841152,0.6871375131228372,Ta,Ta,1.0196973239619538,0.5247879652672616,-0.37071052595830367,-0.10217939216911985,6.916151302050628,-0.07638622508638289,-0.11841568718311837,-1.370011347245818,Wd,Normal,280000.0
360,-0.8711595013935464,0.6443603306628706,Rl,0.057770470950840196,-0.4944084946913992,Culdsac,Mitchel,Norm,Norm,1fam,Sfoyer,-0.014950053313711128,0.35434574153267734,0.23487742142639906,-0.32865002144704586,Gable,Compshg,Vinylsd,Vinylsd,-0.5718951461336651,Ta,Cblock,Glq,0.9066001588201145,Unf,-0.2871575004618263,-1.080168381884514,-0.4350305903457857,Ex,Sbrkr,-0.6170782245039195,-0.8058476456345897,-0.11183896233236511,-1.249412996436675,-1.0896529477822716,-0.9323692199931181,Typ,Attchd,-0.009940161885141366,0.4033288092841152,0.07648970474637151,Ta,Ta,-0.7459116674968221,-0.7172050643637078,-0.37071052595830367,-0.10217939216911985,3.419199027629864,-0.07638622508638289,-0.11841568718311837,-0.6157420322454488,Wd,Normal,156000.0
361,-0.8687945057154339,-0.17532870544411872,Rl,0.057770470950840196,0.014721019697607515,Inside,Brkside,Norm,Norm,1fam,1.5fin,-0.8154008244853307,-0.5526946526296532,-1.018161417014662,-0.13372028336283104,Gable,Compshg,Metalsd,Metalsd,-0.5718951461336651,Ta,Cblock,Rec,-0.03902814760598793,Unf,-0.2871575004618263,-0.2060608890246662,-0.4503328866879553,Gd,Sbrkr,-0.3771695503461823,0.4538812696324727,-0.11183896233236511,0.14595202625818912,0.20923762540902602,1.1488602780227886,Typ,Detchd,-1.5858430997151935,-0.9824399605824299,-1.0747315733404081,Ta,Ta,-0.7459116674968221,-0.7172050643637078,-0.37071052595830367,-0.10217939216911985,-0.2698934816491846,-0.07638622508638289,0.2500205308079403,0.1385272827549204,Wd,Normal,145000.0
363,-0.8640645143592091,2.4008368366064192,Rm,-2.5205816623688504,-2.3544452492547276,Inside,Brdale,Norm,Norm,Twnhs,2story,-0.014950053313711128,2.168426529857338,0.03702918377781046,1.0845905796635116,Gable,Compshg,Hdboard,Hdboard,2.700878426743065,Ta,Cblock,Alq,-0.6382631974000689,Unf,-0.2871575004618263,-0.5921842530792873,-1.6745165940615234,Gd,Sbrkr,-1.9712995562627251,0.4222053007766278,-0.11183896233236511,-1.0729334404465993,-1.0896529477822716,-0.9323692199931181,Typ,Detchd,-0.258766941542518,-0.9824399605824299,-0.954604135627005,Ta,Ta,1.3762145241603605,-0.7172050643637078,-0.37071052595830367,-0.10217939216911985,-0.2698934816491846,-0.07638622508638289,-0.48685190517417704,0.8927965977552895,Wd,Normal,118000.0
365,-0.8593345230029842,0.2930650294741609,Rm,-0.479386223490762,0.5054406139902536,Inside,Idotrr,Norm,Norm,1fam,2story,-0.8154008244853307,1.2613861356950078,-1.6776555425099573,0.5972662344529746,Hip,Compshg,Vinylsd,Vinylsd,-0.5718951461336651,Gd,Cblock,Rec,0.10509167449638597,Unf,-0.2871575004618263,-0.8409140274703009,-1.0960897923275126,Gd,Fusea,-1.3746845639494052,0.8315562829137003,-0.11183896233236511,-0.2328907539338397,0.20923762540902602,-0.23862605398781578,Typ,Detchd,-0.590535981085687,-0.9824399605824299,0.06647908493692126,Ta,Fa,-0.7459116674968221,1.4024630395398134,3.280479251015876,-0.10217939216911985,-0.2698934816491846,-0.07638622508638289,0.2500205308079403,0.8927965977552895,Wd,Normal,147000.0
366,-0.8569695273248717,-0.8779193078215382,Rl,0.057770470950840196,0.127719839599407,Inside,Names,Norm,Norm,1fam,1story,-0.014950053313711128,-0.5526946526296532,-0.2597431726950724,-1.0596365392628515,Gable,Compshg,Plywood,Plywood,1.0131540156321237,Ta,Cblock,Blq,0.49193961803433695,Unf,-0.2871575004618263,0.5069644642295728,1.1135617994817781,Gd,Sbrkr,0.9044478405490975,-0.8058476456345897,-0.11183896233236511,-0.11523771660712269,0.20923762540902602,-0.23862605398781578,Typ,Attchd,-0.632007111028583,0.4033288092841152,0.2967233405542772,Ta,Ta,-0.7459116674968221,0.5413478723290078,-0.37071052595830367,-0.10217939216911985,3.284700863229065,-0.07638622508638289,0.2500205308079403,0.8927965977552895,Wd,Normal,159000.0
367,-0.8546045316467593,0.5272618969333007,Rl,1.7766718931639671,0.01662549419033447,Corner,Names,Norm,Norm,1fam,Slvl,-0.014950053313711128,-0.5526946526296532,-0.2927178789698372,-1.108368973783905,Gable,Tar&grv,Plywood,Plywood,1.385351794508301,Ta,Cblock,Glq,-0.10982384969136458,Unf,-0.2871575004618263,0.37193972956016536,0.21072631529377153,Gd,Sbrkr,1.0212454845469432,-0.8058476456345897,-0.11183896233236511,-0.028174468985352082,0.20923762540902602,-0.23862605398781578,Typ,Basment,-0.6734782409714791,-0.9824399605824299,-0.7944342186758009,Ta,Ta,-0.20264736243258336,1.1043847124283808,-0.37071052595830367,-0.10217939216911985,-0.2698934816491846,-0.07638622508638289,2.0922016207632335,0.1385272827549204,Wd,Normal,165000.0
368,-0.8522395359686469,-0.8779193078215382,Rl,0.5412114959482822,-0.411881266673231,Inside,Names,Norm,Norm,1fam,1story,-0.8154008244853307,0.35434574153267734,-0.5565155291679553,-1.4982284499523348,Gable,Compshg,Hdboard,Hdboard,0.7115454706807389,Ta,Pconc,Lwq,0.3174787807525159,Unf,-0.2871575004618263,0.37193972956016536,0.7279439316591041,Gd,Sbrkr,0.5067045123402176,-0.8058476456345897,-0.11183896233236511,-0.41172337067044956,-1.0896529477822716,0.45511711201748645,Typ,Attchd,-1.005247280514648,-0.9824399605824299,-1.0547103337215076,Ta,Ta,-0.7459116674968221,0.9056658276874255,-0.37071052595830367,-0.10217939216911985,-0.2698934816491846,-0.07638622508638289,-1.2237243411562944,1.6470659127556586,Wd,Normal,132000.0
369,-0.8498745402905344,-0.8779193078215382,Rl,0.057770470950840196,0.23246593669938967,Corner,Names,Norm,Norm,1fam,1story,-0.8154008244853307,1.2613861356950078,-0.3916419977941315,1.035858145142458,Gable,Compshg,Wdsdng,Wdsdng,-0.5718951461336651,Gd,Cblock,Alq,-0.8658208112459224,Rec,1.3694396688864943,0.383784004531166,0.10054978163015041,Ex,Sbrkr,0.5666816808796519,-0.8058476456345897,-0.11183896233236511,-0.3670152164862971,0.20923762540902602,0.45511711201748645,Typ,Detchd,0.7780113070298847,0.4033288092841152,0.6070525546472352,Ta,Ta,2.343904067556036,-0.4356866443140214,-0.37071052595830367,-0.10217939216911985,3.22705879277158,-0.07638622508638289,-1.2237243411562944,1.6470659127556586,Wd,Normal,162000.0
370,-0.847509544612422,0.05886816201502109,Rl,0.057770470950840196,-0.3099918813123388,Inside,Gilbert,Norm,Norm,1fam,2story,-0.014950053313711128,-0.5526946526296532,0.9603209594712239,0.7434635380161356,Gable,Compshg,Vinylsd,Vinylsd,-0.5718951461336651,Ta,Pconc,Unf,-1.0478669023226053,Unf,-0.2871575004618263,0.9049321032551945,-0.23610073789758085,Ex,Sbrkr,-0.4876538081819823,0.926584189481235,-0.11183896233236511,0.5200886849571492,0.20923762540902602,0.45511711201748645,Typ,Attchd,0.9024246968585731,0.4033288092841152,0.026436605699120222,Ta,Ta,0.10293880916605094,-0.05480878189385744,-0.37071052595830367,-0.10217939216911985,-0.2698934816491846,-0.07638622508638289,-1.9605967771384116,-1.370011347245818,Wd,Normal,172400.0
372,-0.8427795532561971,1.46404936676986,Rl,-0.962827248488204,-0.610264026332289,Inside,Sawyerw,Norm,Norm,Twnhse,1story,-0.014950053313711128,-0.5526946526296532,0.4327256590749876,-0.036255414320723614,Gable,Compshg,Plywood,Plywood,-0.5718951461336651,Ta,Cblock,Alq,0.5273374690770253,Lwq,0.48977373012401393,-1.3525867062175287,-0.8757367250002702,Ta,Sbrkr,-1.1221491174675766,-0.8058476456345897,-0.11183896233236511,-1.6259027158821693,-1.0896529477822716,-1.6261123859984203,Typ,Attchd,0.2388866177722353,-0.9824399605824299,-0.954604135627005,Ta,Ta,2.25053051512312,-0.7172050643637078,-0.37071052595830367,-0.10217939216911985,1.4593686320753694,-0.07638622508638289,-1.592160559147353,1.6470659127556586,Wd,Normal,125000.0
373,-0.8404145575780847,-0.8779193078215382,Rl,0.5949271653924424,0.487665518724802,Inside,Names,Norm,Norm,1fam,1story,-0.8154008244853307,0.35434574153267734,-0.5894902354427201,-1.5469608844733884,Gable,Compshg,Metalsd,Metalsd,-0.5718951461336651,Ta,Pconc,Blq,0.03429597241100932,Lwq,0.8686079665253741,-1.3525867062175287,-1.2919591855072834,Ta,Sbrkr,0.6676958594723833,-0.8058476456345897,-0.11183896233236511,-0.2917172725971982,0.20923762540902602,-0.9323692199931181,Min2,Attchd,-1.0467184104575442,-0.9824399605824299,-0.9245722761986542,Ta,Ta,-0.1856703528993259,-0.7172050643637078,-0.37071052595830367,-0.10217939216911985,-0.2698934816491846,-0.07638622508638289,1.723765402772175,0.8927965977552895,Wd,Normal,123000.0
374,-0.8380495618999723,0.05886816201502109,Rl,-0.1570922068258007,-0.28491630049143385,Inside,Collgcr,Norm,Norm,1fam,2story,0.7855007178579084,-0.5526946526296532,1.059245078295518,0.9383932761003505,Gable,Compshg,Vinylsd,Vinylsd,-0.5718951461336651,Ta,Pconc,Unf,-1.0478669023226053,Unf,-0.2871575004618263,0.6538334738699808,-0.5605094203515764,Ex,Sbrkr,-0.8222632747704052,1.8281309953783589,-0.11183896233236511,1.1412967220422152,1.5081281986003237,1.1488602780227886,Typ,Builtin,1.0268380866872613,0.4033288092841152,-0.10370145182373312,Ta,Ta,0.10293880916605094,0.07767047460011262,-0.37071052595830367,-0.10217939216911985,-0.2698934816491846,-0.07638622508638289,0.2500205308079403,-0.6157420322454488,Wd,Normal,219500.0
375,-0.8356845662218598,-0.6437224403623983,Rl,0.057770470950840196,0.2927742956357433,Inside,Edwards,Norm,Norm,1fam,1story,-4.017203909171808,-4.180856229278975,-1.6117061299604278,-1.6931581880365496,Gable,Compshg,Wdsdng,Wdsdng,-0.5718951461336651,Fa,Brktil,Blq,-0.16292062625539708,Unf,-0.2871575004618263,-0.5637579931488857,-1.0624247403747393,Gd,Fusea,-0.6423317691521023,-0.8058476456345897,-0.11183896233236511,-1.2682374824089495,-2.3885435209735695,-1.6261123859984203,Maj1,Attchd,0.07300209800065086,-2.368208730448975,-2.2760059504744388,Ta,Ta,-0.7459116674968221,-0.7172050643637078,-0.37071052595830367,-0.10217939216911985,-0.2698934816491846,-0.07638622508638289,-1.2237243411562944,0.8927965977552895,Wd,Normal,61000.0
376,-0.8333195705437474,0.6443603306628706,Rl,-0.5868175623790824,-0.07986788010783138,Culdsac,Collgcr,Norm,Norm,1fam,Sfoyer,-0.8154008244853307,-0.5526946526296532,0.8284221343721648,0.5485337999319209,Gable,Compshg,Vinylsd,Vinylsd,-0.5718951461336651,Ta,Pconc,Glq,-0.294398358699668,Unf,-0.2871575004618263,0.0023983504649451684,-0.49011885717759623,Ex,Sbrkr,-0.6107648383418737,-0.8058476456345897,-0.11183896233236511,-1.244706874943606,-1.0896529477822716,-0.9323692199931181,Typ,Detchd,0.8194824369727808,0.4033288092841152,0.6070525546472352,Ta,Ta,-0.7459116674968221,-0.7172050643637078,-0.37071052595830367,-0.10217939216911985,-0.2698934816491846,-0.07638622508638289,0.2500205308079403,-1.370011347245818,Wd,Normal,148000.0
377,-0.830954574865635,0.05886816201502109,Fv,1.8303875626081274,0.649228438191139,Corner,Somerst,Norm,Norm,1fam,2story,1.5859514890295279,-0.5526946526296532,1.092219784570283,0.9871257106214042,Gable,Compshg,Cemntbd,Cmentbd,-0.5718951461336651,Ta,Pconc,Unf,-1.0478669023226053,Unf,-0.2871575004618263,2.3902041846186757,1.6828072234104872,Ex,Sbrkr,1.491592753619349,1.3529914625406854,-0.11183896233236511,2.40724340367769,1.5081281986003237,1.1488602780227886,Typ,Attchd,1.0683092166301575,0.4033288092841152,0.7772330914078895,Ta,Ta,0.603760590397146,2.8266150468499918,-0.37071052595830367,-0.10217939216911985,-0.2698934816491846,-0.07638622508638289,2.0922016207632335,-0.6157420322454488,Wd,Normal,340000.0
379,-0.8262245835094101,0.05886816201502109,Rl,-0.42567055404660176,-0.3093570564814298,Inside,Gilbert,Rran,Norm,1fam,2story,-0.014950053313711128,-0.5526946526296532,0.9603209594712239,0.7434635380161356,Gable,Compshg,Vinylsd,Vinylsd,-0.4692198967885127,Ta,Pconc,Unf,-1.0478669023226053,Unf,-0.2871575004618263,0.9736288980869983,-0.14734741911299715,Ex,Sbrkr,-0.317192381806748,1.1263864545719489,-0.11183896233236511,0.8401049464858196,0.20923762540902602,0.45511711201748645,Typ,Attchd,0.9024246968585731,0.4033288092841152,0.04145253541329561,Ta,Ta,0.10293880916605094,0.3260690805263065,-0.37071052595830367,-0.10217939216911985,-0.2698934816491846,-0.07638622508638289,-0.11841568718311837,0.8927965977552895,Wd,Normal,179000.0
380,-0.8238595878312976,-0.17532870544411872,Rl,-0.962827248488204,-1.3006360299458113,Inside,Swisu,Norm,Norm,1fam,1.5fin,-0.8154008244853307,0.35434574153267734,-1.5457567174108982,-1.6931581880365496,Gable,Compshg,Brkface,Wdsdng,-0.5718951461336651,Ta,Brktil,Lwq,-0.4966717932293156,Unf,-0.2871575004618263,0.5614481290961757,-0.012687211301904653,Ta,Sbrkr,-0.2572152132673137,0.8144999919913223,-0.11183896233236511,0.5836213251135765,0.20923762540902602,-0.23862605398781578,Typ,Detchd,-2.2493811788015314,-0.9824399605824299,-0.7343704998190993,Ta,Ta,-0.7459116674968221,-0.7172050643637078,3.682445098022207,-0.10217939216911985,-0.2698934816491846,-0.07638622508638289,-0.48685190517417704,1.6470659127556586,Wd,Normal,127000.0
381,-0.8214945921531852,-0.8779193078215382,Fv,-0.42567055404660176,-0.6023287159459267,Inside,Somerst,Norm,Norm,1fam,1story,0.7855007178579084,-0.5526946526296532,1.1581691971198125,1.035858145142458,Gable,Compshg,Vinylsd,Vinylsd,-0.5718951461336651,Ta,Pconc,Unf,-1.0478669023226053,Unf,-0.2871575004618263,1.7103428012832385,0.8044554133699521,Ex,Sbrkr,0.6108753840139719,-0.8058476456345897,-0.11183896233236511,-0.3340723660348163,-1.0896529477822716,-0.9323692199931181,Typ,Attchd,1.1512514765159496,0.4033288092841152,0.5870313150283346,Ta,Ta,1.0876053620949837,1.2865436901075895,-0.37071052595830367,-0.10217939216911985,-0.2698934816491846,-0.07638622508638289,0.6184567487989989,-1.370011347245818,New,Partial,187750.0
382,-0.8191295964750728,0.05886816201502109,Rl,0.5949271653924424,0.0467796736585113,Inside,Collgcr,Norm,Norm,1fam,2story,0.7855007178579084,-0.5526946526296532,1.1581691971198125,1.035858145142458,Gable,Compshg,Vinylsd,Vinylsd,-0.5718951461336651,Ta,Pconc,Unf,-1.0478669023226053,Unf,-0.2871575004618263,0.8717681333363927,-0.27894716765565575,Ex,Sbrkr,-0.5318475113163023,1.2847662988511734,-0.11183896233236511,0.8330457642462166,0.20923762540902602,1.1488602780227886,Typ,Attchd,1.1512514765159496,0.4033288092841152,0.9223870786449182,Ta,Ta,0.4764330188977151,0.1604700099088439,-0.37071052595830367,-0.10217939216911985,-0.2698934816491846,-0.07638622508638289,-0.8552881231652357,-0.6157420322454488,Wd,Normal,213500.0
383,-0.8167646007969603,-0.2924271391736886,Rh,-0.42567055404660176,-0.03098636812783947,Corner,Sawyerw,Norm,Norm,1fam,1.5unf,-0.014950053313711128,-2.366775440954314,-1.4138578923118392,-1.6931581880365496,Gable,Compshg,Wdsdng,Wdsdng,-0.5718951461336651,Ta,Brktil,Unf,-1.0478669023226053,Unf,-0.2871575004618263,0.5045956092353726,-0.7533183542629134,Ta,Fusea,-1.0211349388748452,-0.8058476456345897,-0.11183896233236511,-1.5506047719930705,-1.0896529477822716,-0.9323692199931181,Typ,Detchd,-1.1711318002862325,0.4033288092841152,-0.47409438477339266,Fa,Fa,-0.7459116674968221,-0.7172050643637078,1.1534099772740372,-0.10217939216911985,-0.2698934816491846,-0.07638622508638289,1.3553291847811162,0.8927965977552895,Wd,Normal,76000.0
385,-0.8120346094407355,1.46404936676986,Rl,-1.3388369345973254,-1.8776918012420794,Inside,Blmngtn,Norm,Norm,Twnhse,1story,1.5859514890295279,-0.5526946526296532,1.092219784570283,0.9871257106214042,Gable,Compshg,Vinylsd,Vinylsd,-0.4692198967885127,Ta,Pconc,Glq,-0.987184871963711,Unf,-0.2871575004618263,1.5658426466370305,0.691218420437897,Ex,Sbrkr,0.5098612054212405,-0.8058476456345897,-0.11183896233236511,-0.40937030992391527,-1.0896529477822716,-0.23862605398781578,Typ,Attchd,1.0683092166301575,0.4033288092841152,-0.12372269144263363,Ta,Ta,0.49341002843097254,-0.3860069231287826,-0.37071052595830367,-0.10217939216911985,2.4969259003101016,-0.07638622508638289,-0.8552881231652357,1.6470659127556586,Wd,Normal,192000.0
386,-0.809669613762623,-0.17532870544411872,Rl,-0.5331018929349223,-0.21825969324599032,Fr2,Edwards,Feedr,Norm,1fam,1.5fin,-0.8154008244853307,-2.366775440954314,-2.007402605257605,0.5485337999319209,Gambrel,Compshg,Wdsdng,Vinylsd,-0.5718951461336651,Fa,Pconc,Unf,-1.0478669023226053,Unf,-0.2871575004618263,0.2061198799661563,-1.1389362220855874,Ta,Sbrkr,-1.418878267083725,0.475810786532673,-0.11183896233236511,-0.6093804733793342,2.8070187717916215,1.1488602780227886,Typ,Attchd,0.07300209800065086,-2.368208730448975,-2.2760059504744388,Ta,Ta,-0.7459116674968221,1.7833409019599773,-0.37071052595830367,-0.10217939216911985,-0.2698934816491846,-0.07638622508638289,-0.48685190517417704,-1.370011347245818,Wd,Adjland,81000.0
387,-0.8073046180845106,0.5272618969333007,Rl,0.21891747928332086,-0.6023287159459267,Inside,Edwards,Norm,Norm,1fam,Slvl,-0.014950053313711128,0.35434574153267734,0.1689280088768695,-0.42611489048915324,Hip,Compshg,Metalsd,Metalsd,1.0644916403047,Ta,Cblock,Alq,0.54756481252999,Unf,-0.2871575004618263,-0.3813561585954758,0.03321967772460415,Ex,Sbrkr,0.05529740175394909,-0.8058476456345897,-0.11183896233236511,-0.7482110574248603,0.20923762540902602,-0.23862605398781578,Typ,Detchd,-0.05141129182803748,-0.9824399605824299,-0.5141368640111936,Ta,Ta,1.766685743425282,-0.7172050643637078,-0.37071052595830367,-0.10217939216911985,-0.2698934816491846,-0.07638622508638289,1.3553291847811162,0.8927965977552895,Wd,Abnorml,125000.0
388,-0.8049396224063982,-0.8779193078215382,Rl,1.3469465376106855,0.09026517457577683,Culdsac,Collgcr,Norm,Norm,1fam,1story,0.7855007178579084,-0.5526946526296532,0.9273462531964591,0.7434635380161356,Gable,Compshg,Vinylsd,Vinylsd,0.23025523937533743,Ta,Pconc,Unf,-1.0478669023226053,Unf,-0.2871575004618263,2.124892425268261,1.3400357853458882,Ex,Sbrkr,1.1727667524360403,-0.8058476456345897,-0.11183896233236511,0.08477244684829625,0.20923762540902602,-0.23862605398781578,Typ,Attchd,0.8609535669156769,0.4033288092841152,0.6120578645519603,Ta,Ta,0.27270890449862556,-0.3032073878200513,-0.37071052595830367,-0.10217939216911985,-0.2698934816491846,-0.07638622508638289,0.2500205308079403,0.1385272827549204,Wd,Normal,191000.0
390,-0.8002096310501733,-0.17532870544411872,Rl,-0.962827248488204,-0.21984675532326278,Inside,Edwards,Norm,Norm,1fam,1.5fin,-0.8154008244853307,2.168426529857338,-2.3371496680052526,-1.6931581880365496,Gable,Compshg,Metalsd,Metalsd,-0.5718951461336651,Ta,Brktil,Rec,-0.4385181808020419,Blq,2.2234219306048146,-0.8101189125456992,-0.5176629905935015,Ex,Sbrkr,-0.4624002635337994,0.18341722786333553,-0.11183896233236511,-0.17877035676354988,1.5081281986003237,0.45511711201748645,Typ,Detchd,-0.009940161885141366,-0.9824399605824299,-0.35396694705998955,Ta,Ta,-0.7459116674968221,1.435582853663306,1.5051300934045773,-0.10217939216911985,-0.2698934816491846,-0.07638622508638289,-0.8552881231652357,0.1385272827549204,Wd,Normal,119000.0
391,-0.7978446353720609,0.05886816201502109,Rl,0.16520180983916063,0.9875900730656284,Culdsac,Mitchel,Norm,Norm,1fam,2story,-0.014950053313711128,-0.5526946526296532,0.9932956657459886,0.8409284070582431,Gable,Compshg,Vinylsd,Vinylsd,-0.5718951461336651,Ta,Pconc,Alq,0.6967414704956051,Unf,-0.2871575004618263,-1.082537236878714,-0.692109168894235,Ex,Sbrkr,-0.958001077254388,2.013313582535606,-0.11183896233236511,1.2189477266778483,0.20923762540902602,0.45511711201748645,Typ,Builtin,0.9438958268014691,0.4033288092841152,0.5269675961716331,Ta,Ta,0.31515142833176923,2.462297091491574,-0.37071052595830367,-0.10217939216911985,-0.2698934816491846,-0.07638622508638289,-0.11841568718311837,0.8927965977552895,Wd,Normal,215000.0
393,-0.793114644015836,-0.6437224403623983,Rl,0.057770470950840196,-0.5242452617441214,Corner,Brkside,Feedr,Norm,1fam,1story,-1.6158515956569501,-0.5526946526296532,-0.9851867107398973,-1.6931581880365496,Gable,Compshg,Wdshing,Wdshng,-0.5718951461336651,Ta,Cblock,Rec,-0.37530773251152705,Unf,-0.2871575004618263,-0.1160443992450613,-0.7410765171891777,Ta,Fusea,-1.0085081665507536,-0.8058476456345897,-0.11183896233236511,-1.541192529006933,-1.0896529477822716,-1.6261123859984203,Typ,Attchd,0.07300209800065086,-2.368208730448975,-2.2760059504744388,Ta,Ta,-0.7459116674968221,-0.7172050643637078,-0.37071052595830367,-0.10217939216911985,-0.2698934816491846,-0.07638622508638289,-0.8552881231652357,-1.370011347245818,Wd,Abnorml,100000.0
394,-0.7907496483377235,-0.17532870544411872,Rl,-0.42567055404660176,0.32895931099755554,Inside,Oldtown,Norm,Norm,1fam,1.5fin,-0.8154008244853307,0.35434574153267734,-1.018161417014662,-1.6931581880365496,Gable,Compshg,Metalsd,Metalsd,-0.5718951461336651,Ta,Cblock,Unf,-1.0478669023226053,Unf,-0.2871575004618263,0.38852171451956624,-0.9032808584161754,Gd,Fusea,-1.175812899844965,-0.07730036195015708,-0.11183896233236511,-0.9623395853594853,-1.0896529477822716,-0.9323692199931181,Typ,Detchd,-1.5858430997151935,-0.9824399605824299,-1.0747315733404081,Ta,Ta,-0.7459116674968221,-0.07136868895560369,-0.37071052595830367,-0.10217939216911985,-0.2698934816491846,-0.07638622508638289,0.2500205308079403,-0.6157420322454488,Wd,Normal,109000.0
395,-0.7883846526596111,-0.8779193078215382,Rl,0.004054801506679975,0.150256121096676,Inside,Edwards,Norm,Norm,1fam,1story,-0.8154008244853307,0.35434574153267734,-0.49056611661842575,-1.4007635809102275,Gable,Compshg,Wdsdng,Wdsdng,-0.5718951461336651,Ta,Cblock,Blq,0.8206339491450143,Unf,-0.2871575004618263,-0.39320043356647644,0.34844698237329796,Ta,Sbrkr,0.11527457029338337,-0.8058476456345897,-0.11183896233236511,-0.7035029032407079,0.20923762540902602,-0.23862605398781578,Typ,Attchd,-0.9223050206288558,-0.9824399605824299,0.7071587527417377,Ta,Ta,-0.37241745776515794,-0.7172050643637078,-0.37071052595830367,-0.10217939216911985,-0.2698934816491846,-0.07638622508638289,-0.11841568718311837,1.6470659127556586,Wd,Normal,129000.0
396,-0.7860196569814986,-0.8779193078215382,Rl,-0.42567055404660176,-0.6023287159459267,Inside,Collgcr,Norm,Norm,1fam,1story,-0.8154008244853307,-0.5526946526296532,0.03702918377781046,-0.6210446285733681,Hip,Compshg,Metalsd,Metalsd,-0.5718951461336651,Ta,Cblock,Rec,0.9167138305465968,Unf,-0.2871575004618263,-1.0754306718961137,-0.41666783473518215,Ta,Sbrkr,-0.6738986999623309,-0.8058476456345897,-0.11183896233236511,-1.291768089874293,-1.0896529477822716,-0.23862605398781578,Typ,Detchd,0.2803577477151314,0.4033288092841152,0.7271799923606382,Ta,Ta,1.079116857328355,-0.7172050643637078,-0.37071052595830367,-0.10217939216911985,-0.2698934816491846,-0.07638622508638289,0.9868929667900576,0.8927965977552895,Wd,Normal,123000.0
397,-0.7836546613033861,0.05886816201502109,Rl,0.057770470950840196,-0.47853787391867453,Inside,Names,Posn,Norm,1fam,2story,-0.8154008244853307,-0.5526946526296532,-0.2927178789698372,-1.108368973783905,Gable,Compshg,Vinylsd,Vinylsd,1.2762593420790767,Ta,Cblock,Alq,0.3174787807525159,Unf,-0.2871575004618263,-0.5850776880966869,-0.5084816127881998,Ta,Sbrkr,-0.7307191754207423,1.4748221119862428,-0.11183896233236511,0.8683416754442317,1.5081281986003237,1.1488602780227886,Typ,Attchd,-0.6734782409714791,-0.9824399605824299,-0.954604135627005,Ta,Ta,-0.7459116674968221,2.0648593220096636,-0.37071052595830367,-0.10217939216911985,-0.2698934816491846,-0.07638622508638289,0.2500205308079403,-0.6157420322454488,Wd,Normal,169500.0
398,-0.7812896656252737,-0.6437224403623983,Rm,-0.42567055404660176,-0.04146097783783773,Corner,Idotrr,Norm,Norm,1fam,1story,-0.8154008244853307,-3.2738158351166446,-1.6776555425099573,-1.6931581880365496,Gable,Compshg,Metalsd,Metalsd,-0.5718951461336651,Fa,Brktil,Unf,-1.0478669023226053,Unf,-0.2871575004618263,0.9238829432087955,-0.21161706375010947,Gd,Mix,-0.09622386613514805,-0.8058476456345897,-0.11183896233236511,-0.8611579732585086,-1.0896529477822716,-0.23862605398781578,Maj2,Detchd,-2.4152656985731156,-0.9824399605824299,-0.5842112026773455,Po,Po,-0.7459116674968221,-0.7172050643637078,-0.37071052595830367,-0.10217939216911985,-0.2698934816491846,-0.07638622508638289,1.723765402772175,-0.6157420322454488,Wd,Abnorml,67000.0
399,-0.7789246699471613,0.05886816201502109,Fv,-0.1570922068258007,-0.3087222316505208,Inside,Somerst,Norm,Norm,1fam,2story,0.7855007178579084,-0.5526946526296532,1.1581691971198125,1.0845905796635116,Gable,Compshg,Cemntbd,Cmentbd,0.06982516227353694,Ta,Pconc,Glq,1.0052084581533176,Unf,-0.2871575004618263,-0.6893073078414926,0.18930310041473408,Ex,Sbrkr,0.014260391700651945,0.2613888435084922,-0.11183896233236511,0.25183975985223445,-1.0896529477822716,0.45511711201748645,Typ,Attchd,1.1927226064588459,0.4033288092841152,-0.08368021220483261,Ta,Ta,-0.7459116674968221,2.0648593220096636,-0.37071052595830367,-0.10217939216911985,-0.2698934816491846,-0.07638622508638289,1.3553291847811162,0.8927965977552895,Wd,Normal,241000.0
400,-0.7765596742690488,1.46404936676986,Rl,-1.6074152818181267,1.861743865227302,Inside,Veenker,Norm,Norm,Twnhse,1story,1.5859514890295279,-0.5526946526296532,0.8284221343721648,0.5485337999319209,Gable,Compshg,Brkface,Brkface,-0.5718951461336651,Ta,Pconc,Glq,0.9394695919311822,Unf,-0.2871575004618263,-0.22974943896666752,0.7034602575116328,Ex,Sbrkr,0.5698383739606747,-0.8058476456345897,-0.11183896233236511,-0.3646621557397628,-2.3885435209735695,-1.6261123859984203,Typ,Attchd,0.7365401770869886,0.4033288092841152,0.22664900188812537,Ta,Ta,0.27270890449862556,-0.22040785251132003,-0.37071052595830367,-0.10217939216911985,4.034047779176372,-0.07638622508638289,2.0922016207632335,0.1385272827549204,Wd,Normal,245500.0
401,-0.7741946785909364,-0.8779193078215382,Rl,-0.1570922068258007,-0.10494346092873633,Inside,Collgcr,Norm,Norm,1fam,1story,0.7855007178579084,-0.5526946526296532,1.1251944908450477,0.9871257106214042,Gable,Compshg,Vinylsd,Vinylsd,-0.5718951461336651,Ta,Pconc,Glq,-0.987184871963711,Unf,-0.2871575004618263,1.6937608163238376,0.8564832209333287,Ex,Sbrkr,0.6392856217431776,-0.8058476456345897,-0.11183896233236511,-0.31289481931600727,0.20923762540902602,-0.23862605398781578,Typ,Attchd,1.1097803465730536,0.4033288092841152,-0.2738819885843875,Ta,Ta,-0.7459116674968221,-0.7172050643637078,-0.37071052595830367,-0.10217939216911985,-0.2698934816491846,-0.07638622508638289,0.2500205308079403,-1.370011347245818,New,Partial,164990.0
402,-0.7718296829128239,-0.6437224403623983,Rl,-0.42567055404660176,0.34990853041755204,Inside,Sawyer,Norm,Norm,1fam,1story,-0.8154008244853307,2.168426529857338,-1.018161417014662,0.5972662344529746,Gable,Compshg,Wdsdng,Wdsdng,-0.5718951461336651,Ta,Pconc,Unf,-1.0478669023226053,Unf,-0.2871575004618263,0.2392838498849581,-1.0960897923275126,Ex,Sbrkr,-1.3746845639494052,-0.8058476456345897,-0.11183896233236511,-1.8141475756049166,-1.0896529477822716,-1.6261123859984203,Typ,Detchd,-1.5858430997151935,-0.9824399605824299,-1.0747315733404081,Ta,Ta,0.6801571332968046,-0.7172050643637078,-0.37071052595830367,-0.10217939216911985,-0.2698934816491846,-0.07638622508638289,0.6184567487989989,0.1385272827549204,Wd,Normal,108000.0
403,-0.7694646872347115,0.05886816201502109,Rl,1.3469465376106855,0.9498179956265437,Corner,Noridge,Norm,Norm,1fam,2story,1.5859514890295279,-0.5526946526296532,0.8943715469216943,0.6459986689740282,Hip,Compshg,Vinylsd,Vinylsd,3.599286858513148,Ta,Pconc,Unf,-1.0478669023226053,Unf,-0.2871575004618263,1.3502768421648188,0.3392656045679962,Gd,Sbrkr,0.18156512499486335,1.8695534161898484,-0.11183896233236511,1.9295720721312193,1.5081281986003237,2.536346610033393,Typ,Builtin,0.8194824369727808,0.4033288092841152,-0.17377579048988492,Ta,Ta,0.4764330188977151,1.319663504231082,-0.37071052595830367,-0.10217939216911985,-0.2698934816491846,-0.07638622508638289,0.2500205308079403,-1.370011347245818,Wd,Abnorml,258000.0
404,-0.7670996915565991,0.05886816201502109,Rl,0.057770470950840196,0.4019641665520889,Inside,Gilbert,Norm,Norm,1fam,2story,-0.014950053313711128,-0.5526946526296532,0.7954474280974001,0.5485337999319209,Gable,Compshg,Metalsd,Metalsd,-0.5718951461336651,Ta,Pconc,Unf,-1.0478669023226053,Unf,-0.2871575004618263,0.5567104191077754,-0.6859882503573671,Gd,Sbrkr,-0.9516876910923423,1.060597903871348,-0.11183896233236511,0.3036070962759899,0.20923762540902602,0.45511711201748645,Typ,Builtin,0.6950690471440925,0.4033288092841152,-0.409025356011966,Ta,Ta,-0.7459116674968221,-0.05480878189385744,-0.37071052595830367,-0.10217939216911985,-0.2698934816491846,-0.07638622508638289,-0.48685190517417704,-0.6157420322454488,Wd,Normal,168000.0
405,-0.7647346958784866,-0.8779193078215382,Rl,0.057770470950840196,0.28356933558756303,Corner,Sawyer,Feedr,Norm,1fam,1story,-1.6158515956569501,-1.4597350467919836,0.1689280088768695,0.40233649636875973,Gable,Compshg,Plywood,Plywood,-0.5718951461336651,Ta,Cblock,Blq,1.7738475093659787,Unf,-0.2871575004618263,-0.9617256321745075,0.767729902148745,Ex,Sbrkr,1.6178604768602634,-0.8058476456345897,-0.11183896233236511,0.41655401210963827,0.20923762540902602,1.1488602780227886,Min1,Attchd,0.6121267872583003,0.4033288092841152,0.1765959028408741,Ta,Ta,0.27270890449862556,0.5744676864525003,-0.37071052595830367,-0.10217939216911985,-0.2698934816491846,-0.07638622508638289,-0.11841568718311837,0.8927965977552895,Wd,Normal,150000.0
406,-0.7623697002003742,-0.17532870544411872,Rl,-0.9091115790440437,0.4387840067448101,Inside,Swisu,Norm,Norm,1fam,1.5fin,-0.014950053313711128,-0.5526946526296532,-1.1500602421137212,-1.6931581880365496,Gable,Compshg,Metalsd,Metalsd,-0.5718951461336651,Ta,Brktil,Unf,-1.0478669023226053,Unf,-0.2871575004618263,1.1678750076114088,0.10361024089858432,Ex,Fusea,0.18472181807588622,-0.8058476456345897,10.986329282634683,0.46126216629379074,0.20923762540902602,-0.23862605398781578,Maj2,Detchd,-1.751727619486778,-0.9824399605824299,-1.0747315733404081,Ta,Ta,-0.7459116674968221,-0.7172050643637078,-0.37071052595830367,-0.10217939216911985,-0.2698934816491846,-0.07638622508638289,-1.2237243411562944,0.1385272827549204,Wd,Normal,115000.0
407,-0.7600047045222618,0.2930650294741609,Rl,-0.2645235457141211,2.0563176759009063,Inside,Crawfor,Norm,Norm,1fam,2story,-0.014950053313711128,1.2613861356950078,-1.8425290738837812,-0.42611489048915324,Gable,Compshg,Wdsdng,Plywood,-0.5718951461336651,Ta,Brktil,Unf,-1.0478669023226053,Unf,-0.2871575004618263,0.6372514889105798,-0.5819326352306139,Ex,Sbrkr,-0.8443601263375652,1.2409072650507729,-0.11183896233236511,0.5577376569016987,1.5081281986003237,1.1488602780227886,Typ,Attchd,-0.7564205008572713,-0.9824399605824299,-0.7343704998190993,Ta,Ta,-0.7459116674968221,-0.7172050643637078,2.309061787417241,-0.10217939216911985,-0.2698934816491846,-0.07638622508638289,-1.2237243411562944,0.1385272827549204,Wd,Normal,177000.0
408,-0.7576397088441493,0.05886816201502109,Rl,2.206397248717249,1.6049572211246173,Corner,Nridght,Norm,Norm,1fam,2story,0.7855007178579084,-0.5526946526296532,1.1581691971198125,1.035858145142458,Gable,Compshg,Vinylsd,Vinylsd,1.674125933291542,Ta,Pconc,Unf,-1.0478669023226053,Unf,-0.2871575004618263,1.1655061526172088,0.10054978163015041,Ex,Sbrkr,-0.1151640246212852,1.8768632551565818,-0.11183896233236511,1.7154435441965943,0.20923762540902602,1.842603444028091,Typ,Attchd,1.1512514765159496,1.7890975791506603,2.464022529300258,Ta,Ta,0.8838812476958942,0.30950917346456025,-0.37071052595830367,-0.10217939216911985,-0.2698934816491846,-0.07638622508638289,0.6184567487989989,-0.6157420322454488,New,Partial,280000.0
409,-0.7552747131660369,0.05886816201502109,Fv,0.9172211820574037,0.5403559796902478,Inside,Somerst,Norm,Norm,1fam,2story,1.5859514890295279,-0.5526946526296532,1.1911439033945772,1.1333230141845654,Gable,Compshg,Vinylsd,Vinylsd,0.06982516227353694,Ta,Pconc,Glq,0.947054845726044,Unf,-0.2871575004618263,-0.7722172326384972,0.011796462845566711,Ex,Sbrkr,-0.18145457932276518,1.6989905069660682,-0.11183896233236511,1.4942558340223662,0.20923762540902602,1.1488602780227886,Typ,Attchd,1.234193736401742,1.7890975791506603,1.9084331298757686,Ta,Ta,-0.7459116674968221,0.9719054559344106,-0.37071052595830367,-0.10217939216911985,-0.2698934816491846,-0.07638622508638289,-0.8552881231652357,0.1385272827549204,New,Partial,339750.0
410,-0.7529097174879245,-0.8779193078215382,Rl,0.004054801506679975,0.150256121096676,Inside,Edwards,Norm,Norm,1fam,1story,-0.8154008244853307,-2.366775440954314,-0.42461670406889623,-1.3032987118681199,Gable,Compshg,Brkcomm,Brkcmn,-0.5718951461336651,Fa,Cblock,Unf,-1.0478669023226053,Unf,-0.2871575004618263,1.6700722663818364,0.7524276058065754,Ta,Fusea,0.5319580569884005,-0.8058476456345897,-0.11183896233236511,-0.39289888469817486,0.20923762540902602,-0.9323692199931181,Mod,Attchd,-0.8393627607430636,-0.9824399605824299,-0.5241474838206439,Ta,Ta,-0.7459116674968221,-0.7172050643637078,-0.37071052595830367,-0.10217939216911985,-0.2698934816491846,-0.07638622508638289,-0.11841568718311837,0.8927965977552895,Cod,Abnorml,60000.0
412,-0.7481797261316996,-0.8779193078215382,Fv,0.057770470950840196,-1.4901312419721435,Inside,Somerst,Norm,Norm,1fam,1story,0.7855007178579084,-0.5526946526296532,1.2570933159441067,1.182055448705619,Gable,Compshg,Metalsd,Metalsd,2.2003365861854474,Ta,Pconc,Glq,0.41355866215409853,Unf,-0.2871575004618263,0.7604319486089866,1.346156703882756,Ex,Sbrkr,1.1696100593550176,-0.8058476456345897,-0.11183896233236511,0.08241938610176192,-1.0896529477822716,0.45511711201748645,Typ,Attchd,1.275664866344638,0.4033288092841152,0.1465640434125233,Ta,Ta,-0.7459116674968221,1.6674215525277536,-0.37071052595830367,-0.10217939216911985,-0.2698934816491846,-0.07638622508638289,-0.11841568718311837,1.6470659127556586,New,Partial,222000.0
413,-0.7458147304535871,-0.6437224403623983,Rm,-0.6405332318232426,-0.043682864746019186,Inside,Oldtown,Artery,Norm,1fam,1story,-0.8154008244853307,0.35434574153267734,-1.446832598586604,-1.6931581880365496,Gable,Compshg,Wdshing,Wdshng,-0.5718951461336651,Ta,Cblock,Unf,-1.0478669023226053,Unf,-0.2871575004618263,1.0352191279362015,-0.06777547813371522,Gd,Fusea,-0.25090182710526804,-0.8058476456345897,-0.11183896233236511,-0.9764579498386913,-1.0896529477822716,-0.9323692199931181,Typ,Detchd,-2.124967788972843,0.4033288092841152,-0.47409438477339266,Ta,Ta,-0.7459116674968221,-0.7172050643637078,1.806604478659326,-0.10217939216911985,-0.2698934816491846,-0.07638622508638289,-1.2237243411562944,1.6470659127556586,Wd,Normal,115000.0
414,-0.7434497347754747,0.05886816201502109,Rl,-0.479386223490762,0.6762084935047709,Culdsac,Sawyerw,Norm,Norm,1fam,2story,0.7855007178579084,-0.5526946526296532,0.7294980155478705,0.40233649636875973,Gable,Compshg,Vinylsd,Vinylsd,-0.5718951461336651,Ta,Pconc,Blq,-0.9214460057415755,Glq,3.1223506271504147,-0.17052806411166427,0.15257758919352704,Ex,Sbrkr,-0.08675378689207948,1.6721877640880456,-0.11183896233236511,1.5389639882065187,0.20923762540902602,1.842603444028091,Typ,Attchd,0.6121267872583003,1.7890975791506603,1.1175941649291983,Ta,Ta,0.9178352667624091,2.3794975561828426,-0.37071052595830367,-0.10217939216911985,-0.2698934816491846,-0.07638622508638289,2.0922016207632335,0.1385272827549204,Wd,Normal,228000.0
415,-0.7410847390973623,-0.8779193078215382,Rl,0.27263314872748107,-0.06304502208874325,Inside,Gilbert,Norm,Norm,1fam,1story,0.7855007178579084,-0.5526946526296532,1.1911439033945772,1.0845905796635116,Gable,Compshg,Vinylsd,Vinylsd,-0.5718951461336651,Ta,Pconc,Glq,-0.987184871963711,Unf,-0.2871575004618263,1.7648264661498414,0.9482969989863463,Ex,Sbrkr,0.7339864141738633,-0.8058476456345897,-0.11183896233236511,-0.24230299691997706,0.20923762540902602,-0.23862605398781578,Typ,Attchd,1.1927226064588459,0.4033288092841152,-0.293903228203288,Ta,Ta,0.10293880916605094,-0.22040785251132003,-0.37071052595830367,-0.10217939216911985,-0.2698934816491846,-0.07638622508638289,0.6184567487989989,-0.6157420322454488,New,Partial,181134.0
416,-0.7387197434192498,0.05886816201502109,Rl,0.3263488181716413,-0.3979151203932333,Inside,Sawyer,Norm,Norm,1fam,2story,-0.014950053313711128,1.2613861356950078,0.23487742142639906,-0.32865002144704586,Hip,Compshg,Hdboard,Hdboard,0.730797079932955,Ta,Cblock,Alq,-0.5194275546139009,Unf,-0.2871575004618263,-0.25580684390286895,-1.0960897923275126,Ta,Sbrkr,-1.3746845639494052,0.9680066102927245,-0.11183896233236511,-0.10111935212791665,0.20923762540902602,-0.23862605398781578,Typ,Attchd,-0.009940161885141366,0.4033288092841152,-0.07366959239538234,Ta,Ta,-0.7459116674968221,-0.7172050643637078,-0.37071052595830367,-0.10217939216911985,-0.2698934816491846,-0.07638622508638289,-1.2237243411562944,-1.370011347245818,Wd,Normal,149500.0
418,-0.733989752063025,-0.17532870544411872,Rl,-0.42567055404660176,-0.2976127971096135,Inside,Edwards,Norm,Norm,1fam,1.5fin,-0.8154008244853307,0.35434574153267734,-1.018161417014662,-1.6931581880365496,Gable,Compshg,Metalsd,Metalsd,-0.5718951461336651,Ta,Brktil,Alq,-0.2590005076569797,Unf,-0.2871575004618263,-0.3008150887926714,-0.8390112137790632,Fa,Fusef,-1.109522345143485,0.11519206417382344,-0.11183896233236511,-0.7270335107060513,0.20923762540902602,0.45511711201748645,Typ,Detchd,-1.5858430997151935,-0.9824399605824299,-1.0747315733404081,Ta,Ta,-0.7459116674968221,-0.7172050643637078,-0.37071052595830367,-0.10217939216911985,-0.2698934816491846,-0.07638622508638289,-0.8552881231652357,-0.6157420322454488,Wd,Adjland,126000.0
419,-0.7316247563849125,-0.8779193078215382,Rl,-0.1570922068258007,-0.20556319662781058,Inside,Names,Norm,Norm,1fam,1story,-0.8154008244853307,0.35434574153267734,-0.0948696413212486,-0.8159743666575829,Gable,Compshg,Vinylsd,Vinylsd,-0.5718951461336651,Ta,Cblock,Blq,0.9116569946833557,Unf,-0.2871575004618263,-0.6869384528472925,0.07912656675111296,Ex,Sbrkr,-0.16251442083662804,-0.8058476456345897,-0.11183896233236511,-0.9105722489357297,0.20923762540902602,-0.23862605398781578,Typ,Attchd,-0.4246514613141025,-0.9824399605824299,-0.7543917394379999,Ta,Ta,-0.7459116674968221,0.6903870358847242,2.7110276344235724,-0.10217939216911985,-0.2698934816491846,-0.07638622508638289,0.2500205308079403,1.6470659127556586,Wd,Normal,142000.0
420,-0.7292597607068001,0.7614587643924405,Rm,0.5412114959482822,-0.6467664541095558,Inside,Mitchel,Norm,Norm,Duplex,Sfoyer,0.7855007178579084,-0.5526946526296532,0.8613968406469296,0.6459986689740282,Gable,Compshg,Vinylsd,Vinylsd,0.7115454706807389,Gd,Pconc,Glq,2.2618321701687534,Unf,-0.2871575004618263,-1.2696767814205243,0.9605388360600821,Ex,Sbrkr,0.7466131864979547,-0.8058476456345897,-0.11183896233236511,-0.2328907539338397,-1.0896529477822716,1.1488602780227886,Typ,Attchd,0.7780113070298847,3.174866349017205,1.648157014830062,Ta,Ta,-0.7459116674968221,-0.7172050643637078,-0.37071052595830367,-0.10217939216911985,-0.2698934816491846,-0.07638622508638289,1.723765402772175,0.1385272827549204,Wd,Alloca,206300.0
421,-0.7268947650286877,-0.8779193078215382,Rl,0.057770470950840196,2.392457423867214,Fr2,Nwames,Norm,Norm,1fam,1story,-0.014950053313711128,1.2613861356950078,0.20190271515163427,0.7434635380161356,Gable,Compshg,Cemntbd,Cmentbd,0.23667244245940947,Ta,Cblock,Alq,2.102541840476656,Unf,-0.2871575004618263,-0.5092743282822828,1.7501373273160334,Gd,Sbrkr,1.5610400014018517,-0.8058476456345897,-0.11183896233236511,0.37419891867202015,0.20923762540902602,1.1488602780227886,Typ,Attchd,-0.05141129182803748,0.4033288092841152,0.3718029891251541,Ta,Ta,1.2913294764940733,-0.7172050643637078,-0.37071052595830367,-0.10217939216911985,-0.2698934816491846,-0.07638622508638289,-0.11841568718311837,0.8927965977552895,Wd,Normal,215000.0
423,-0.7221647736724628,0.05886816201502109,Rl,0.6486428348366026,0.03249611496305912,Inside,Noridge,Norm,Norm,1fam,2story,1.5859514890295279,-0.5526946526296532,0.8943715469216943,0.6459986689740282,Gable,Compshg,Vinylsd,Vinylsd,2.4634419126324003,Ta,Pconc,Glq,1.4451531782553013,Unf,-0.2871575004618263,-0.2060608890246662,1.346156703882756,Gd,Sbrkr,1.1443565147068346,2.0206234215023393,-0.11183896233236511,2.7931453661093224,1.5081281986003237,1.1488602780227886,Typ,Attchd,0.8194824369727808,1.7890975791506603,1.2076897432142506,Ta,Ta,-0.7459116674968221,0.3757488017115453,-0.37071052595830367,-0.10217939216911985,-0.2698934816491846,-0.07638622508638289,-0.11841568718311837,0.1385272827549204,Wd,Normal,315000.0
424,-0.7197997779943504,-0.8779193078215382,Rl,0.21891747928332086,-0.03098636812783947,Inside,Names,Norm,Norm,1fam,1story,-0.014950053313711128,-0.5526946526296532,-0.49056611661842575,-1.4007635809102275,Gable,Compshg,Wdsdng,Wdsdng,-0.09702211791233559,Ta,Cblock,Lwq,0.5096385435556812,Unf,-0.2871575004618263,0.021349190418546205,0.5075908643318618,Gd,Fusea,0.2794226105065719,-0.8058476456345897,-0.11183896233236511,-0.5811437444209221,-1.0896529477822716,-0.23862605398781578,Typ,Attchd,-0.9223050206288558,-0.9824399605824299,-0.7894289087710757,Ta,Ta,-0.7459116674968221,0.011430846353127591,-0.37071052595830367,-0.10217939216911985,-0.2698934816491846,-0.07638622508638289,-0.48685190517417704,0.1385272827549204,Wd,Normal,139000.0
425,-0.7174347823162379,0.05886816201502109,Rm,-0.42567055404660176,-1.8154789678129988,Inside,Oldtown,Norm,Norm,1fam,2story,0.7855007178579084,2.168426529857338,-0.8203131793660734,0.35360406184770604,Gable,Compshg,Hdboard,Hdboard,-0.5718951461336651,Gd,Cblock,Unf,-1.0478669023226053,Unf,-0.2871575004618263,0.18953789500675539,-1.1603594369646248,Gd,Sbrkr,-1.2642003061136051,0.8559224128028118,-0.11183896233236511,-0.12700302033979438,0.20923762540902602,-0.23862605398781578,Typ,Detchd,-1.2955451901149209,-0.9824399605824299,-1.0747315733404081,Ta,Ta,-0.7459116674968221,-0.7172050643637078,1.7396101708249374,-0.10217939216911985,-0.2698934816491846,-0.07638622508638289,0.9868929667900576,0.8927965977552895,Wd,Normal,135000.0
426,-0.7150697866381255,0.5272618969333007,Rl,0.057770470950840196,1.1751808105992336,Inside,Sawyerw,Norm,Norm,1fam,Slvl,0.7855007178579084,-0.5526946526296532,0.5975991904488115,0.2074067582845449,Gable,Compshg,Wdsdng,Wdsdng,0.35859930105677784,Ta,Pconc,Glq,2.7902715178774575,Unf,-0.2871575004618263,-1.3525867062175287,1.4930587487675842,Gd,Sbrkr,1.6936211108048118,-0.8058476456345897,-0.11183896233236511,0.47302747002646245,-1.0896529477822716,-0.9323692199931181,Typ,Attchd,0.44624226748671586,0.4033288092841152,0.5720153853141593,Ta,Ta,-0.06683128616652366,-0.7172050643637078,-0.37071052595830367,-0.10217939216911985,7.338859818738853,-0.07638622508638289,0.6184567487989989,0.8927965977552895,Wd,Normal,275000.0
427,-0.712704790960013,-0.8779193078215382,Rl,0.48749582650412193,-0.1601732212178181,Inside,Names,Norm,Norm,1fam,1story,-1.6158515956569501,0.35434574153267734,-0.457591410343661,-1.3520311463891737,Hip,Compshg,Metalsd,Metalsd,-0.5718951461336651,Ta,Cblock,Rec,-0.31968253801587393,Unf,-0.2871575004618263,0.11373453519235124,-0.37688186424554115,Ex,Sbrkr,-0.6328616899090337,-0.8058476456345897,-0.11183896233236511,-1.2611783001693466,0.20923762540902602,-0.9323692199931181,Typ,Detchd,-0.590535981085687,-0.9824399605824299,-0.5141368640111936,Ta,Ta,-0.7459116674968221,-0.7172050643637078,-0.37071052595830367,-0.10217939216911985,-0.2698934816491846,-0.07638622508638289,0.2500205308079403,0.1385272827549204,Wd,Normal,109008.0
428,-0.7103397952819006,-0.8779193078215382,Rl,-0.2108078762699609,-0.7413553539149946,Inside,Collgcr,Norm,Norm,1fam,1story,0.7855007178579084,-0.5526946526296532,1.1911439033945772,1.0845905796635116,Gable,Compshg,Vinylsd,Vinylsd,0.1211627869461131,Ta,Pconc,Glq,0.6310026042734697,Unf,-0.2871575004618263,-0.06392958937265845,0.5443163755530689,Ex,Sbrkr,0.3173029274788462,-0.8058476456345897,-0.11183896233236511,-0.55290701546251,-1.0896529477822716,-0.23862605398781578,Typ,Attchd,1.1927226064588459,0.4033288092841152,0.8673286696929419,Ta,Ta,0.1453813329991946,0.17702991697059017,-0.37071052595830367,-0.10217939216911985,-0.2698934816491846,-0.07638622508638289,0.9868929667900576,-0.6157420322454488,New,Partial,195400.0
429,-0.7079747996037882,-0.8779193078215382,Rl,3.3344263070446134,0.7488959366438497,Corner,Timber,Norm,Norm,1fam,1story,-0.014950053313711128,-0.5526946526296532,0.5646244841740466,0.1586743237634912,Gable,Compshg,Hdboard,Hdboard,-0.5718951461336651,Ta,Cblock,Glq,1.4931931189560925,Unf,-0.2871575004618263,-0.4358398234620788,1.10744088094491,Ta,Sbrkr,0.9612683160075091,-0.8058476456345897,-0.11183896233236511,-0.07288262316950456,0.20923762540902602,-0.23862605398781578,Typ,Attchd,0.4047711375438197,0.4033288092841152,0.6070525546472352,Ta,Ta,-0.7459116674968221,-0.7172050643637078,2.4597989800446154,-0.10217939216911985,-0.2698934816491846,-0.07638622508638289,-1.2237243411562944,0.8927965977552895,Wd,Normal,175000.0
430,-0.7056098039256757,2.4008368366064192,Rm,-2.5205816623688504,-2.3544452492547276,Inside,Brdale,Norm,Norm,Twnhs,2story,-0.014950053313711128,-0.5526946526296532,0.004054477503045694,-0.6697770630944218,Gable,Compshg,Hdboard,Hdboard,0.9168959693710435,Ta,Cblock,Alq,-0.06936916278543506,Unf,-0.2871575004618263,-1.1251766267743164,-1.6745165940615234,Ta,Sbrkr,-1.9712995562627251,0.4222053007766278,-0.11183896233236511,-1.0729334404465993,-1.0896529477822716,-1.6261123859984203,Typ,Detchd,-0.30023807148541415,-0.9824399605824299,-0.954604135627005,Ta,Ta,-0.7459116674968221,-0.7172050643637078,-0.37071052595830367,-0.10217939216911985,-0.2698934816491846,-0.07638622508638289,0.2500205308079403,0.1385272827549204,Cod,Abnorml,85400.0
431,-0.7032448082475633,-0.17532870544411872,Rm,-0.42567055404660176,-1.1146323544894783,Inside,Oldtown,Feedr,Norm,1fam,1.5fin,-0.014950053313711128,1.2613861356950078,-1.6776555425099573,0.6459986689740282,Gable,Compshg,Metalsd,Metalsd,-0.5718951461336651,Ta,Brktil,Unf,-1.0478669023226053,Unf,-0.2871575004618263,0.7817516435567877,-0.3952446198561447,Gd,Sbrkr,-0.06150024224389662,-0.5378202168543637,-0.11183896233236511,-0.5764376229278534,1.5081281986003237,0.45511711201748645,Typ,Attchd,0.07300209800065086,-2.368208730448975,-2.2760059504744388,Ta,Ta,-0.7459116674968221,0.9056658276874255,-0.37071052595830367,-0.10217939216911985,-0.2698934816491846,-0.07638622508638289,0.9868929667900576,0.1385272827549204,Conld,Abnorml,79900.0
432,-0.7008798125694509,2.4008368366064192,Rm,-2.3594346540363698,-2.2782662695456497,Inside,Brdale,Norm,Norm,Twnhse,2story,-0.8154008244853307,-0.5526946526296532,0.004054477503045694,-0.6697770630944218,Gable,Compshg,Hdboard,Hdboard,1.8409732134774144,Ta,Cblock,Alq,0.14301794347069488,Unf,-0.2871575004618263,-0.6561433379226909,-0.8114670803631578,Ex,Sbrkr,-1.0811121074142793,0.6561201477120978,-0.11183896233236511,-0.18347647825661856,-1.0896529477822716,-0.23862605398781578,Min1,Detchd,-0.30023807148541415,0.4033288092841152,-0.07366959239538234,Ta,Ta,1.2913294764940733,-0.12104841014084247,-0.37071052595830367,-0.10217939216911985,-0.2698934816491846,-0.07638622508638289,0.6184567487989989,-0.6157420322454488,Wd,Normal,122500.0
433,-0.6985148168913384,0.05886816201502109,Rl,1.722956223719807,0.552735063892973,Corner,Gilbert,Norm,Norm,1fam,2story,-0.014950053313711128,-0.5526946526296532,0.8613968406469296,0.6459986689740282,Gable,Compshg,Vinylsd,Vinylsd,-0.5718951461336651,Ta,Pconc,Unf,-1.0478669023226053,Unf,-0.2871575004618263,0.840973018411791,-0.3187331381452967,Ex,Sbrkr,-0.5728845213695994,0.8461759608471672,-0.11183896233236511,0.3789050401650888,0.20923762540902602,0.45511711201748645,Typ,Attchd,0.7780113070298847,0.4033288092841152,0.07648970474637151,Ta,Ta,-0.7459116674968221,-0.12104841014084247,-0.37071052595830367,-0.10217939216911985,-0.2698934816491846,-0.07638622508638289,0.2500205308079403,0.1385272827549204,Wd,Normal,181000.0
434,-0.696149821213226,2.8692305715246986,Rm,-2.5205816623688504,-2.2877886420092843,Inside,Meadowv,Norm,Norm,Twnhs,Sfoyer,-1.6158515956569501,1.2613861356950078,0.03702918377781046,-0.6210446285733681,Gable,Compshg,Cemntbd,Cmentbd,-0.5718951461336651,Gd,Cblock,Alq,0.20369997382958915,Unf,-0.2871575004618263,-1.0327912820005114,-1.2246290816017371,Gd,Sbrkr,-1.507265673352365,-0.8058476456345897,-0.11183896233236511,-1.9129761269593588,-2.3885435209735695,-2.3198555520037223,Typ,Attchd,0.07300209800065086,-2.368208730448975,-2.2760059504744388,Ta,Ta,0.0010767519665061786,-0.7172050643637078,-0.37071052595830367,-0.10217939216911985,-0.2698934816491846,-0.07638622508638289,-0.11841568718311837,0.1385272827549204,Wd,Normal,81000.0
435,-0.6937848255351136,0.05886816201502109,Rl,-1.3388369345973254,0.49814012843480027,Culdsac,Collgcr,Posn,Norm,1fam,2story,0.7855007178579084,0.35434574153267734,0.8284221343721648,0.5485337999319209,Gable,Compshg,Vinylsd,Vinylsd,-0.5718951461336651,Ta,Pconc,Glq,-0.07442599864867626,Alq,1.9216387253359344,-1.1867668566235199,-0.7074114652364046,Ex,Sbrkr,-0.8853971363908623,1.2262875871173058,-0.11183896233236511,0.5130295027175462,0.20923762540902602,-0.23862605398781578,Typ,Attchd,0.7365401770869886,0.4033288092841152,0.4769144971243818,Ta,Ta,0.5952720856305174,0.292949266402814,-0.37071052595830367,-0.10217939216911985,-0.2698934816491846,-0.07638622508638289,-0.8552881231652357,0.8927965977552895,Conlw,Normal,212000.0
436,-0.6914198298570011,-0.17532870544411872,Rm,-1.499983942929806,-1.491083479218507,Inside,Oldtown,Norm,Norm,1fam,1.5fin,-0.014950053313711128,2.168426529857338,-1.6776555425099573,-1.6931581880365496,Gable,Compshg,Stucco,Stucco,-0.5718951461336651,Ta,Brktil,Unf,-1.0478669023226053,Unf,-0.2871575004618263,0.18243133002415501,-1.1695408147699267,Ta,Fusea,-1.178969592925988,0.12981174210729032,-0.11183896233236511,-0.7646824826506007,-1.0896529477822716,-0.23862605398781578,Typ,Detchd,0.48771339742961195,0.4033288092841152,-0.07366959239538234,Ta,Ta,-0.7459116674968221,-0.7172050643637078,-0.37071052595830367,-0.10217939216911985,-0.2698934816491846,-0.07638622508638289,1.3553291847811162,-1.370011347245818,Wd,Normal,116000.0
437,-0.6890548341788887,-0.2924271391736886,Rm,-0.962827248488204,-0.9832236144913183,Inside,Brkside,Norm,Norm,1fam,1.5unf,-0.014950053313711128,1.2613861356950078,-1.4798073048613687,0.9383932761003505,Gable,Compshg,Wdsdng,Wdsdng,-0.5718951461336651,Ta,Pconc,Unf,-1.0478669023226053,Unf,-0.2871575004618263,0.7414811086553855,-0.44727242741952133,Gd,Sbrkr,-0.6423317691521023,-0.8058476456345897,-0.11183896233236511,-1.2682374824089495,-1.0896529477822716,-1.6261123859984203,Typ,Detchd,-2.166438918915739,-0.9824399605824299,-1.3750501676239157,Ta,Ta,-0.7459116674968221,-0.7172050643637078,1.3878900546943973,-0.10217939216911985,-0.2698934816491846,-0.07638622508638289,-1.9605967771384116,0.8927965977552895,Wd,Normal,119000.0
438,-0.6866898385007763,-0.6437224403623983,Rl,-1.499983942929806,-1.5291729690730462,Inside,Crawfor,Norm,Norm,1fam,1story,-0.8154008244853307,0.35434574153267734,-1.9084784864333106,0.8409284070582431,Gable,Compshg,Wdshing,Stucco,-0.5718951461336651,Ta,Pconc,Lwq,-0.12499435728108815,Unf,-0.2871575004618263,-1.174922581652519,-1.806116342604182,Ta,Sbrkr,-1.3052373161669022,-0.8058476456345897,-0.11183896233236511,-1.762380239181161,-1.0896529477822716,-1.6261123859984203,Typ,Detchd,0.48771339742961195,-0.9824399605824299,-0.5141368640111936,Gd,Ta,-0.7459116674968221,-0.7172050643637078,0.19874109063399953,-0.10217939216911985,-0.2698934816491846,-0.07638622508638289,-1.2237243411562944,-0.6157420322454488,Wd,Normal,90350.0
439,-0.6843248428226638,-0.17532870544411872,Rl,-0.049660867937480244,1.0336148733065298,Corner,Edwards,Norm,Norm,1fam,1.5fin,-0.014950053313711128,2.168426529857338,-1.6776555425099573,0.7434635380161356,Gable,Compshg,Wdsdng,Wdsdng,-0.5718951461336651,Ta,Brktil,Unf,-1.0478669023226053,Unf,-0.2871575004618263,0.26771010981535964,-1.0593642811063053,Gd,Sbrkr,-1.3368042469771309,0.441698204687917,-0.11183896233236511,-0.5811437444209221,0.20923762540902602,0.45511711201748645,Typ,Detchd,1.1097803465730536,0.4033288092841152,0.366797679220429,Ta,Ta,-0.7459116674968221,0.0445506604766201,-0.37071052595830367,-0.10217939216911985,-0.2698934816491846,1.6653633842828302,0.6184567487989989,0.8927965977552895,Conli,Normal,110000.0
441,-0.6795948514664389,0.7614587643924405,Rl,1.2932308681665252,0.9555314191047246,Inside,Edwards,Norm,Norm,Duplex,1story,-1.6158515956569501,-1.4597350467919836,-0.5235408228931906,-1.449496015431281,Gable,Compshg,Vinylsd,Vinylsd,1.1607496865657803,Ta,Cblock,Alq,-0.7115873174170662,Unf,-0.2871575004618263,1.7435067712020402,1.2543429258297385,Ta,Fusef,1.0496557222761491,-0.8058476456345897,-0.11183896233236511,-0.0069969222665430195,1.5081281986003237,1.1488602780227886,Typ,Attchd,0.07300209800065086,-2.368208730448975,-2.2760059504744388,Ta,Ta,-0.7459116674968221,-0.7172050643637078,-0.37071052595830367,-0.10217939216911985,-0.2698934816491846,-0.07638622508638289,0.9868929667900576,0.1385272827549204,Wd,Normal,118000.0
442,-0.6772298557883264,-0.17532870544411872,Rm,-0.8553959095998835,-0.90704463478224,Inside,Brkside,Norm,Norm,1fam,1.5fin,-0.8154008244853307,1.2613861356950078,-1.3479084797623098,0.35360406184770604,Gable,Compshg,Metalsd,Metalsd,-0.5718951461336651,Ta,Pconc,Unf,-1.0478669023226053,Unf,-0.2871575004618263,1.2010389775302106,0.1464566706566592,Ta,Sbrkr,0.06476748099701765,0.2784451344308702,-0.11183896233236511,0.30596015702252427,0.20923762540902602,1.1488602780227886,Typ,Detchd,-2.000554399144155,0.4033288092841152,-0.47409438477339266,Ta,Ta,-0.7459116674968221,-0.7172050643637078,-0.37071052595830367,-0.10217939216911985,-0.2698934816491846,-0.07638622508638289,-0.11841568718311837,0.1385272827549204,Wd,Normal,162900.0
443,-0.674864860110214,1.46404936676986,Rl,-0.8016802401557234,-1.6428066138057547,Inside,Blmngtn,Norm,Norm,Twnhse,1story,0.7855007178579084,-0.5526946526296532,1.1581691971198125,1.0845905796635116,Gable,Compshg,Wdshing,Wdshng,-0.10985652408047963,Ta,Pconc,Unf,-1.0478669023226053,Unf,-0.2871575004618263,1.627432876486234,0.6973393389747649,Ex,Sbrkr,0.47513758152998903,-0.8058476456345897,-0.11183896233236511,-0.435253978135793,-1.0896529477822716,-0.23862605398781578,Typ,Attchd,1.1927226064588459,1.7890975791506603,0.9674348677874444,Ta,Ta,0.4764330188977151,-0.45224655137576764,-0.37071052595830367,-0.10217939216911985,-0.2698934816491846,-0.07638622508638289,-0.11841568718311837,-0.6157420322454488,New,Partial,172500.0
444,-0.6724998644321015,0.05886816201502109,Rl,0.11148614039500042,-0.1103394719914627,Inside,Collgcr,Norm,Norm,1fam,2story,0.7855007178579084,-0.5526946526296532,0.7624727218226353,0.49980136541086717,Gable,Compshg,Vinylsd,Vinylsd,-0.5718951461336651,Gd,Pconc,Glq,0.5753774097778166,Unf,-0.2871575004618263,-0.7058892928008935,-0.35239819009806983,Ex,Sbrkr,-0.5507876698024394,1.5698500185537774,-0.11183896233236511,1.0942355071115284,1.5081281986003237,1.1488602780227886,Typ,Attchd,0.6535979172011964,0.4033288092841152,0.19161183255504946,Ta,Ta,0.4764330188977151,1.4852625748485446,-0.37071052595830367,-0.10217939216911985,-0.2698934816491846,-0.07638622508638289,0.2500205308079403,0.1385272827549204,Wd,Normal,210000.0
445,-0.6701348687539891,-0.8779193078215382,Rl,0.27263314872748107,0.240401247085752,Corner,Edwards,Norm,Norm,1fam,1story,-0.014950053313711128,-0.5526946526296532,-0.49056611661842575,-1.4007635809102275,Hip,Compshg,Wdsdng,Wdsdng,-0.5718951461336651,Ta,Cblock,Unf,-1.0478669023226053,Unf,-0.2871575004618263,2.049089065453857,1.2421010887560027,Fa,Sbrkr,1.8356722994508403,-0.8058476456345897,-0.11183896233236511,0.5789152036205077,0.20923762540902602,0.45511711201748645,Typ,Attchd,-0.9223050206288558,0.4033288092841152,0.1265428037936228,Ta,Ta,-0.7459116674968221,-0.7172050643637078,-0.37071052595830367,-0.10217939216911985,-0.2698934816491846,-0.07638622508638289,1.723765402772175,0.8927965977552895,Cod,Normal,127500.0
446,-0.6677698730758767,-0.8779193078215382,Rl,3.710435993153735,2.3470674484572216,Corner,Names,Posa,Norm,1fam,1story,-0.014950053313711128,0.35434574153267734,-0.16081905387077813,0.8409284070582431,Gable,Compshg,Brkface,Plywood,-0.5718951461336651,Ta,Cblock,Alq,-0.4233476732123183,Rec,4.290957932659695,-0.033134474448056776,1.4899982894991504,Ex,Sbrkr,2.463854222574389,-0.8058476456345897,-0.11183896233236511,1.0471742921808416,-1.0896529477822716,-0.23862605398781578,Mod,Attchd,-0.5075937211998947,0.4033288092841152,0.6170631744566853,Ta,Ta,-0.7459116674968221,-0.7172050643637078,-0.37071052595830367,-0.10217939216911985,-0.2698934816491846,-0.07638622508638289,-0.11841568718311837,1.6470659127556586,Wd,Normal,190000.0
447,-0.6654048773977642,0.05886816201502109,Rl,0.057770470950840196,0.6717647196884079,Corner,Gilbert,Norm,Norm,1fam,2story,0.7855007178579084,-0.5526946526296532,0.8943715469216943,0.6947311034950819,Gable,Compshg,Vinylsd,Vinylsd,-0.5718951461336651,Ta,Pconc,Unf,-1.0478669023226053,Unf,-0.2871575004618263,0.8504484383885915,-0.30649130107156103,Gd,Sbrkr,-0.47818372893891375,1.460202434052776,-0.11183896233236511,1.0424681706877728,1.5081281986003237,2.536346610033393,Typ,Attchd,0.8194824369727808,0.4033288092841152,-0.1187173815379085,Ta,Ta,0.00956525673313491,-0.7172050643637078,-0.37071052595830367,-0.10217939216911985,-0.2698934816491846,-0.07638622508638289,0.2500205308079403,-1.370011347245818,Wd,Normal,199900.0
448,-0.6630398817196518,-0.17532870544411872,Rm,-0.962827248488204,-0.15795133430963665,Inside,Idotrr,Norm,Norm,1fam,1.5fin,-0.014950053313711128,0.35434574153267734,-1.1170855358389562,-1.6931581880365496,Gable,Compshg,Metalsd,Metalsd,-0.5718951461336651,Ta,Brktil,Unf,-1.0478669023226053,Unf,-0.2871575004618263,0.4951201892585721,-0.7655601913366491,Ta,Sbrkr,-1.0337617111989366,0.6463736957564532,-0.11183896233236511,-0.15759281004474082,0.20923762540902602,0.45511711201748645,Typ,Detchd,-1.7102564895438819,-0.9824399605824299,-1.2849545893388634,Ta,Ta,-0.7459116674968221,-0.7172050643637078,-0.37071052595830367,-0.10217939216911985,-0.2698934816491846,-0.07638622508638289,-0.11841568718311837,-1.370011347245818,Wd,Normal,119500.0
449,-0.6606748860415393,-0.17532870544411872,Rm,-0.962827248488204,-0.9832236144913183,Inside,Oldtown,Norm,Norm,1fam,1.5fin,-2.4163023668285697,1.2613861356950078,-0.7543637668165439,0.8409284070582431,Gable,Compshg,Metalsd,Metalsd,-0.5718951461336651,Gd,Cblock,Alq,-0.21096056695618837,Unf,-0.2871575004618263,-0.5992908180618877,-1.1664803555014926,Ex,Sbrkr,-1.3525877123822452,0.4222053007766278,-0.11183896233236511,-0.6117335341258685,-1.0896529477822716,-0.23862605398781578,Typ,Detchd,0.11447322794354696,-0.9824399605824299,-0.7343704998190993,Ta,Ta,-0.7459116674968221,2.1973385785036337,-0.37071052595830367,-0.10217939216911985,-0.2698934816491846,-0.07638622508638289,-0.11841568718311837,-0.6157420322454488,Wd,Normal,120000.0
450,-0.6583098903634269,-0.6437224403623983,Rm,0.11148614039500042,-1.083525937774938,Inside,Oldtown,Norm,Norm,1fam,1story,-0.014950053313711128,2.168426529857338,-1.3479084797623098,0.9871257106214042,Hip,Compshg,Wdsdng,Wdsdng,-0.5718951461336651,Ta,Brktil,Unf,-1.0478669023226053,Unf,-0.2871575004618263,0.5732924040671764,-0.6645650354783297,Ex,Fusea,-0.9295908395251823,-0.8058476456345897,-0.11183896233236511,-1.4823660103435745,-1.0896529477822716,-0.9323692199931181,Typ,Detchd,-1.9176121392583625,-0.9824399605824299,-0.9245722761986542,Fa,Fa,-0.7459116674968221,1.1540644336136194,-0.37071052595830367,-0.10217939216911985,-0.2698934816491846,-0.07638622508638289,-0.11841568718311837,-1.370011347245818,Wd,Normal,110000.0
452,-0.653579899007202,0.05886816201502109,Rl,0.057770470950840196,0.06518959375487189,Corner,Timber,Norm,Norm,1fam,2story,-0.014950053313711128,-0.5526946526296532,0.8284221343721648,0.5972662344529746,Hip,Compshg,Vinylsd,Vinylsd,-0.30237261660264025,Ta,Pconc,Alq,0.828219202939876,Unf,-0.2871575004618263,-1.044635556971512,-0.4839979386407284,Ex,Sbrkr,-0.692838858448468,1.3091324287402848,-0.11183896233236511,0.7365702736383086,0.20923762540902602,0.45511711201748645,Typ,Attchd,0.7365401770869886,0.4033288092841152,-0.16376517068043467,Ta,Ta,0.4764330188977151,1.3031035971693359,-0.37071052595830367,-0.10217939216911985,-0.2698934816491846,-0.07638622508638289,0.2500205308079403,-0.6157420322454488,Wd,Normal,204000.0
453,-0.6512149033290896,0.05886816201502109,Fv,0.3800644876158015,-0.03098636812783947,Inside,Somerst,Norm,Norm,1fam,2story,1.5859514890295279,-0.5526946526296532,1.224118609669342,1.1333230141845654,Gable,Compshg,Vinylsd,Vinylsd,-0.5718951461336651,Ta,Pconc,Unf,-1.0478669023226053,Unf,-0.2871575004618263,0.46669392932817055,-0.8022857025578561,Ex,Sbrkr,-1.0148215527127995,1.1531891974499715,-0.11183896233236511,0.34596218971360804,0.20923762540902602,-0.23862605398781578,Typ,Attchd,1.234193736401742,0.4033288092841152,1.107583545119748,Ta,Ta,-0.7459116674968221,-0.22040785251132003,-0.37071052595830367,-0.10217939216911985,-0.2698934816491846,-0.07638622508638289,-0.11841568718311837,0.8927965977552895,Wd,Normal,210000.0
454,-0.6488499076509772,0.7614587643924405,Rl,-0.2645235457141211,0.06328511926214493,Inside,Mitchel,Norm,Norm,Duplex,1story,-0.8154008244853307,-0.5526946526296532,0.1689280088768695,-0.42611489048915324,Gable,Compshg,Plywood,Plywood,-0.5718951461336651,Ta,Cblock,Alq,3.0127722958600702,Unf,-0.2871575004618263,-1.0635863969251131,2.1357551951387075,Ta,Sbrkr,1.9587833296107318,-0.8058476456345897,-0.11183896233236511,0.6706845727353471,1.5081281986003237,1.1488602780227886,Typ,Detchd,-0.09288242177093359,0.4033288092841152,0.5269675961716331,Ta,Ta,-0.7459116674968221,-0.7172050643637078,-0.37071052595830367,-0.10217939216911985,-0.2698934816491846,-0.07638622508638289,0.2500205308079403,-1.370011347245818,Wd,Family,188000.0
455,-0.6464849119728647,-0.8779193078215382,Rl,0.6486428348366026,0.1594610811448563,Inside,Nwames,Norm,Norm,1fam,1story,0.7855007178579084,0.35434574153267734,0.07000389005257522,-0.5723121940523144,Hip,Compshg,Hdboard,Hdboard,1.4816098407693812,Ta,Cblock,Alq,1.2681639230418595,Unf,-0.2871575004618263,-0.5803399781082866,0.6483719906798222,Fa,Sbrkr,0.42463049223362337,-0.8058476456345897,-0.11183896233236511,-0.47290295008034244,0.20923762540902602,-0.23862605398781578,Typ,Attchd,-0.2172958115996219,0.4033288092841152,0.366797679220429,Ta,Ta,-0.7459116674968221,-0.7172050643637078,-0.37071052595830367,-0.10217939216911985,-0.2698934816491846,-0.07638622508638289,0.9868929667900576,-0.6157420322454488,Wd,Normal,175500.0
456,-0.6441199162947523,0.2930650294741609,Rm,-1.8222779595947676,-1.4368059561757887,Inside,Oldtown,Norm,Norm,1fam,2story,-0.8154008244853307,-0.5526946526296532,-1.8095543676090164,-1.6931581880365496,Gable,Compshg,Asbshng,Asbshng,-0.5718951461336651,Ta,Brktil,Unf,-1.0478669023226053,Unf,-0.2871575004618263,0.1255788101633519,-1.2429918372123407,Fa,Sbrkr,-1.5262058318385023,0.9485137063814353,-0.11183896233236511,-0.2328907539338397,1.5081281986003237,0.45511711201748645,Typ,Detchd,-2.5811502183447,1.7890975791506603,0.29171803064955204,Fa,Fa,-0.7459116674968221,-0.7172050643637078,1.237152862067023,-0.10217939216911985,-0.2698934816491846,-0.07638622508638289,-0.48685190517417704,0.1385272827549204,Cod,Abnorml,98000.0
458,-0.6393899249385274,0.2930650294741609,Rm,0.057770470950840196,-1.2688947884003619,Inside,Oldtown,Norm,Norm,1fam,2story,1.5859514890295279,1.2613861356950078,-1.5127820111361334,0.5485337999319209,Hip,Compshg,Stucco,Wdshng,-0.5718951461336651,Gd,Pconc,Unf,-1.0478669023226053,Unf,-0.2871575004618263,0.04030003037214724,-1.3531683708759619,Fa,Sbrkr,-0.8664569779047251,1.2238509741283947,-0.11183896233236511,0.5247948064502179,0.20923762540902602,0.45511711201748645,Typ,Detchd,-2.2079100488586354,-0.9824399605824299,-1.1347952921971096,Ta,Ta,0.8838812476958942,0.3260690805263065,-0.37071052595830367,-0.10217939216911985,-0.2698934816491846,-0.07638622508638289,-0.11841568718311837,0.1385272827549204,Wd,Normal,161000.0
459,-0.637024929260415,-0.17532870544411872,Rl,0.057770470950840196,-0.661050012805008,Corner,Brkside,Norm,Norm,1fam,1.5fin,-0.8154008244853307,-1.4597350467919836,-0.6884143542670144,-1.6931581880365496,Gable,Compshg,Metalsd,Metalsd,0.46127455040193016,Ta,Cblock,Lwq,-0.5801095849727952,Unf,-0.2871575004618263,-0.11130668925666104,-0.9828527993954574,Ta,Sbrkr,-0.405579788075388,-0.260046336118493,-0.11183896233236511,-0.5646723191951817,0.20923762540902602,-0.9323692199931181,Typ,Detchd,-1.1711318002862325,-0.9824399605824299,-0.5141368640111936,Ta,Ta,-0.7459116674968221,-0.7172050643637078,3.7829365597737903,-0.10217939216911985,-0.2698934816491846,-0.07638622508638289,0.2500205308079403,0.8927965977552895,Wd,Normal,110000.0
460,-0.6346599335823025,0.05886816201502109,Fv,0.3800644876158015,-0.3471291339205144,Inside,Somerst,Rran,Norm,1fam,2story,1.5859514890295279,-0.5526946526296532,1.2570933159441067,1.182055448705619,Gable,Compshg,Vinylsd,Vinylsd,0.13399719311425715,Ta,Pconc,Glq,0.3275924524789983,Unf,-0.2871575004618263,-0.6703564678878916,-0.6064163093780852,Ex,Sbrkr,-0.869613670985748,1.8817364811344042,-0.11183896233236511,1.1577681472679555,0.20923762540902602,1.1488602780227886,Typ,Builtin,1.275664866344638,0.4033288092841152,0.48692511693383206,Ta,Ta,-0.7459116674968221,1.7667809948982311,-0.37071052595830367,-0.10217939216911985,-0.2698934816491846,-0.07638622508638289,2.0922016207632335,0.8927965977552895,New,Partial,263435.0
461,-0.6322949379041901,0.2930650294741609,Rl,-0.42567055404660176,-0.6023287159459267,Inside,Swisu,Feedr,Norm,1fam,2story,0.7855007178579084,3.075466924019669,-1.1500602421137212,1.0845905796635116,Gable,Compshg,Wdsdng,Wdsdng,-0.5718951461336651,Gd,Pconc,Alq,-0.16292062625539708,Blq,1.0612355443565742,-1.3525867062175287,-1.4388612303921116,Ex,Sbrkr,-1.6808837928086222,0.558655628155652,-0.11183896233236511,-0.7246804499595169,0.20923762540902602,-0.23862605398781578,Typ,Detchd,-0.30023807148541415,0.4033288092841152,0.6070525546472352,Ta,Ta,1.4271455527601329,-0.7172050643637078,-0.37071052595830367,-0.10217939216911985,-0.2698934816491846,-0.07638622508638289,-0.8552881231652357,0.8927965977552895,Wd,Normal,155000.0
462,-0.6299299422260777,-0.8779193078215382,Rl,-0.42567055404660176,-0.2592058948396199,Inside,Sawyer,Norm,Norm,1fam,1story,-0.8154008244853307,-0.5526946526296532,-0.1937937601455429,-0.962171670220744,Gable,Compshg,Metalsd,Metalsd,-0.5718951461336651,Ta,Cblock,Rec,0.35034821386358367,Blq,1.7097483897216144,-1.3525867062175287,-0.5084816127881998,Gd,Sbrkr,-0.7685994923930166,-0.8058476456345897,-0.11183896233236511,-1.3623599122703232,0.20923762540902602,-0.9323692199931181,Typ,Detchd,-0.5490648511427908,-0.9824399605824299,-0.47409438477339266,Ta,Ta,-0.7459116674968221,-0.7172050643637078,3.5819536362706246,-0.10217939216911985,-0.2698934816491846,-0.07638622508638289,2.0922016207632335,0.8927965977552895,Wd,Normal,62383.0
463,-0.6275649465479652,0.2930650294741609,Rl,0.3263488181716413,0.9174419292501854,Inside,Crawfor,Norm,Norm,1fam,2story,-0.014950053313711128,1.2613861356950078,-1.2160096546632506,0.49980136541086717,Hip,Compshg,Stucco,Stucco,-0.5718951461336651,Ta,Cblock,Lwq,-0.22360265661429135,Unf,-0.2871575004618263,-0.4311021134736785,-0.9644900437848539,Fa,Fusea,-0.8159498886083594,1.1702454883723497,-0.11183896233236511,0.5106764419710119,0.20923762540902602,-0.23862605398781578,Typ,Detchd,-1.6273142296580896,-0.9824399605824299,-1.0747315733404081,Ta,Ta,-0.7459116674968221,-0.7172050643637078,-0.37071052595830367,-0.10217939216911985,-0.2698934816491846,-0.07638622508638289,0.6184567487989989,0.1385272827549204,Wd,Normal,188700.0
464,-0.6251999508698528,-0.8779193078215382,Rl,-0.42567055404660176,-0.21191144493690045,Inside,Collgcr,Norm,Norm,1fam,1story,-0.8154008244853307,-0.5526946526296532,0.23487742142639906,-0.32865002144704586,Gable,Compshg,Hdboard,Hdboard,0.30084447330012964,Ta,Cblock,Rec,0.5096385435556812,Unf,-0.2871575004618263,-0.348192188676674,0.030159218456170235,Ta,Sbrkr,-0.21302151013299375,-0.8058476456345897,-0.11183896233236511,-0.9482212208802793,0.20923762540902602,-0.9323692199931181,Typ,Attchd,0.07300209800065086,-2.368208730448975,-2.2760059504744388,Ta,Ta,-0.7459116674968221,-0.7172050643637078,-0.37071052595830367,-0.10217939216911985,-0.2698934816491846,-0.07638622508638289,0.6184567487989989,0.8927965977552895,Wd,Normal,124000.0
465,-0.6228349551917404,1.46404936676986,Rm,0.057770470950840196,-1.9126071669420737,Inside,Blmngtn,Norm,Norm,Twnhse,1story,0.7855007178579084,-0.5526946526296532,1.092219784570283,0.9383932761003505,Hip,Compshg,Vinylsd,Vinylsd,-0.4563854906203687,Ta,Pconc,Unf,-1.0478669023226053,Unf,-0.2871575004618263,1.904588910807649,1.0554130733815337,Ex,Sbrkr,0.9675817021695547,-0.8058476456345897,-0.11183896233236511,-0.06817650167643587,-1.0896529477822716,-0.23862605398781578,Typ,Attchd,1.0683092166301575,0.4033288092841152,-0.28389260839383773,Ta,Ta,0.4764330188977151,-0.3860069231287826,-0.37071052595830367,-0.10217939216911985,-0.2698934816491846,-0.07638622508638289,-0.48685190517417704,-1.370011347245818,Wd,Normal,178740.0
466,-0.6204699595136279,-0.8779193078215382,Rl,0.9172211820574037,0.48576104423207506,Inside,Names,Norm,Norm,1fam,1story,0.7855007178579084,-0.5526946526296532,-0.02892022877171907,-0.7185094976154754,Flat,Tar&grv,Plywood,Plywood,-0.5718951461336651,Gd,Cblock,Glq,0.9192422484782174,Unf,-0.2871575004618263,-0.17052806411166427,0.7554880650750093,Ta,Sbrkr,0.5351147500694233,-0.8058476456345897,-0.11183896233236511,-0.3905458239516405,-1.0896529477822716,-0.9323692199931181,Typ,Attchd,-0.34170920142831024,0.4033288092841152,0.3567870594109787,Ta,Ta,-0.7459116674968221,-0.7172050643637078,-0.37071052595830367,-0.10217939216911985,3.11177465185661,-0.07638622508638289,-0.8552881231652357,-0.6157420322454488,Wd,Normal,167000.0
467,-0.6181049638355155,0.2930650294741609,Rl,0.5949271653924424,0.12137159129031715,Inside,Names,Artery,Norm,1fam,2story,-0.8154008244853307,1.2613861356950078,-0.9522120044651324,0.49980136541086717,Gable,Compshg,Metalsd,Metalsd,0.8655583446984674,Ta,Cblock,Lwq,-0.07189758071705567,Unf,-0.2871575004618263,-0.5424382982010846,-0.924704073295213,Ex,Sbrkr,-0.692838858448468,1.0362317739822364,-0.11183896233236511,0.47302747002646245,0.20923762540902602,0.45511711201748645,Typ,Attchd,-1.5029008398294013,-0.9824399605824299,-0.7143492602001988,Ta,Ta,0.6801571332968046,-0.7172050643637078,-0.37071052595830367,-0.10217939216911985,-0.2698934816491846,-0.07638622508638289,-0.11841568718311837,-0.6157420322454488,Wd,Normal,146500.0
468,-0.6157399681574031,-0.8779193078215382,Rl,1.6155248848314865,0.7396909765956694,Inside,Nridght,Norm,Norm,1fam,1story,1.5859514890295279,-0.5526946526296532,1.1581691971198125,1.035858145142458,Gable,Compshg,Vinylsd,Vinylsd,1.0195712187161958,Ta,Pconc,Unf,-1.0478669023226053,Unf,-0.2871575004618263,2.4991715143518816,1.8235883497584475,Ex,Sbrkr,1.6620541799945832,-0.8058476456345897,-0.11183896233236511,0.44949686256111904,0.20923762540902602,0.45511711201748645,Typ,Attchd,1.1512514765159496,1.7890975791506603,2.0585924270175227,Ta,Ta,-0.7459116674968221,0.011430846353127591,-0.37071052595830367,-0.10217939216911985,-0.2698934816491846,-0.07638622508638289,-0.48685190517417704,-0.6157420322454488,Wd,Normal,250000.0
469,-0.6133749724792906,0.05886816201502109,Rl,0.4337801570599617,0.06138064476941798,Corner,Sawyerw,Rrne,Norm,1fam,2story,-0.014950053313711128,-0.5526946526296532,0.7294980155478705,0.40233649636875973,Gable,Compshg,Hdboard,Hdboard,0.19816922395497732,Ta,Pconc,Glq,0.029239136547768125,Unf,-0.2871575004618263,-0.3908315785722763,-0.6064163093780852,Ex,Sbrkr,-0.869613670985748,1.3334985586293964,-0.11183896233236511,0.6283294792977289,0.20923762540902602,0.45511711201748645,Typ,Attchd,0.6121267872583003,0.4033288092841152,0.25668086131647616,Ta,Ta,0.4764330188977151,0.44198842995853027,-0.37071052595830367,-0.10217939216911985,-0.2698934816491846,-0.07638622508638289,-0.11841568718311837,0.1385272827549204,Wd,Normal,187000.0
470,-0.6110099768011782,1.46404936676986,Rl,0.057770470950840196,-0.7229454338186341,Corner,Stonebr,Norm,Norm,Twnhse,1story,1.5859514890295279,-0.5526946526296532,0.4657003653497524,0.01247702020033009,Gable,Compshg,Hdboard,Hdboard,-0.5718951461336651,Ta,Pconc,Glq,-0.11740910348622637,Blq,6.904272071902975,-1.3525867062175287,1.4012449707145667,Ta,Sbrkr,1.245370693299566,-0.8058476456345897,-0.11183896233236511,0.1388928440185861,-2.3885435209735695,-1.6261123859984203,Typ,Attchd,0.2803577477151314,0.4033288092841152,0.366797679220429,Ta,Ta,-0.7459116674968221,0.17702991697059017,-0.37071052595830367,-0.10217939216911985,2.4200698063667883,-0.07638622508638289,-0.11841568718311837,1.6470659127556586,Wd,Normal,212000.0
471,-0.6086449811230658,0.05886816201502109,Rl,1.2932308681665252,0.9060150822938237,Inside,Nwames,Posa,Norm,1fam,2story,0.7855007178579084,0.35434574153267734,0.20190271515163427,-0.37738245596809955,Mansard,Wdshake,Wdshing,Plywood,-0.5718951461336651,Ta,Cblock,Unf,-1.0478669023226053,Unf,-0.2871575004618263,0.5614481290961757,-0.6798673318204993,Ta,Sbrkr,0.16893835267077192,1.162935649405616,-0.11183896233236511,1.2377722126501232,0.20923762540902602,1.1488602780227886,Typ,Attchd,-0.05141129182803748,0.4033288092841152,0.39682953864877973,Ta,Ta,-0.7459116674968221,-0.7172050643637078,-0.37071052595830367,-0.10217939216911985,5.033177000439448,-0.07638622508638289,1.723765402772175,-0.6157420322454488,Wd,Normal,190000.0
472,-0.6062799854449533,2.8692305715246986,Rm,-1.7685622901506073,-1.7212074804230144,Inside,Edwards,Norm,Norm,Twnhse,Slvl,-0.014950053313711128,-0.5526946526296532,1.1251944908450477,0.9871257106214042,Gable,Compshg,Vinylsd,Vinylsd,-0.05851889940790347,Ta,Pconc,Glq,0.11267692829124776,Unf,-0.2871575004618263,-1.1441274667279175,-1.4786472008817526,Ex,Sbrkr,-0.11200733154026234,-0.8058476456345897,-0.11183896233236511,-0.8729232769911803,-1.0896529477822716,-0.9323692199931181,Typ,Basment,1.1097803465730536,0.4033288092841152,0.35178174950625357,Ta,Ta,-0.7459116674968221,-0.2535276666348125,-0.37071052595830367,-0.10217939216911985,-0.2698934816491846,-0.07638622508638289,-0.11841568718311837,0.1385272827549204,Wd,Normal,148000.0
474,-0.6015499940887284,1.46404936676986,Rl,-1.446268273485646,-1.1958899328458286,Inside,Stonebr,Norm,Norm,Twnhse,1story,1.5859514890295279,-0.5526946526296532,0.9603209594712239,0.7434635380161356,Gable,Compshg,Cemntbd,Cmentbd,-0.5718951461336651,Ta,Pconc,Glq,1.9761209438956262,Unf,-0.2871575004618263,-0.6466679179458903,1.41960772632517,Ex,Sbrkr,1.7188746554529948,-0.8058476456345897,-0.11183896233236511,0.49185195599873716,-1.0896529477822716,-0.23862605398781578,Typ,Attchd,0.9024246968585731,0.4033288092841152,0.22164369198340023,Ta,Ta,0.06898479009953602,0.07767047460011262,-0.37071052595830367,-0.10217939216911985,-0.2698934816491846,-0.07638622508638289,0.6184567487989989,-0.6157420322454488,Wd,Normal,251000.0
475,-0.599184998410616,-0.8779193078215382,Rl,0.6486428348366026,-0.1960408241641758,Corner,Sawyer,Norm,Norm,1fam,1story,-0.8154008244853307,0.35434574153267734,-0.2597431726950724,-1.0596365392628515,Hip,Compshg,Hdboard,Hdboard,-0.5718951461336651,Ta,Cblock,Glq,0.5450363945983695,Unf,-0.2871575004618263,-0.5471760081894849,-0.1840729303342042,Ta,Sbrkr,-0.4339900258045937,-0.8058476456345897,-0.11183896233236511,-1.112935473137683,-1.0896529477822716,-0.9323692199931181,Typ,Detchd,0.7365401770869886,0.4033288092841152,0.8473074300740413,Ta,Ta,-0.7459116674968221,-0.31976729488179756,-0.37071052595830367,-0.10217939216911985,3.419199027629864,-0.07638622508638289,0.2500205308079403,-0.6157420322454488,Wd,Normal,132500.0
476,-0.5968200027325036,-0.8779193078215382,Rl,0.3800644876158015,1.278339845621944,Inside,Collgcr,Norm,Norm,1fam,1story,-0.014950053313711128,-0.5526946526296532,0.8613968406469296,0.6459986689740282,Gable,Compshg,Vinylsd,Vinylsd,0.8078035169418193,Ta,Pconc,Glq,1.465380521708266,Unf,-0.2871575004618263,-0.2060608890246662,1.3706403780302274,Ex,Sbrkr,1.2169604555703604,-0.8058476456345897,-0.11183896233236511,0.11771529729977703,0.20923762540902602,0.45511711201748645,Typ,Attchd,0.7780113070298847,0.4033288092841152,0.2666914811259264,Ta,Ta,0.44247899983120015,-0.07136868895560369,-0.37071052595830367,-0.10217939216911985,-0.2698934816491846,-0.07638622508638289,-0.8552881231652357,0.1385272827549204,Wd,Normal,208900.0
478,-0.5920900113762787,-0.8779193078215382,Rl,0.5949271653924424,0.48861775597116547,Inside,Collgcr,Norm,Norm,1fam,1story,1.5859514890295279,-0.5526946526296532,1.1911439033945772,1.1333230141845654,Hip,Compshg,Vinylsd,Vinylsd,1.5842850901145336,Ta,Pconc,Glq,2.2087353936047207,Unf,-0.2871575004618263,-0.3647741736360749,2.0653646319647274,Ex,Sbrkr,1.9272163988005033,-0.8058476456345897,-0.11183896233236511,0.6471539652700037,0.20923762540902602,0.45511711201748645,Typ,Attchd,1.1927226064588459,1.7890975791506603,1.8583800308285172,Ta,Ta,1.0196973239619538,0.011430846353127591,-0.37071052595830367,-0.10217939216911985,-0.2698934816491846,-0.07638622508638289,0.9868929667900576,0.8927965977552895,Wd,Normal,297000.0
479,-0.5897250156981663,-0.6437224403623983,Rm,-0.962827248488204,-1.0070295456504053,Inside,Oldtown,Norm,Norm,1fam,1story,-1.6158515956569501,1.2613861356950078,-1.1170855358389562,0.7434635380161356,Hip,Compshg,Stucco,Stucco,2.2195881954376637,Ta,Brktil,Rec,-0.6230926898103453,Unf,-0.2871575004618263,0.39799713449636676,-0.37688186424554115,Ta,Sbrkr,0.07423756024008622,-0.8058476456345897,-0.11183896233236511,-0.7340926929456543,-1.0896529477822716,0.45511711201748645,Typ,Detchd,0.6950690471440925,0.4033288092841152,1.0875623055008474,Ta,Ta,-0.7459116674968221,0.4751082440820228,-0.37071052595830367,-0.10217939216911985,-0.2698934816491846,-0.07638622508638289,-1.2237243411562944,-0.6157420322454488,Wd,Alloca,89471.0
480,-0.5873600200200538,-0.8779193078215382,Rl,1.6155248848314865,2.2013751497636096,Fr2,Nridght,Norm,Norm,1fam,1story,2.386402260201147,-0.5526946526296532,1.092219784570283,0.9871257106214042,Hip,Compshg,Vinylsd,Vinylsd,1.8538076196455584,Ta,Pconc,Glq,2.140468109450965,Unf,-0.2871575004618263,0.0023983504649451684,2.457103418324269,Ex,Sbrkr,2.3438998854955204,-0.8058476456345897,-0.11183896233236511,0.9577579838125366,0.20923762540902602,1.1488602780227886,Typ,Attchd,1.0683092166301575,1.7890975791506603,1.5880932959733605,Ta,Ta,3.6596223063834894,1.1375045265518733,-0.37071052595830367,-0.10217939216911985,-0.2698934816491846,-0.07638622508638289,-1.2237243411562944,-1.370011347245818,Wd,Normal,326000.0
482,-0.582630028663829,0.2930650294741609,Rm,-0.962827248488204,-2.0941670685820437,Corner,Oldtown,Norm,Norm,1fam,2story,0.7855007178579084,2.168426529857338,-1.8425290738837812,0.9871257106214042,Gable,Compshg,Stucco,Stucco,-0.5718951461336651,Ta,Pconc,Alq,-0.2918699407680474,Unf,-0.2871575004618263,0.09478369523875022,-0.3677004864402394,Ex,Sbrkr,-0.604451452179828,1.411470174274553,-0.11183896233236511,0.9012845258957124,1.5081281986003237,0.45511711201748645,Min2,Attchd,-2.622621348287596,-0.9824399605824299,-1.4551351260995178,Fa,Fa,-0.7459116674968221,-0.7172050643637078,-0.37071052595830367,-0.10217939216911985,-0.2698934816491846,-0.07638622508638289,-0.11841568718311837,0.8927965977552895,Wd,Normal,155000.0
483,-0.5802650329857165,1.46404936676986,Rm,-1.929709298483088,-1.4593422376730578,Fr2,Mitchel,Norm,Norm,Twnhs,1story,-0.014950053313711128,-0.5526946526296532,0.8943715469216943,0.6459986689740282,Hip,Compshg,Vinylsd,Vinylsd,0.17250041161868926,Ta,Pconc,Glq,1.2201239823410683,Unf,-0.2871575004618263,-0.5969219630676875,0.5688000497005402,Ex,Sbrkr,0.34255647212702905,-0.8058476456345897,-0.11183896233236511,-0.5340825294902353,-1.0896529477822716,-0.9323692199931181,Typ,Attchd,0.8194824369727808,0.4033288092841152,-0.2638713687749372,Ta,Ta,-0.7459116674968221,1.3527833183545745,-0.37071052595830367,-0.10217939216911985,-0.2698934816491846,-0.07638622508638289,-0.48685190517417704,-1.370011347245818,Wd,Normal,164000.0
484,-0.5779000373076041,-0.8779193078215382,Rl,0.057770470950840196,-0.4252125881223197,Corner,Sawyer,Norm,Norm,1fam,1story,-0.8154008244853307,1.2613861356950078,-0.2927178789698372,0.7921959725371894,Gable,Compshg,Hdboard,Plywood,-0.5718951461336651,Gd,Cblock,Alq,0.43884284147030445,Unf,-0.2871575004618263,-0.3789873036012757,-0.0953196115496205,Gd,Sbrkr,-0.3424459264549309,-0.8058476456345897,-0.11183896233236511,-1.044696711488187,0.20923762540902602,-0.23862605398781578,Typ,Detchd,-0.632007111028583,-0.9824399605824299,-0.954604135627005,Ta,Ta,-0.7459116674968221,1.4687026677867985,-0.37071052595830367,-0.10217939216911985,-0.2698934816491846,-0.07638622508638289,-1.2237243411562944,-0.6157420322454488,Wd,Normal,132500.0
485,-0.5755350416294917,-0.8779193078215382,Rl,0.6486428348366026,0.1594610811448563,Inside,Names,Norm,Norm,1fam,1story,-0.8154008244853307,1.2613861356950078,-0.6884143542670144,1.0845905796635116,Gable,Compshg,Metalsd,Metalsd,-0.5718951461336651,Ta,Cblock,Alq,0.48688278217109576,Unf,-0.2871575004618263,-0.15394607915226338,0.2535727450518464,Gd,Sbrkr,0.0174170847816748,-0.8058476456345897,-0.11183896233236511,-0.7764477863832724,0.20923762540902602,-0.9323692199931181,Typ,Attchd,-1.1711318002862325,-0.9824399605824299,-0.954604135627005,Ta,Ta,-0.7459116674968221,0.6075875005759929,1.6391187090733546,-0.10217939216911985,-0.2698934816491846,-0.07638622508638289,0.2500205308079403,0.8927965977552895,Wd,Normal,147000.0
486,-0.5731700459513792,-0.8779193078215382,Rl,0.5949271653924424,0.3781582353930019,Inside,Names,Norm,Norm,1fam,1story,-0.8154008244853307,1.2613861356950078,-0.1937937601455429,-0.962171670220744,Hip,Compshg,Metalsd,Metalsd,0.5061949719904343,Ta,Cblock,Alq,1.065890488512212,Unf,-0.2871575004618263,-0.7911680725920982,0.13115437431448962,Ta,Sbrkr,-0.10885063845923948,-0.8058476456345897,-0.11183896233236511,-0.870570216244646,0.20923762540902602,-0.23862605398781578,Typ,Attchd,-0.5490648511427908,0.4033288092841152,0.3017286504590023,Ta,Ta,-0.7459116674968221,-0.7172050643637078,-0.37071052595830367,-0.10217939216911985,-0.2698934816491846,-0.07638622508638289,-0.11841568718311837,-0.6157420322454488,Wd,Normal,156000.0
487,-0.5708050502732667,-0.8779193078215382,Rl,0.11148614039500042,0.9983820951910811,Inside,Nwames,Norm,Norm,1fam,1story,-0.8154008244853307,0.35434574153267734,0.004054477503045694,-0.6697770630944218,Gable,Compshg,Plywood,Plywood,-0.5718951461336651,Ta,Cblock,Alq,1.4754941934347485,Unf,-0.2871575004618263,-0.20132317903626595,1.3890031336408308,Gd,Sbrkr,1.1885502178411547,-0.8058476456345897,-0.11183896233236511,0.09653775058096796,0.20923762540902602,0.45511711201748645,Typ,Attchd,-0.30023807148541415,0.4033288092841152,0.1615799731266987,Ta,Ta,1.1555134002280136,-0.7172050643637078,-0.37071052595830367,-0.10217939216911985,3.1886307457999234,-0.07638622508638289,-1.592160559147353,-0.6157420322454488,Wd,Normal,175000.0
488,-0.5684400545951542,3.103427438983839,Rl,-0.42567055404660176,0.5403559796902478,Corner,Oldtown,Norm,Norm,2fmcon,1.5fin,-0.8154008244853307,-1.4597350467919836,-2.3371496680052526,-0.7185094976154754,Gable,Compshg,Wdsdng,Wdsdng,-0.5718951461336651,Fa,Cblock,Blq,0.6310026042734697,Unf,-0.2871575004618263,-0.6656187578994913,-0.23304027862914692,Ta,Fusea,2.0787376666896002,0.7730775711798328,-0.11183896233236511,2.2848842448579045,0.20923762540902602,2.536346610033393,Mod,Attchd,-0.34170920142831024,0.4033288092841152,0.3267551999826279,Ta,Fa,0.45945600936445763,-0.7172050643637078,-0.37071052595830367,-0.10217939216911985,-0.2698934816491846,-0.07638622508638289,-0.48685190517417704,-1.370011347245818,Conld,Normal,160000.0
489,-0.5660750589170418,2.8692305715246986,Rm,-2.5205816623688504,-2.4033267612347196,Inside,Meadowv,Norm,Norm,Twnhs,Sfoyer,-1.6158515956569501,2.168426529857338,-0.02892022877171907,0.8409284070582431,Gable,Compshg,Cemntbd,Cmentbd,-0.5718951461336651,Gd,Cblock,Glq,0.25426833246200103,Unf,-0.2871575004618263,-1.080168381884514,-1.2246290816017371,Ta,Sbrkr,-1.507265673352365,-0.8058476456345897,-0.11183896233236511,-1.9129761269593588,-2.3885435209735695,-2.3198555520037223,Typ,Attchd,-0.34170920142831024,-0.9824399605824299,-0.8444873177230522,Ta,Ta,-0.7459116674968221,-0.7172050643637078,-0.37071052595830367,-0.10217939216911985,-0.2698934816491846,-0.07638622508638289,-0.48685190517417704,0.8927965977552895,Wd,Normal,86000.0
490,-0.5637100632389294,2.4008368366064192,Rm,0.057770470950840196,-2.0417940200320523,Inside,Meadowv,Norm,Norm,Twnhse,2story,-0.8154008244853307,0.35434574153267734,0.1689280088768695,-0.42611489048915324,Gable,Compshg,Cemntbd,Cmentbd,-0.5718951461336651,Ta,Pconc,Unf,-1.0478669023226053,Unf,-0.2871575004618263,-0.7272089877486947,-2.344757173848552,Ta,Sbrkr,-1.551459376486685,0.8705420907362786,-0.11183896233236511,-0.3270131837952133,0.20923762540902602,-1.6261123859984203,Typ,Builtin,-0.09288242177093359,-0.9824399605824299,-0.5942218224867958,Ta,Ta,0.4509675045978289,-0.31976729488179756,-0.37071052595830367,-0.10217939216911985,-0.2698934816491846,-0.07638622508638289,-0.11841568718311837,0.1385272827549204,Wd,Normal,115000.0
491,-0.5613450675608169,-0.17532870544411872,Rl,0.5949271653924424,0.12454571544486208,Inside,Names,Artery,Norm,1fam,1.5fin,-0.014950053313711128,1.2613861356950078,-0.9851867107398973,-1.6931581880365496,Gable,Compshg,Wdsdng,Wdsdng,-0.5718951461336651,Ta,Cblock,Blq,-0.028914475879505554,Rec,0.772294177609774,-0.7887992175978981,-0.6859882503573671,Ta,Fusea,-0.471870342776868,0.7048524074903207,-0.11183896233236511,0.317725460755196,0.20923762540902602,-0.9323692199931181,Typ,Attchd,-1.5443719697722975,-0.9824399605824299,-1.0747315733404081,Ta,Ta,-0.7459116674968221,-0.7172050643637078,0.1652439367168052,-0.10217939216911985,-0.2698934816491846,-0.07638622508638289,0.6184567487989989,-1.370011347245818,Wd,Normal,133000.0
492,-0.5589800718827045,0.05886816201502109,Rl,1.991534570940608,2.056952500731815,Corner,Gilbert,Norm,Norm,1fam,2story,-0.014950053313711128,-0.5526946526296532,1.1581691971198125,1.035858145142458,Gable,Compshg,Vinylsd,Vinylsd,-0.5718951461336651,Ta,Pconc,Unf,-1.0478669023226053,Unf,-0.2871575004618263,0.37193972956016536,-0.924704073295213,Gd,Sbrkr,-1.197909751412125,0.9680066102927245,-0.11183896233236511,0.03065204967800643,0.20923762540902602,1.1488602780227886,Typ,Attchd,1.1512514765159496,0.4033288092841152,-0.12872800134735876,Ta,Ta,-0.7459116674968221,-0.7172050643637078,-0.37071052595830367,-0.10217939216911985,-0.2698934816491846,-0.07638622508638289,-0.48685190517417704,-1.370011347245818,New,Partial,172785.0
493,-0.556615076204592,-0.8779193078215382,Rl,0.11148614039500042,-0.3703002402486924,Inside,Names,Norm,Norm,1fam,1story,-0.8154008244853307,0.35434574153267734,-0.3586672915193667,-1.2058338428260125,Gable,Compshg,Brkface,Wdsdng,-0.5718951461336651,Ta,Cblock,Blq,-0.1022385958965028,Lwq,3.1287715464114547,-0.49269234332288186,0.731004390927538,Ta,Fusea,0.5098612054212405,-0.8058476456345897,-0.11183896233236511,-0.40937030992391527,0.20923762540902602,-0.23862605398781578,Typ,Detchd,-0.590535981085687,-0.9824399605824299,-0.7343704998190993,Ta,Ta,-0.7459116674968221,-0.7172050643637078,-0.37071052595830367,-0.10217939216911985,-0.2698934816491846,-0.07638622508638289,-0.11841568718311837,0.1385272827549204,Wd,Normal,155000.0
494,-0.5542500805264796,-0.6437224403623983,Rm,-0.962827248488204,-1.0517846962294888,Inside,Oldtown,Artery,Norm,1fam,1story,-0.8154008244853307,2.168426529857338,-1.0841108295641915,0.5485337999319209,Gable,Compshg,Metalsd,Metalsd,-0.5718951461336651,Ta,Brktil,Unf,-1.0478669023226053,Unf,-0.2871575004618263,-0.9025042573195042,-2.5712311597126623,Gd,Fusea,-0.6991522446105137,-0.8058476456345897,-0.11183896233236511,-1.3105925758465677,-1.0896529477822716,-1.6261123859984203,Typ,Attchd,-1.6687853596009858,-0.9824399605824299,-0.9095563464844788,Ta,Ta,0.4764330188977151,-0.3860069231287826,0.9691756307294686,-0.10217939216911985,-0.2698934816491846,-0.07638622508638289,2.0922016207632335,0.8927965977552895,Wd,Normal,91300.0
495,-0.5518850848483672,-0.6437224403623983,C(all),-0.42567055404660176,-0.38680568585232605,Inside,Idotrr,Norm,Norm,1fam,1story,-1.6158515956569501,-0.5526946526296532,-1.6776555425099573,-1.6931581880365496,Gable,Compshg,Wdsdng,Wdsdng,-0.5718951461336651,Ta,Cblock,Rec,0.20369997382958915,Unf,-0.2871575004618263,-0.8195943325224997,-0.9491877474426843,Ta,Fusea,-1.223163296060308,-0.8058476456345897,-0.11183896233236511,-1.701200659771268,-1.0896529477822716,-1.6261123859984203,Typ,Attchd,0.07300209800065086,-2.368208730448975,-2.2760059504744388,Ta,Ta,-0.7459116674968221,7.943626328929585,1.5553758242803688,-0.10217939216911985,-0.2698934816491846,-0.07638622508638289,1.723765402772175,0.8927965977552895,Wd,Abnorml,34900.0
497,-0.5471550934921423,-0.17532870544411872,Rl,-0.42567055404660176,0.007103121726699684,Inside,Brkside,Norm,Norm,1fam,1.5fin,0.7855007178579084,0.35434574153267734,-1.5127820111361334,-1.6931581880365496,Gable,Compshg,Wdsdng,Wdsdng,-0.5718951461336651,Gd,Pconc,Rec,-0.21601740281942955,Unf,-0.2871575004618263,0.29850522473996133,-0.012687211301904653,Ex,Sbrkr,0.08055094640213194,0.8681054777473675,-0.11183896233236511,0.8871661614165064,1.5081281986003237,1.1488602780227886,Typ,Detchd,-2.2079100488586354,-0.9824399605824299,-1.0747315733404081,Ta,Ta,-0.7459116674968221,0.9387856418109181,-0.37071052595830367,-0.10217939216911985,-0.2698934816491846,-0.07638622508638289,-0.11841568718311837,0.1385272827549204,Wd,Normal,184000.0
498,-0.5447900978140299,-0.8779193078215382,Rl,-0.1570922068258007,-0.411881266673231,Inside,Sawyer,Norm,Norm,1fam,1story,-0.8154008244853307,1.2613861356950078,-0.12784434759601337,0.9383932761003505,Hip,Compshg,Hdboard,Hdboard,-0.0007640716512552878,Ta,Pconc,Alq,0.0899211669066624,Unf,-0.2871575004618263,-0.37188073861867527,-0.5084816127881998,Ex,Sbrkr,-0.6581152345572165,-0.8058476456345897,-0.11183896233236511,-1.2800027861416212,0.20923762540902602,-0.9323692199931181,Typ,Attchd,-0.46612259125699856,-0.9824399605824299,-0.8344766979136019,Ta,Ta,-0.20264736243258336,-0.7172050643637078,-0.37071052595830367,-0.10217939216911985,-0.2698934816491846,-0.07638622508638289,-0.11841568718311837,0.8927965977552895,Wd,Normal,130000.0
499,-0.5424251021359174,-0.8779193078215382,Rl,0.11148614039500042,-0.49599555676867163,Inside,Names,Norm,Norm,1fam,1story,-0.8154008244853307,1.2613861356950078,-0.42461670406889623,0.01247702020033009,Gable,Compshg,Metalsd,Metalsd,-0.5718951461336651,Ta,Cblock,Blq,-0.7672125119127192,Lwq,1.5042789733683342,-0.1160443992450613,-0.3615795679033716,Fa,Sbrkr,-0.6170782245039195,-0.8058476456345897,-0.11183896233236511,-1.249412996436675,-1.0896529477822716,-0.9323692199931181,Typ,Attchd,-0.8393627607430636,-0.9824399605824299,-0.7894289087710757,Ta,Ta,-0.6440496102972774,4.002368448233976,-0.37071052595830367,-0.10217939216911985,-0.2698934816491846,0.9686635405351449,-0.11841568718311837,-0.6157420322454488,Wd,Normal,120000.0
500,-0.540060106457805,2.4008368366064192,Rm,-2.5205816623688504,-2.2877886420092843,Inside,Brdale,Norm,Norm,Twnhs,2story,-0.014950053313711128,-0.5526946526296532,0.07000389005257522,-0.5723121940523144,Gable,Compshg,Hdboard,Hdboard,1.2570077328268605,Ta,Cblock,Blq,-0.1477501186656735,Unf,-0.2871575004618263,-0.604028528050288,-1.0960897923275126,Ta,Sbrkr,-1.3746845639494052,0.5245430463108959,-0.11183896233236511,-0.5293764079971666,0.20923762540902602,0.45511711201748645,Typ,Detchd,-0.2172958115996219,-0.9824399605824299,-0.954604135627005,Ta,Ta,0.4764330188977151,-0.2535276666348125,-0.37071052595830367,-0.10217939216911985,-0.2698934816491846,-0.07638622508638289,-0.48685190517417704,-0.6157420322454488,Wd,Normal,113000.0
501,-0.5376951107796926,0.05886816201502109,Fv,0.3800644876158015,0.22389580148211835,Inside,Somerst,Norm,Norm,1fam,2story,0.7855007178579084,-0.5526946526296532,1.1251944908450477,0.9871257106214042,Gable,Compshg,Vinylsd,Vinylsd,-0.5718951461336651,Ta,Pconc,Glq,-0.036499729674367334,Unf,-0.2871575004618263,-0.24870027892026855,-0.5023606942513319,Gd,Sbrkr,-0.7622861062309708,1.3919772703632638,-0.11183896233236511,0.7648070025967206,0.20923762540902602,0.45511711201748645,Typ,Attchd,1.1097803465730536,0.4033288092841152,0.7421959220748137,Ta,Ta,-0.7459116674968221,1.0712648983048882,-0.37071052595830367,-0.10217939216911985,-0.2698934816491846,-0.07638622508638289,-1.592160559147353,0.1385272827549204,Wd,Normal,226700.0
502,-0.5353301151015801,-0.8779193078215382,Rl,0.11148614039500042,0.02297374249942433,Corner,Edwards,Feedr,Norm,1fam,1story,-0.8154008244853307,1.2613861356950078,-0.1937937601455429,-0.962171670220744,Hip,Compshg,Metalsd,Metalsd,-0.5718951461336651,Ta,Cblock,Alq,0.7169688139485699,Glq,0.3292507485980139,-0.3576676086534745,0.5626791311636724,Ex,Sbrkr,0.33624308596498337,-0.8058476456345897,-0.11183896233236511,-0.538788650983304,-1.0896529477822716,-0.23862605398781578,Typ,Detchd,-0.5490648511427908,0.4033288092841152,0.03144191560384535,Fa,Fa,-0.7459116674968221,-0.7172050643637078,2.7110276344235724,-0.10217939216911985,-0.2698934816491846,0.7944885795982236,-0.8552881231652357,-0.6157420322454488,Wd,Normal,140000.0
503,-0.5329651194234677,-0.8779193078215382,Rl,1.722956223719807,2.064570398702723,Inside,Crawfor,Norm,Norm,1fam,1story,0.7855007178579084,2.168426529857338,-0.3916419977941315,0.5972662344529746,Gable,Compshg,Brkface,Wdsdng,-0.5718951461336651,Ta,Cblock,Alq,2.1050702584082766,Unf,-0.2871575004618263,-0.750897537690696,1.4410309412042075,Ta,Sbrkr,2.1892219245254005,-0.8058476456345897,-0.11183896233236511,0.8424580072323539,-2.3885435209735695,-0.23862605398781578,Typ,Attchd,-0.7978916308001675,0.4033288092841152,0.1465640434125233,Ta,Ta,-0.7459116674968221,0.17702991697059017,-0.37071052595830367,-0.10217939216911985,2.8235642995691843,-0.07638622508638289,-1.2237243411562944,1.6470659127556586,Wd,Normal,289000.0
504,-0.5306001237453553,2.4008368366064192,Rl,-2.3594346540363698,-2.1551102523493064,Inside,Npkvill,Norm,Norm,Twnhse,2story,-0.014950053313711128,-0.5526946526296532,0.10297859632734,-0.5235797595312607,Gable,Compshg,Plywood,Brkcmn,-0.5718951461336651,Ta,Cblock,Alq,-0.3980634938961124,Rec,2.8911975337529747,-1.1085946418149155,-0.536025746204105,Ta,Sbrkr,-0.7970097301222223,0.3320506201869154,-0.11183896233236511,-0.2846580903575952,0.20923762540902602,-0.23862605398781578,Typ,Attchd,-0.1758246816567258,0.4033288092841152,-0.07366959239538234,Ta,Ta,1.4610995718266477,-0.7172050643637078,-0.37071052595830367,-0.10217939216911985,-0.2698934816491846,-0.07638622508638289,-0.11841568718311837,0.8927965977552895,Wd,Normal,147000.0
505,-0.5282351280672428,0.7614587643924405,Rm,-0.42567055404660176,-0.47663339942594757,Inside,Oldtown,Artery,Norm,Duplex,2story,-0.8154008244853307,-0.5526946526296532,-0.6224649417174848,-1.5956933189944422,Hip,Compshg,Wdsdng,Wdsdng,1.738297964132262,Ta,Cblock,Unf,-1.0478669023226053,Unf,-0.2871575004618263,0.9215140882145954,-0.2146775230185434,Gd,Sbrkr,-0.4655569566148223,1.630765343276556,-0.11183896233236511,1.216594665931314,1.5081281986003237,2.536346610033393,Typ,Detchd,-1.0881895404004402,0.4033288092841152,-0.2738819885843875,Ta,Ta,-0.7459116674968221,-0.7172050643637078,-0.37071052595830367,-0.10217939216911985,-0.2698934816491846,-0.07638622508638289,0.2500205308079403,0.8927965977552895,Cod,Normal,124500.0
506,-0.5258701323891304,0.05886816201502109,Rl,0.6486428348366026,0.14486011003394964,Inside,Sawyerw,Norm,Norm,1fam,2story,1.5859514890295279,-0.5526946526296532,0.7294980155478705,0.4510689308898134,Gable,Compshg,Vinylsd,Vinylsd,0.23025523937533743,Ta,Pconc,Glq,-0.08706808830677923,Unf,-0.2871575004618263,-0.41215127352007747,-0.7747415691419508,Ex,Sbrkr,-0.13410418310742234,1.2555269429842397,-0.11183896233236511,1.1012946893511313,0.20923762540902602,1.1488602780227886,Typ,Attchd,0.6121267872583003,0.4033288092841152,0.08149501465109664,Ta,Ta,0.7989962000296068,0.6241474076377391,-0.37071052595830367,-0.10217939216911985,-0.2698934816491846,-0.07638622508638289,0.9868929667900576,-1.370011347245818,Wd,Normal,215000.0
507,-0.523505136711018,-0.8779193078215382,Fv,0.3800644876158015,-0.3922016969150524,Inside,Somerst,Norm,Norm,1fam,1story,-0.014950053313711128,-0.5526946526296532,1.2570933159441067,1.182055448705619,Gable,Compshg,Vinylsd,Vinylsd,-0.5718951461336651,Ta,Pconc,Glq,-0.9795996181688492,Unf,-0.2871575004618263,1.4687195918748253,0.574920968237408,Ex,Sbrkr,0.3488698582890748,-0.8058476456345897,-0.11183896233236511,-0.5293764079971666,-1.0896529477822716,-1.6261123859984203,Typ,Attchd,1.275664866344638,0.4033288092841152,1.107583545119748,Ta,Ta,-0.7459116674968221,0.9719054559344106,-0.37071052595830367,-0.10217939216911985,-0.2698934816491846,-0.07638622508638289,0.9868929667900576,0.8927965977552895,New,Partial,208300.0
508,-0.5211401410329055,0.2930650294741609,Rm,-0.42567055404660176,0.1594610811448563,Inside,Oldtown,Norm,Norm,1fam,2story,0.7855007178579084,3.075466924019669,-1.4138578923118392,0.9871257106214042,Gambrel,Compshg,Metalsd,Metalsd,-0.5718951461336651,Ex,Brktil,Rec,-0.6913599739641013,Unf,-0.2871575004618263,-0.05445416939585794,-1.044061984764136,Ex,Sbrkr,-1.3210207815720165,0.8729787037251897,-0.11183896233236511,-0.15288668855167212,0.20923762540902602,0.45511711201748645,Typ,Detchd,-2.083496659029947,0.4033288092841152,-0.47409438477339266,Ta,Ta,-0.7459116674968221,-0.7172050643637078,1.572124401238966,-0.10217939216911985,-0.2698934816491846,-0.07638622508638289,1.3553291847811162,0.1385272827549204,Wd,Normal,161000.0
509,-0.5187751453547931,-0.8779193078215382,Rl,0.6486428348366026,0.1594610811448563,Corner,Names,Norm,Norm,1fam,1story,-0.8154008244853307,0.35434574153267734,-0.3916419977941315,-1.2545662773470663,Gable,Compshg,Metalsd,Metalsd,0.27517566096384155,Ta,Cblock,Alq,1.4577952679134043,Unf,-0.2871575004618263,-1.2341439565075223,0.03321967772460415,Ex,Sbrkr,-0.2098648170519709,-0.8058476456345897,-0.11183896233236511,-0.9458681601337449,0.20923762540902602,-0.23862605398781578,Typ,Attchd,-0.7978916308001675,-0.9824399605824299,-0.9245722761986542,Ta,Ta,1.1555134002280136,0.7400667570699629,-0.37071052595830367,-0.10217939216911985,-0.2698934816491846,-0.07638622508638289,0.2500205308079403,0.8927965977552895,Wd,Normal,124500.0
510,-0.5164101496766806,-0.8779193078215382,Rl,0.3800644876158015,1.7335092493836868,Inside,Names,Norm,Norm,1fam,1story,-0.8154008244853307,1.2613861356950078,-0.6554396479922496,0.7434635380161356,Hip,Compshg,Wdsdng,Wdsdng,-0.12269093024862367,Ta,Cblock,Blq,0.5956047532307813,Rec,0.8686079665253741,-0.9309305172499058,-0.06777547813371522,Ex,Sbrkr,0.8065903550373891,-0.8058476456345897,-0.11183896233236511,-0.18818259974968723,-1.0896529477822716,-0.23862605398781578,Min1,Carport,-1.1296606703433363,-0.9824399605824299,-0.8344766979136019,Ta,Ta,2.0043638768908867,-0.021688967770364925,-0.37071052595830367,-0.10217939216911985,2.958062463969983,4.27798779833665,-0.11841568718311837,0.8927965977552895,Wd,Normal,164900.0
511,-0.5140451539985682,1.46404936676986,Rl,-1.499983942929806,-0.7318329814513599,Inside,Nridght,Norm,Norm,Twnhse,1story,0.7855007178579084,-0.5526946526296532,1.1251944908450477,1.035858145142458,Gable,Compshg,Vinylsd,Vinylsd,0.03132194376910481,Ta,Pconc,Unf,-1.0478669023226053,Unf,-0.2871575004618263,1.8880069258482481,1.033989858502496,Ex,Sbrkr,0.8223738204425033,-0.8058476456345897,-0.11183896233236511,-0.17641729601701553,-1.0896529477822716,-0.23862605398781578,Typ,Attchd,1.1097803465730536,0.4033288092841152,0.09651094436527202,Ta,Ta,0.37457096169817033,-0.13760831720258873,-0.37071052595830367,-0.10217939216911985,-0.2698934816491846,-0.07638622508638289,-1.2237243411562944,-1.370011347245818,New,Partial,202665.0
512,-0.5116801583204558,-0.8779193078215382,Rl,0.11148614039500042,0.0007548734176098254,Corner,Names,Feedr,Norm,1fam,1story,-0.8154008244853307,-0.5526946526296532,-0.42461670406889623,-1.3032987118681199,Gable,Compshg,Vinylsd,Vinylsd,-0.5718951461336651,Ta,Cblock,Blq,0.26943884005172464,Lwq,0.830082450959134,-0.952250212197707,-0.5084816127881998,Ta,Sbrkr,-0.7685994923930166,-0.8058476456345897,-0.11183896233236511,-1.3623599122703232,0.20923762540902602,-0.9323692199931181,Typ,Detchd,-0.590535981085687,0.4033288092841152,0.8473074300740413,Ta,Ta,-0.7459116674968221,-0.7172050643637078,-0.37071052595830367,-0.10217939216911985,-0.2698934816491846,-0.07638622508638289,0.2500205308079403,-1.370011347245818,Wd,Normal,129900.0
513,-0.5093151626423433,-0.8779193078215382,Rl,0.16520180983916063,0.028369753562150712,Corner,Mitchel,Norm,Norm,1fam,1story,-0.014950053313711128,-0.5526946526296532,0.3997509528002229,-0.08498784884177732,Gable,Compshg,Vinylsd,Vinylsd,-0.5718951461336651,Gd,Pconc,Alq,-0.1983184772980854,Unf,-0.2871575004618263,0.4193168294441679,0.16481942626726273,Ta,Sbrkr,-0.08675378689207948,-0.8058476456345897,-0.11183896233236511,-0.8540987910189056,0.20923762540902602,-0.9323692199931181,Typ,Attchd,0.19741548782933918,0.4033288092841152,0.1465640434125233,Ta,Ta,0.27270890449862556,-0.7172050643637078,2.275564633500047,-0.10217939216911985,-0.2698934816491846,-0.07638622508638289,-0.11841568718311837,-0.6157420322454488,Wd,Normal,134000.0
514,-0.5069501669642309,-0.2924271391736886,Rl,-0.6942489012674029,0.4749690221066223,Inside,Crawfor,Norm,Norm,1fam,1.5unf,-0.8154008244853307,-0.5526946526296532,-1.4798073048613687,-1.6931581880365496,Gable,Compshg,Wdsdng,Wdsdng,-0.5718951461336651,Ta,Brktil,Unf,-1.0478669023226053,Unf,-0.2871575004618263,0.46669392932817055,-0.8022857025578561,Fa,Sbrkr,-1.0053514734697309,-0.8058476456345897,-0.11183896233236511,-1.5388394682603987,-1.0896529477822716,-0.9323692199931181,Typ,Detchd,-2.166438918915739,-0.9824399605824299,-1.2749439695294131,Po,Po,-0.7459116674968221,-0.7172050643637078,1.5051300934045773,-0.10217939216911985,-0.2698934816491846,-0.07638622508638289,-0.11841568718311837,-0.6157420322454488,Wd,Normal,96500.0
516,-0.502220175608006,0.5272618969333007,Rl,0.057770470950840196,0.4286268094502663,Corner,Nwames,Norm,Norm,1fam,Slvl,-0.014950053313711128,0.35434574153267734,0.03702918377781046,-0.6210446285733681,Gable,Compshg,Hdboard,Hdboard,1.5650334808623174,Ta,Cblock,Unf,-1.0478669023226053,Unf,-0.2871575004618263,0.2795543847863603,-1.044061984764136,Ta,Sbrkr,0.8539407512527318,0.9996825791485694,-0.11183896233236511,1.5907313246302741,0.20923762540902602,0.45511711201748645,Typ,Attchd,-0.258766941542518,0.4033288092841152,0.6420897239803111,Ta,Ta,-0.7459116674968221,1.005025270057903,-0.37071052595830367,-0.10217939216911985,-0.2698934816491846,-0.07638622508638289,0.6184567487989989,0.8927965977552895,Cod,Abnorml,158000.0
517,-0.4998551799298936,0.05886816201502109,Rl,0.5949271653924424,0.352447829741188,Inside,Noridge,Norm,Norm,1fam,2story,0.7855007178579084,-0.5526946526296532,0.8284221343721648,0.5972662344529746,Gable,Compshg,Vinylsd,Vinylsd,5.338348894296665,Ta,Pconc,Unf,-1.0478669023226053,Unf,-0.2871575004618263,1.6416460064514347,0.7157020945853684,Ex,Sbrkr,0.5351147500694233,1.7940184135336028,-0.11183896233236511,2.1201699926005007,0.20923762540902602,0.45511711201748645,Typ,Attchd,0.7365401770869886,1.7890975791506603,2.1737145548262005,Ta,Ta,1.1215593811614986,-0.7172050643637078,-0.37071052595830367,-0.10217939216911985,-0.2698934816491846,-0.07638622508638289,0.2500205308079403,0.8927965977552895,Wd,Normal,265000.0
518,-0.49749018425178115,0.05886816201502109,Rl,0.057770470950840196,0.1375596244784963,Culdsac,Collgcr,Norm,Norm,1fam,2story,-0.014950053313711128,-0.5526946526296532,0.8943715469216943,0.6459986689740282,Gable,Compshg,Vinylsd,Vinylsd,-0.5718951461336651,Ta,Pconc,Glq,0.7371961574015347,Unf,-0.2871575004618263,-1.1441274667279175,-0.7227137615785741,Ex,Sbrkr,-0.7117790169346051,1.4212166262301975,-0.11183896233236511,0.8306927034996822,0.20923762540902602,0.45511711201748645,Typ,Attchd,0.8194824369727808,0.4033288092841152,0.45689325750548127,Ta,Ta,-0.7459116674968221,-0.12104841014084247,-0.37071052595830367,-0.10217939216911985,-0.2698934816491846,-0.07638622508638289,-0.48685190517417704,-0.6157420322454488,Wd,Normal,211000.0
519,-0.4951251885736687,0.2930650294741609,Rl,-0.8016802401557234,0.577810644713878,Inside,Crawfor,Norm,Norm,1fam,2story,0.7855007178579084,3.075466924019669,-1.4798073048613687,0.9383932761003505,Gambrel,Compshg,Metalsd,Metalsd,-0.5718951461336651,Ta,Brktil,Unf,-1.0478669023226053,Unf,-0.2871575004618263,1.6700722663818364,0.7524276058065754,Ex,Sbrkr,0.5319580569884005,1.1531891974499715,-0.11183896233236511,1.498961955515435,0.20923762540902602,1.842603444028091,Typ,Detchd,-2.166438918915739,-0.9824399605824299,-0.8645085573419526,Ta,Ta,-0.7459116674968221,-0.7172050643637078,-0.37071052595830367,-0.10217939216911985,2.5161399237959303,-0.07638622508638289,-0.11841568718311837,0.8927965977552895,Wd,Normal,234000.0
521,-0.49039519721744385,-0.8779193078215382,Rl,1.1857995292782049,0.9174419292501854,Corner,Names,Feedr,Norm,1fam,1story,-0.014950053313711128,0.35434574153267734,-0.457591410343661,-1.3520311463891737,Gable,Compshg,Vinylsd,Vinylsd,-0.5718951461336651,Ta,Cblock,Rec,0.9167138305465968,Unf,-0.2871575004618263,-0.2463314239260684,0.65449290921669,Ex,Fusea,0.43094387839566906,-0.8058476456345897,-0.11183896233236511,-0.46819682858727374,0.20923762540902602,-0.23862605398781578,Typ,Attchd,-0.8808338906859596,-0.9824399605824299,-0.5942218224867958,Ta,Ta,-0.7459116674968221,-0.05480878189385744,-0.37071052595830367,-0.10217939216911985,-0.2698934816491846,-0.07638622508638289,-0.48685190517417704,-0.6157420322454488,Wd,Normal,150000.0
522,-0.48803020153933135,-0.17532870544411872,Rm,-0.962827248488204,-1.3006360299458113,Corner,Brkside,Feedr,Norm,1fam,1.5fin,-0.014950053313711128,1.2613861356950078,-0.7873384730913087,-1.6931581880365496,Gable,Compshg,Cemntbd,Cmentbd,-0.5718951461336651,Gd,Cblock,Alq,-0.03902814760598793,Unf,-0.2871575004618263,0.08057056527354944,-0.0800173152074509,Ex,Sbrkr,-0.3266624610498166,0.8023169270467665,-0.11183896233236511,0.5200886849571492,0.20923762540902602,0.45511711201748645,Typ,Detchd,-1.1711318002862325,0.4033288092841152,-0.17377579048988492,Ta,Ta,-0.7459116674968221,-0.31976729488179756,0.23223824455119382,-0.10217939216911985,-0.2698934816491846,-0.07638622508638289,1.3553291847811162,-1.370011347245818,Wd,Normal,159000.0
524,-0.4833002101831065,0.05886816201502109,Rl,1.4543778764990059,0.8536420337438324,Inside,Noridge,Norm,Norm,1fam,2story,0.7855007178579084,-0.5526946526296532,0.8284221343721648,0.5972662344529746,Gable,Compshg,Vinylsd,Vinylsd,3.239923485805115,Ta,Pconc,Glq,0.7700655905126024,Unf,-0.2871575004618263,0.21085758995455656,1.0676549104552693,Ex,Sbrkr,0.8697242166578462,1.6673145381102232,-0.11183896233236511,2.2472352729133553,0.20923762540902602,1.1488602780227886,Typ,Attchd,0.7365401770869886,1.7890975791506603,1.8984225100663183,Ta,Ta,1.2828409717274445,0.27638935934106773,-0.37071052595830367,-0.10217939216911985,-0.2698934816491846,-0.07638622508638289,0.6184567487989989,-0.6157420322454488,Wd,Normal,315750.0
525,-0.48093521450499405,-0.8779193078215382,Fv,-0.31823921515828135,-0.5071049913095789,Inside,Somerst,Norm,Norm,1fam,1story,0.7855007178579084,-0.5526946526296532,1.1251944908450477,0.9871257106214042,Gable,Compshg,Vinylsd,Vinylsd,-0.5718951461336651,Ta,Pconc,Unf,-1.0478669023226053,Unf,-0.2871575004618263,1.6250640214920338,0.694278879706331,Ex,Sbrkr,0.5003911261781719,-0.8058476456345897,-0.11183896233236511,-0.41642949216351827,0.20923762540902602,-0.23862605398781578,Typ,Attchd,1.1097803465730536,0.4033288092841152,-0.008600563633955676,Ta,Ta,-0.42334848636493033,1.6674215525277536,-0.37071052595830367,-0.10217939216911985,-0.2698934816491846,-0.07638622508638289,-0.8552881231652357,-1.370011347245818,Wd,Normal,176000.0
526,-0.4785702188268816,-0.8779193078215382,Rl,0.11148614039500042,1.3338870183264802,Inside,Names,Norm,Norm,1fam,1story,-0.8154008244853307,1.2613861356950078,-0.49056611661842575,0.7434635380161356,Hip,Compshg,Wdsdng,Wdsdng,-0.5718951461336651,Ta,Cblock,Rec,-0.09465334210164102,Unf,-0.2871575004618263,-0.04734760441325755,-0.31261221960842883,Ta,Sbrkr,-0.5665711352075538,-0.8058476456345897,-0.11183896233236511,-1.2117640244921253,-1.0896529477822716,-1.6261123859984203,Typ,Attchd,-0.9223050206288558,-0.9824399605824299,-1.0146678544837064,Ta,Ta,1.4695880765932765,-0.7172050643637078,2.242067479582852,-0.10217939216911985,-0.2698934816491846,-0.07638622508638289,-0.11841568718311837,-0.6157420322454488,Wd,Normal,132000.0
528,-0.47384022747065674,-0.6437224403623983,Rl,-0.5331018929349223,0.00012004858670083947,Inside,Edwards,Norm,Norm,1fam,1story,-1.6158515956569501,1.2613861356950078,-1.6776555425099573,0.8409284070582431,Gable,Compshg,Wdsdng,Wdsdng,-0.5718951461336651,Ta,Brktil,Alq,-0.16797746211863826,Unf,-0.2871575004618263,-0.9261928072615055,-1.536795926981997,Ex,Sbrkr,-1.5861830003779365,-0.8058476456345897,-0.11183896233236511,-1.9718026456227173,-1.0896529477822716,-0.9323692199931181,Typ,Attchd,0.07300209800065086,-2.368208730448975,-2.2760059504744388,Ta,Ta,-0.7459116674968221,-0.7172050643637078,2.0410845560796864,-0.10217939216911985,-0.2698934816491846,-0.07638622508638289,0.2500205308079403,-0.6157420322454488,Wd,Normal,86000.0
530,-0.46911023611443187,0.5272618969333007,Rl,0.9172211820574037,0.34990853041755204,Inside,Timber,Norm,Norm,1fam,Slvl,-0.014950053313711128,-0.5526946526296532,0.5646244841740466,0.2074067582845449,Gable,Compshg,Hdboard,Hdboard,0.8334723292781072,Ta,Cblock,Glq,0.9318843381363204,Unf,-0.2871575004618263,0.2534969798501589,1.3186125704668508,Ex,Sbrkr,1.267467544866726,-0.8058476456345897,-0.11183896233236511,0.15536426924432648,0.20923762540902602,-0.9323692199931181,Typ,Attchd,0.4047711375438197,0.4033288092841152,0.7271799923606382,Ta,Ta,1.1555134002280136,-0.7172050643637078,-0.37071052595830367,-0.10217939216911985,-0.2698934816491846,-0.07638622508638289,0.6184567487989989,0.1385272827549204,Wd,Abnorml,175000.0
531,-0.46674524043631943,0.2930650294741609,Rm,-0.42567055404660176,-0.9340246900958719,Fr3,Brkside,Rrnn,Feedr,1fam,2story,-0.014950053313711128,2.168426529857338,-1.6776555425099573,0.6947311034950819,Gable,Compshg,Wdsdng,Wdsdng,-0.5718951461336651,Ta,Brktil,Unf,-1.0478669023226053,Unf,-0.2871575004618263,0.09478369523875022,-1.2827778077019816,Ex,Sbrkr,-1.1253058105485994,0.6829228905901203,-0.11183896233236511,-0.1905356604962216,0.20923762540902602,-0.23862605398781578,Typ,Detchd,-2.4152656985731156,0.4033288092841152,0.23665962169757562,Ta,Fa,-0.7459116674968221,-0.7172050643637078,1.0361699385638572,-0.10217939216911985,-0.2698934816491846,-0.07638622508638289,-0.11841568718311837,0.1385272827549204,Wd,Normal,128000.0
534,-0.4596502534019821,0.05886816201502109,Rl,0.3263488181716413,-0.013211272862387864,Inside,Gilbert,Norm,Norm,1fam,2story,1.5859514890295279,-0.5526946526296532,1.092219784570283,0.9383932761003505,Gable,Compshg,Vinylsd,Vinylsd,-0.5718951461336651,Ta,Pconc,Unf,-1.0478669023226053,Unf,-0.2871575004618263,0.32219377468196264,-0.9889737179323252,Ex,Sbrkr,-1.2642003061136051,0.9168377375255904,-0.11183896233236511,-0.06817650167643587,0.20923762540902602,-0.23862605398781578,Typ,Attchd,1.0683092166301575,0.4033288092841152,-0.25886605887021213,Ta,Ta,0.10293880916605094,-0.13760831720258873,-0.37071052595830367,-0.10217939216911985,-0.2698934816491846,-0.07638622508638289,1.3553291847811162,-1.370011347245818,Wd,Normal,178000.0
535,-0.4572852577238697,3.103427438983839,Rl,0.11148614039500042,-0.6658111990368254,Inside,Edwards,Norm,Norm,2fmcon,2story,-0.8154008244853307,1.2613861356950078,-2.007402605257605,0.30487162732665235,Gable,Compshg,Metalsd,Metalsd,-0.5718951461336651,Ta,Cblock,Glq,1.4021700734177511,Unf,-0.2871575004618263,-1.0019961670759097,0.2658145821255821,Ta,Sbrkr,-0.9074939879580223,0.4782473995215842,-0.11183896233236511,-0.22583157169423668,0.20923762540902602,-0.9323692199931181,Typ,Attchd,0.07300209800065086,-2.368208730448975,-2.2760059504744388,Ta,Ta,-0.024388762333380012,-0.7172050643637078,2.108078863914075,-0.10217939216911985,-0.2698934816491846,-0.07638622508638289,-1.9605967771384116,0.1385272827549204,Wd,Normal,107500.0
536,-0.45492026204575725,0.05886816201502109,Rl,-0.5868175623790824,-0.05510971170238093,Culdsac,Collgcr,Norm,Norm,1fam,2story,0.7855007178579084,-0.5526946526296532,0.8943715469216943,0.6947311034950819,Gable,Compshg,Vinylsd,Vinylsd,-0.5718951461336651,Ta,Pconc,Unf,-1.0478669023226053,Unf,-0.2871575004618263,0.7320056886785851,-0.45951426449325705,Ex,Sbrkr,-0.7180924030966509,1.2506537170064174,-0.11183896233236511,0.6612723297492097,0.20923762540902602,1.1488602780227886,Typ,Attchd,0.8194824369727808,0.4033288092841152,0.36179236931570385,Ta,Ta,0.27270890449862556,1.8495805302069623,-0.37071052595830367,-0.10217939216911985,-0.2698934816491846,-0.07638622508638289,0.2500205308079403,0.1385272827549204,Wd,Normal,188000.0
537,-0.4525552663676448,-0.8779193078215382,Rl,0.057770470950840196,1.1545490035946917,Fr2,Names,Norm,Norm,1fam,1story,-1.6158515956569501,-0.5526946526296532,0.03702918377781046,-0.6210446285733681,Hip,Compshg,Metalsd,Metalsd,-0.5718951461336651,Ta,Cblock,Blq,0.4691838566497516,Unf,-0.2871575004618263,-0.7272089877486947,-0.5084816127881998,Ta,Sbrkr,-0.7685994923930166,-0.8058476456345897,-0.11183896233236511,-1.3623599122703232,0.20923762540902602,-0.9323692199931181,Typ,Detchd,0.07300209800065086,0.4033288092841152,0.6070525546472352,Ta,Ta,1.0876053620949837,-0.7172050643637078,-0.37071052595830367,-0.10217939216911985,-0.2698934816491846,-0.07638622508638289,-0.8552881231652357,0.1385272827549204,Cod,Normal,111250.0
538,-0.4501902706895324,-0.8779193078215382,Rl,0.057770470950840196,0.779367528527481,Inside,Sawyer,Norm,Norm,1fam,1story,-0.8154008244853307,-0.5526946526296532,-0.0948696413212486,-0.8159743666575829,Hip,Compshg,Plywood,Plywood,0.6345390336718747,Ta,Cblock,Blq,0.653758365658055,Unf,-0.2871575004618263,-0.45715951840987995,0.06382427040894335,Ta,Sbrkr,0.1626249665087262,-0.8058476456345897,-0.11183896233236511,-0.6682069920426927,0.20923762540902602,0.45511711201748645,Typ,Attchd,-0.4246514613141025,-0.9824399605824299,-0.5942218224867958,Ta,Ta,3.2097315537521665,-0.7172050643637078,-0.37071052595830367,-0.10217939216911985,-0.2698934816491846,-0.07638622508638289,0.2500205308079403,-1.370011347245818,Wd,Normal,158000.0
539,-0.44782527501141994,-0.8779193078215382,Rl,0.057770470950840196,0.738103914518397,Inside,Collgcr,Norm,Norm,1fam,1story,1.5859514890295279,-0.5526946526296532,0.9932956657459886,0.8409284070582431,Gable,Compshg,Vinylsd,Vinylsd,2.5019451311368326,Ta,Pconc,Glq,2.3857246488181625,Unf,-0.2871575004618263,-0.8243320425109,1.6858676826789212,Ex,Sbrkr,1.557883308320829,-0.8058476456345897,-0.11183896233236511,0.3718458579254858,0.20923762540902602,-0.23862605398781578,Typ,Attchd,0.9438958268014691,0.4033288092841152,1.0775516856913971,Ta,Ta,0.7820191904963494,-0.7172050643637078,-0.37071052595830367,-0.10217939216911985,-0.2698934816491846,4.27798779833665,-0.48685190517417704,1.6470659127556586,Wd,Normal,272000.0
540,-0.4454602793333075,-0.8779193078215382,Rl,0.9172211820574037,1.7468405708327754,Inside,Timber,Norm,Norm,1fam,1story,2.386402260201147,-0.5526946526296532,1.1581691971198125,1.035858145142458,Hip,Compshg,Vinylsd,Vinylsd,3.1757514549643946,Ta,Pconc,Glq,2.1379396915193443,Unf,-0.2871575004618263,0.016611480430145945,2.4724057146664387,Ex,Sbrkr,2.306019568523246,-0.8058476456345897,-0.11183896233236511,0.9295212548541245,-1.0896529477822716,1.1488602780227886,Typ,Attchd,1.1512514765159496,1.7890975791506603,1.5530561266402845,Ta,Ta,1.5459846194929352,0.4088686158350378,-0.37071052595830367,-0.10217939216911985,-0.2698934816491846,-0.07638622508638289,-1.2237243411562944,0.8927965977552895,Wd,Normal,315000.0
541,-0.44309528365519507,0.05886816201502109,Rl,0.057770470950840196,0.6038384627811464,Fr2,Noridge,Norm,Norm,1fam,2story,1.5859514890295279,-0.5526946526296532,0.9603209594712239,0.7434635380161356,Gable,Compshg,Vinylsd,Vinylsd,-0.10985652408047963,Ta,Pconc,Unf,-1.0478669023226053,Unf,-0.2871575004618263,0.9428337831623965,-0.18713338960263812,Ex,Sbrkr,-0.3487593126169766,2.332509884082966,-0.11183896233236511,1.9813394085549747,1.5081281986003237,1.1488602780227886,Typ,Builtin,0.9024246968585731,1.7890975791506603,0.9674348677874444,Ta,Ta,-0.7459116674968221,0.2101497310940827,-0.37071052595830367,-0.10217939216911985,-0.2698934816491846,-0.07638622508638289,-0.11841568718311837,-0.6157420322454488,Wd,Normal,248000.0
542,-0.44073028797708264,-0.8779193078215382,Rl,0.5412114959482822,0.3308637854902825,Inside,Nwames,Rran,Norm,1fam,1story,0.7855007178579084,-0.5526946526296532,0.8943715469216943,0.6947311034950819,Hip,Compshg,Vinylsd,Vinylsd,-0.5718951461336651,Ta,Pconc,Lwq,-0.6837747201692396,Glq,6.949218506730255,-0.4547906634156798,1.8970393722008616,Ex,Sbrkr,1.8072620617216346,-0.8058476456345897,-0.11183896233236511,0.5577376569016987,0.20923762540902602,0.45511711201748645,Maj1,Attchd,0.8194824369727808,0.4033288092841152,0.6420897239803111,Ta,Ta,-0.08380829569978113,0.49166815114376905,-0.37071052595830367,-0.10217939216911985,-0.2698934816491846,-0.07638622508638289,-0.11841568718311837,0.8927965977552895,Wd,Normal,213250.0
543,-0.4383652922989702,1.46404936676986,Rh,-1.8222779595947676,-1.5996385253039436,Inside,Names,Norm,Norm,Twnhse,Sfoyer,0.7855007178579084,-0.5526946526296532,0.8943715469216943,0.6459986689740282,Gable,Compshg,Metalsd,Metalsd,0.5960358151674425,Ta,Pconc,Glq,0.4287291697438221,Lwq,0.605350276822734,-1.3525867062175287,-0.9400063696373825,Ex,Sbrkr,-1.0747987212522336,-0.8058476456345897,-0.11183896233236511,-1.5906068046841542,-2.3885435209735695,-1.6261123859984203,Typ,Attchd,0.8194824369727808,-0.9824399605824299,-0.43905721544031673,Ta,Ta,0.27270890449862556,-0.05480878189385744,-0.37071052595830367,-0.10217939216911985,-0.2698934816491846,-0.07638622508638289,-0.11841568718311837,-0.6157420322454488,Wd,Normal,133000.0
544,-0.4360002966208577,0.05886816201502109,Rl,-0.5331018929349223,2.5413238467153714,Inside,Gilbert,Norm,Norm,1fam,2story,0.7855007178579084,-0.5526946526296532,1.1581691971198125,1.035858145142458,Gable,Compshg,Vinylsd,Vinylsd,-0.5718951461336651,Ta,Pconc,Glq,0.35287663179520423,Unf,-0.2871575004618263,-1.1157012067975158,-1.151178059159323,Ex,Sbrkr,-1.399938108597588,1.2214143611394837,-0.11183896233236511,0.12477447953938005,0.20923762540902602,0.45511711201748645,Typ,Attchd,1.1512514765159496,0.4033288092841152,-0.14374393106153416,Ta,Ta,0.10293880916605094,-0.31976729488179756,-0.37071052595830367,-0.10217939216911985,-0.2698934816491846,-0.07638622508638289,0.9868929667900576,-1.370011347245818,New,Partial,179665.0
545,-0.43363530094274527,-0.17532870544411872,Rl,0.057770470950840196,1.504337485425543,Corner,Nwames,Norm,Norm,1fam,1.5fin,0.7855007178579084,-0.5526946526296532,0.5646244841740466,0.1586743237634912,Gable,Compshg,Hdboard,Hdboard,0.5703670028311545,Gd,Pconc,Glq,1.4856078651612308,Lwq,1.009868190268254,-1.3525867062175287,0.5320745384793332,Gd,Sbrkr,0.850784058171709,1.1580624234277939,-0.11183896233236511,1.741327212408472,1.5081281986003237,1.842603444028091,Typ,Attchd,0.4047711375438197,1.7890975791506603,1.6581676346395122,Ta,Ta,-0.7459116674968221,-0.7172050643637078,-0.37071052595830367,-0.10217939216911985,-0.2698934816491846,-0.07638622508638289,-1.592160559147353,-1.370011347245818,Wd,Normal,229000.0
546,-0.43127030526463284,-0.17532870544411872,Rl,0.11148614039500042,-0.11446583339237111,Inside,Brkside,Norm,Norm,1fam,1.5fin,-0.014950053313711128,1.2613861356950078,-1.578731423685663,-1.6931581880365496,Gable,Compshg,Brkface,Wdsdng,-0.5718951461336651,Ta,Brktil,Rec,-0.28934152283642683,Unf,-0.2871575004618263,0.4595873643455701,0.10667070016701824,Ex,Fusea,-0.6076081452608508,0.9485137063814353,-0.11183896233236511,0.4518499233076534,0.20923762540902602,-0.23862605398781578,Typ,Detchd,-1.1711318002862325,0.4033288092841152,-0.07366959239538234,Ta,Ta,-0.7459116674968221,-0.08792859601734995,-0.37071052595830367,5.1924928920576905,-0.2698934816491846,-0.07638622508638289,-0.48685190517417704,-0.6157420322454488,Wd,Normal,210000.0
547,-0.4289053095865204,0.6443603306628706,Rl,-0.7479645707115631,-0.588362569665929,Inside,Mitchel,Norm,Norm,1fam,Sfoyer,-0.8154008244853307,1.2613861356950078,-0.02892022877171907,-0.7185094976154754,Gable,Compshg,Vinylsd,Vinylsd,-0.5718951461336651,Gd,Cblock,Alq,0.5172237973505429,Unf,-0.2871575004618263,-0.9996273120817095,-0.8022857025578561,Ex,Sbrkr,-1.071642028171211,-0.8058476456345897,-0.11183896233236511,-1.5882537439376199,-1.0896529477822716,-0.9323692199931181,Typ,Detchd,0.3633000076009236,0.4033288092841152,0.8473074300740413,Ta,Ta,0.13689282823256588,-0.7172050643637078,-0.37071052595830367,-0.10217939216911985,-0.2698934816491846,-0.07638622508638289,-0.8552881231652357,-0.6157420322454488,Wd,Normal,129500.0
548,-0.42654031390840796,-0.8779193078215382,Rm,-1.0165429179323642,-0.27380686595052656,Inside,Oldtown,Feedr,Rrnn,1fam,1story,-0.8154008244853307,1.2613861356950078,-0.5235408228931906,0.49980136541086717,Gable,Compshg,Metalsd,Metalsd,-0.5718951461336651,Gd,Cblock,Lwq,-0.5927516746308982,Rec,3.854335422908975,-1.3525867062175287,-0.6278395242571226,Ta,Sbrkr,-0.891710522552908,-0.8058476456345897,-0.11183896233236511,-1.4541292813851625,-1.0896529477822716,-1.6261123859984203,Typ,Detchd,-0.632007111028583,0.4033288092841152,1.3278171809276538,Ta,Ta,0.44247899983120015,0.11079028872360513,-0.37071052595830367,-0.10217939216911985,-0.2698934816491846,-0.07638622508638289,-0.11841568718311837,0.1385272827549204,Wd,Normal,125000.0
549,-0.42417531823029553,0.05886816201502109,Fv,0.3800644876158015,0.08804328766759538,Inside,Somerst,Norm,Norm,1fam,2story,0.7855007178579084,-0.5526946526296532,1.059245078295518,0.9383932761003505,Gable,Compshg,Vinylsd,Vinylsd,-0.5718951461336651,Ta,Pconc,Unf,-1.0478669023226053,Unf,-0.2871575004618263,0.8078090484929892,-0.3615795679033716,Ex,Sbrkr,-0.6170782245039195,2.0742289072583846,-0.11183896233236511,1.5319048059669156,1.5081281986003237,1.1488602780227886,Typ,Builtin,1.0268380866872613,0.4033288092841152,0.8022596409315151,Ta,Ta,0.7989962000296068,2.2966980208741115,-0.37071052595830367,-0.10217939216911985,-0.2698934816491846,-0.07638622508638289,1.723765402772175,0.8927965977552895,Wd,Normal,263000.0
550,-0.4218103225521831,1.46404936676986,Rl,-0.8016802401557234,-1.6043997115357609,Inside,Npkvill,Norm,Norm,Twnhse,1story,-0.014950053313711128,0.35434574153267734,0.20190271515163427,-0.37738245596809955,Gable,Compshg,Plywood,Plywood,-0.5718951461336651,Ta,Cblock,Alq,0.3655187214533072,Unf,-0.2871575004618263,-0.14447065917546287,0.11891253724075393,Ta,Sbrkr,-0.12147741078333091,-0.8058476456345897,-0.11183896233236511,-0.8799824592307833,-1.0896529477822716,-1.6261123859984203,Typ,Attchd,-0.05141129182803748,0.4033288092841152,-0.07366959239538234,Ta,Ta,-0.7459116674968221,0.19358982403233643,-0.37071052595830367,-0.10217939216911985,3.572911215516491,-0.07638622508638289,1.3553291847811162,0.1385272827549204,Cod,Abnorml,140000.0
551,-0.41944532687407066,-0.8779193078215382,Rm,-0.962827248488204,-0.9832236144913183,Inside,Oldtown,Norm,Norm,1fam,1story,-0.8154008244853307,0.35434574153267734,-0.457591410343661,-1.3520311463891737,Hip,Compshg,Brkface,Brkface,-0.5718951461336651,Ta,Cblock,Rec,-0.26911417938346205,Unf,-0.2871575004618263,0.11610339018655139,-0.31261221960842883,Gd,Fusea,-0.5665711352075538,-0.8058476456345897,-0.11183896233236511,-1.2117640244921253,0.20923762540902602,-0.9323692199931181,Typ,Attchd,-0.8808338906859596,-0.9824399605824299,-0.8344766979136019,Ta,Ta,-0.7459116674968221,-0.7172050643637078,-0.37071052595830367,-0.10217939216911985,-0.2698934816491846,-0.07638622508638289,-0.11841568718311837,0.1385272827549204,Wd,Normal,112500.0
552,-0.4170803311959582,-0.8779193078215382,Rl,1.0246525209457242,0.6501806754375024,Inside,Nridght,Norm,Norm,1fam,1story,1.5859514890295279,-0.5526946526296532,1.1581691971198125,1.035858145142458,Gable,Compshg,Vinylsd,Vinylsd,1.0324056248843398,Ta,Pconc,Unf,-1.0478669023226053,Unf,-0.2871575004618263,2.695786478870492,2.077606469038463,Ex,Sbrkr,1.9240597057194804,-0.8058476456345897,-0.11183896233236511,0.6448009045234693,0.20923762540902602,0.45511711201748645,Typ,Attchd,1.1512514765159496,1.7890975791506603,2.2688154430159777,Ta,Ta,0.6886456380634334,-0.07136868895560369,-0.37071052595830367,-0.10217939216911985,-0.2698934816491846,-0.07638622508638289,0.2500205308079403,0.8927965977552895,Wd,Normal,255500.0
554,-0.41235033983973335,0.05886816201502109,Rl,0.9172211820574037,0.48480880698571155,Inside,Nridght,Norm,Norm,1fam,2story,0.7855007178579084,-0.5526946526296532,1.059245078295518,0.9383932761003505,Gable,Compshg,Vinylsd,Vinylsd,1.3019281544153647,Ta,Pconc,Glq,1.1417430264608297,Unf,-0.2871575004618263,-1.0398978469831117,-0.09838007081805443,Ex,Sbrkr,-0.32034907488777087,1.728229862833002,-0.11183896233236511,1.4189578901332673,0.20923762540902602,1.1488602780227886,Typ,Builtin,1.0268380866872613,1.7890975791506603,2.083618976541148,Ta,Ta,1.9704098578243716,0.30950917346456025,-0.37071052595830367,-0.10217939216911985,-0.2698934816491846,-0.07638622508638289,0.6184567487989989,0.1385272827549204,Wd,Normal,284000.0
555,-0.4099853441616209,-0.2924271391736886,Rm,-0.5331018929349223,-0.862606896618611,Inside,Brkside,Norm,Norm,1fam,1.5unf,-0.8154008244853307,0.35434574153267734,-1.6117061299604278,-1.6931581880365496,Gable,Compshg,Metalsd,Metalsd,-0.5718951461336651,Ta,Brktil,Unf,-1.0478669023226053,Unf,-0.2871575004618263,0.9996863030231996,-0.11368236716022402,Ta,Fusea,-0.1877679654848109,-0.8058476456345897,-0.11183896233236511,-0.9293967349080045,-1.0896529477822716,-0.9323692199931181,Typ,Detchd,-2.3323234386873235,-0.9824399605824299,-0.8745191771514029,Ta,Ta,-0.7459116674968221,-0.7172050643637078,1.572124401238966,-0.10217939216911985,-0.2698934816491846,-0.07638622508638289,0.6184567487989989,-1.370011347245818,Wd,Normal,113000.0
556,-0.4076203484835085,-0.8779193078215382,Rl,0.057770470950840196,1.8258762622809444,Inside,Names,Norm,Norm,1fam,1story,-0.8154008244853307,-0.5526946526296532,-0.457591410343661,-1.3520311463891737,Gable,Compshg,Wdsdng,Wdsdng,-0.5718951461336651,Ta,Cblock,Rec,1.215067146477827,Unf,-0.2871575004618263,-0.8859222723601033,0.18930310041473408,Ta,Fusea,-0.04887346991980519,-0.8058476456345897,-0.11183896233236511,-0.8258620620604935,-1.0896529477822716,-0.23862605398781578,Typ,Attchd,-0.8808338906859596,-0.9824399605824299,-0.7794182889616255,Ta,Ta,1.5290076099596777,-0.7172050643637078,-0.37071052595830367,-0.10217939216911985,2.0742173836218774,-0.07638622508638289,-0.48685190517417704,-1.370011347245818,Wd,Normal,141000.0
557,-0.40525535280539604,-0.17532870544411872,C(all),-0.42567055404660176,0.6165349593993261,Inside,Idotrr,Norm,Norm,1fam,1.5fin,-1.6158515956569501,0.35434574153267734,-1.6776555425099573,-1.6931581880365496,Gable,Compshg,Metalsd,Metalsd,-0.5718951461336651,Ta,Cblock,Rec,0.5627353201197136,Unf,-0.2871575004618263,-1.3525867062175287,-1.2032058667226997,Gd,Sbrkr,-0.6644286207192623,0.26382545649740335,-0.11183896233236511,-0.25171523990611444,0.20923762540902602,0.45511711201748645,Typ,Carport,0.6535979172011964,-0.9824399605824299,0.5770206952188843,Ta,Ta,-0.7459116674968221,0.06111056753836636,1.6391187090733546,-0.10217939216911985,-0.2698934816491846,-0.07638622508638289,0.9868929667900576,-1.370011347245818,Cod,Normal,108000.0
559,-0.40052536144917117,1.46404936676986,Rl,0.057770470950840196,-1.8732480274257166,Inside,Blmngtn,Norm,Norm,Twnhse,1story,0.7855007178579084,-0.5526946526296532,1.059245078295518,0.9383932761003505,Gable,Compshg,Vinylsd,Vinylsd,-0.4563854906203687,Ta,Pconc,Unf,-1.0478669023226053,Unf,-0.2871575004618263,1.902220055813449,1.0523526141130997,Ex,Sbrkr,1.4189888127558232,-0.8058476456345897,-0.11183896233236511,0.2683111850779748,-1.0896529477822716,0.45511711201748645,Typ,Attchd,1.0268380866872613,0.4033288092841152,-0.17377579048988492,Ta,Ta,0.46794451413108634,-0.3860069231287826,-0.37071052595830367,-0.10217939216911985,-0.2698934816491846,-0.07638622508638289,1.3553291847811162,-1.370011347245818,Wd,Normal,234000.0
560,-0.39816036577105873,-0.8779193078215382,Rl,0.057770470950840196,0.7120760964511285,Inside,Sawyer,Norm,Norm,1fam,1story,-0.8154008244853307,0.35434574153267734,-0.457591410343661,0.5485337999319209,Hip,Compshg,Wdsdng,Wdsdng,0.5832014089992985,Ta,Cblock,Alq,2.244133244647409,Unf,-0.2871575004618263,-1.1393897567395173,1.10744088094491,Ta,Sbrkr,0.8981344543870519,-0.8058476456345897,-0.11183896233236511,-0.11994383810019137,0.20923762540902602,-0.9323692199931181,Mod,Detchd,-0.8808338906859596,0.4033288092841152,0.366797679220429,Ta,Ta,-0.7459116674968221,-0.7172050643637078,-0.37071052595830367,-0.10217939216911985,1.5554387495045112,-0.07638622508638289,-0.48685190517417704,1.6470659127556586,Wd,Normal,121500.0
561,-0.3957953700929463,-0.8779193078215382,Rl,0.48749582650412193,0.2896001714811984,Inside,Mitchel,Norm,Norm,1fam,1story,-0.8154008244853307,-0.5526946526296532,0.10297859632734,-0.474847325010207,Gable,Compshg,Hdboard,Hdboard,-0.5718951461336651,Ta,Cblock,Alq,1.6600687024430518,Lwq,0.5026155686460939,-0.8906599823485036,1.0982595031396085,Gd,Sbrkr,0.8886643751439833,-0.8058476456345897,-0.11183896233236511,-0.12700302033979438,-1.0896529477822716,-0.23862605398781578,Typ,Attchd,-0.1343535517138297,0.4033288092841152,-0.18378641029933518,Ta,Ta,1.2913294764940733,-0.08792859601734995,-0.37071052595830367,-0.10217939216911985,-0.2698934816491846,-0.07638622508638289,-0.8552881231652357,-1.370011347245818,Wd,Normal,170000.0
562,-0.39343037441483386,-0.6437224403623983,Rl,-0.2645235457141211,1.5265563545073575,Inside,Edwards,Norm,Norm,1fam,1story,-0.8154008244853307,0.35434574153267734,-1.018161417014662,-0.7672419321365292,Gable,Compshg,Wdshing,Wdshng,-0.5718951461336651,Ta,Cblock,Blq,-0.31462570215263275,Unf,-0.2871575004618263,0.3198249196877625,-0.10450098935492226,Ex,Sbrkr,-0.35191600569799947,-0.8058476456345897,-0.11183896233236511,-1.0517558937277902,0.20923762540902602,-0.23862605398781578,Typ,Attchd,0.07300209800065086,-2.368208730448975,-2.2760059504744388,Ta,Ta,0.4764330188977151,-0.7172050643637078,-0.37071052595830367,-0.10217939216911985,-0.2698934816491846,-0.07638622508638289,0.2500205308079403,0.1385272827549204,Wd,Normal,108000.0
564,-0.388700383058609,0.05886816201502109,Rl,0.057770470950840196,1.348487989437387,Culdsac,Noridge,Norm,Norm,1fam,2story,0.7855007178579084,-0.5526946526296532,0.6965233092731058,0.7434635380161356,Gable,Compshg,Hdboard,Hdboard,-0.5718951461336651,Ta,Pconc,Glq,0.7928213518971877,Unf,-0.2871575004618263,-0.48321692334608135,0.19848447822003584,Ex,Sbrkr,0.18472181807588622,1.945088418846094,-0.11183896233236511,2.0048700160203183,1.5081281986003237,1.842603444028091,Typ,Attchd,0.5706556573154041,0.4033288092841152,0.6771268933133869,Ta,Ta,-0.7459116674968221,-0.05480878189385744,-0.37071052595830367,-0.10217939216911985,-0.2698934816491846,-0.07638622508638289,0.2500205308079403,-1.370011347245818,Wd,Normal,268000.0
565,-0.38633538738049655,0.2930650294741609,Rl,-0.10337653738164046,-0.7108837620313634,Corner,Swisu,Norm,Norm,1fam,2story,-0.014950053313711128,-1.4597350467919836,-1.8425290738837812,-1.6931581880365496,Gable,Compshg,Wdsdng,Wdsdng,-0.5718951461336651,Ta,Pconc,Unf,-1.0478669023226053,Unf,-0.2871575004618263,0.5567104191077754,-0.6859882503573671,Ta,Fusef,-0.8412034332565422,1.1580624234277939,-0.11183896233236511,0.48008665226606545,1.5081281986003237,-0.23862605398781578,Typ,Detchd,-2.4152656985731156,-0.9824399605824299,-1.194859011053811,Ta,Ta,-0.7459116674968221,0.3757488017115453,1.907095940410909,-0.10217939216911985,-0.2698934816491846,-0.07638622508638289,-0.48685190517417704,1.6470659127556586,Wd,Normal,128000.0
566,-0.3839703917023841,0.05886816201502109,Rl,0.48749582650412193,0.666686121041136,Inside,Stonebr,Norm,Norm,1fam,2story,2.386402260201147,-0.5526946526296532,1.1251944908450477,1.0845905796635116,Hip,Compshg,Vinylsd,Vinylsd,1.0003196094639797,Ta,Pconc,Unf,-1.0478669023226053,Unf,-0.2871575004618263,1.3052685972750164,0.2811168784677517,Ex,Sbrkr,0.0837076394831548,2.53231214917368,-0.11183896233236511,2.4966597120459952,1.5081281986003237,3.2300897760386955,Typ,Builtin,1.1097803465730536,1.7890975791506603,1.0074773470252454,Ta,Ta,0.4764330188977151,-0.07136868895560369,-0.37071052595830367,-0.10217939216911985,-0.2698934816491846,-0.07638622508638289,-0.11841568718311837,0.1385272827549204,Wd,Normal,325000.0
567,-0.3816053960242716,-0.8779193078215382,Rl,0.11148614039500042,0.34070357036937177,Inside,Nridght,Norm,Norm,1fam,1story,0.7855007178579084,-0.5526946526296532,1.092219784570283,0.9383932761003505,Gable,Compshg,Vinylsd,Vinylsd,0.5061949719904343,Ta,Pconc,Glq,-1.042810066459364,Unf,-0.2871575004618263,2.2362286099956674,1.4899982894991504,Ex,Sbrkr,1.3495415649733205,-0.8058476456345897,-0.11183896233236511,0.21654384865421933,0.20923762540902602,0.45511711201748645,Typ,Attchd,1.0683092166301575,0.4033288092841152,0.3868189188393295,Ta,Ta,-0.7459116674968221,-0.7172050643637078,-0.37071052595830367,-0.10217939216911985,-0.2698934816491846,-0.07638622508638289,-1.2237243411562944,1.6470659127556586,Wd,Normal,214000.0
568,-0.3792404003461592,-0.17532870544411872,Rl,0.5949271653924424,1.0250447380892584,Inside,Sawyerw,Norm,Norm,1fam,1.5fin,1.5859514890295279,2.168426529857338,0.3997509528002229,1.182055448705619,Gable,Compshg,Wdsdng,Wdsdng,-0.5718951461336651,Ta,Cblock,Glq,2.595583337142672,Unf,-0.2871575004618263,-1.2222996815365217,1.4257286448620379,Ex,Sbrkr,1.226430534813429,0.7438382153128991,-0.11183896233236511,1.6213211143352206,-2.3885435209735695,-0.9323692199931181,Min2,Builtin,0.19741548782933918,0.4033288092841152,0.7872437112173398,Gd,Ta,2.216576496056605,-0.05480878189385744,-0.37071052595830367,-0.10217939216911985,-0.2698934816491846,-0.07638622508638289,0.9868929667900576,0.8927965977552895,Wd,Normal,316600.0
569,-0.37687540466804675,0.7614587643924405,Rl,0.057770470950840196,-0.6556540017422816,Corner,Names,Norm,Norm,Duplex,Sfoyer,-0.8154008244853307,-0.5526946526296532,0.2678521277011638,-0.27991758692599217,Gable,Compshg,Metalsd,Metalsd,-0.5718951461336651,Ta,Cblock,Glq,1.3364312071956157,Unf,-0.2871575004618263,-1.3525867062175287,-0.26670533058192003,Ta,Sbrkr,-0.5192207389922109,-0.8058476456345897,-0.11183896233236511,-1.1764681132941102,-1.0896529477822716,-1.6261123859984203,Typ,Detchd,0.031530968057754745,0.4033288092841152,0.7271799923606382,Ta,Ta,-0.3893944672984154,-0.7172050643637078,-0.37071052595830367,-0.10217939216911985,-0.2698934816491846,-0.07638622508638289,2.0922016207632335,-1.370011347245818,Wd,Normal,135960.0
570,-0.3745104089899343,0.7614587643924405,Rl,0.3263488181716413,1.270721947651036,Inside,Names,Norm,Norm,Duplex,1story,-0.8154008244853307,-0.5526946526296532,-0.1937937601455429,-0.962171670220744,Gable,Compshg,Hdboard,Hdboard,0.1211627869461131,Ta,Cblock,Lwq,-0.4638023601182478,Unf,-0.2871575004618263,2.193589220100065,2.1357551951387075,Ta,Sbrkr,1.9587833296107318,-0.8058476456345897,-0.11183896233236511,0.6706845727353471,4.105909344982919,2.536346610033393,Typ,Detchd,0.3633000076009236,0.4033288092841152,0.6070525546472352,Ta,Ta,-0.7459116674968221,-0.7172050643637078,-0.37071052595830367,-0.10217939216911985,-0.2698934816491846,-0.07638622508638289,1.723765402772175,0.1385272827549204,Wd,Normal,142600.0
571,-0.3721454133118219,-0.8779193078215382,Rl,-0.42567055404660176,-0.5604302771059337,Inside,Names,Norm,Norm,1fam,1story,-0.014950053313711128,0.35434574153267734,-0.3916419977941315,-1.2545662773470663,Gable,Compshg,Wdshing,Wdshng,0.7564658922692431,Ta,Cblock,Blq,-0.00110187863167901,Unf,-0.2871575004618263,-0.28660195882747064,-0.5084816127881998,Ex,Sbrkr,-0.7685994923930166,-0.8058476456345897,-0.11183896233236511,-1.3623599122703232,-1.0896529477822716,-1.6261123859984203,Typ,Attchd,-0.7978916308001675,-0.9824399605824299,-0.8344766979136019,Ta,Ta,0.6801571332968046,-0.7172050643637078,-0.37071052595830367,-0.10217939216911985,-0.2698934816491846,-0.07638622508638289,1.3553291847811162,-1.370011347245818,Wd,Abnorml,120000.0
572,-0.36978041763370945,0.05886816201502109,Rl,0.8097898431690833,1.2891318677473966,Corner,Timber,Norm,Norm,1fam,2story,0.7855007178579084,-0.5526946526296532,1.2570933159441067,1.182055448705619,Gable,Compshg,Vinylsd,Vinylsd,-0.5718951461336651,Ta,Pconc,Unf,-1.0478669023226053,Unf,-0.2871575004618263,0.6514646188757807,-0.5635698796200104,Gd,Sbrkr,-0.825419967851428,1.2555269429842397,-0.11183896233236511,0.5859743858601107,0.20923762540902602,-0.23862605398781578,Typ,Attchd,1.275664866344638,0.4033288092841152,0.9774454875968946,Ta,Ta,1.0196973239619538,1.1706243406753658,-0.37071052595830367,-0.10217939216911985,-0.2698934816491846,-0.07638622508638289,0.2500205308079403,0.8927965977552895,New,Partial,224500.0
573,-0.367415421955597,0.5272618969333007,Rl,0.4337801570599617,0.2759514376166552,Inside,Gilbert,Norm,Norm,1fam,Slvl,0.7855007178579084,-0.5526946526296532,0.9603209594712239,0.7434635380161356,Gable,Compshg,Vinylsd,Vinylsd,-0.5718951461336651,Ta,Pconc,Unf,-1.0478669023226053,Unf,-0.2871575004618263,-0.44294638844467915,-1.9775020616364816,Ex,Sbrkr,-1.0527018696850736,0.792570475091122,-0.11183896233236511,-0.030527529731886424,0.20923762540902602,1.1488602780227886,Typ,Builtin,0.9024246968585731,0.4033288092841152,-0.2738819885843875,Ta,Ta,0.10293880916605094,-0.7172050643637078,-0.37071052595830367,-0.10217939216911985,-0.2698934816491846,-0.07638622508638289,2.0922016207632335,-0.6157420322454488,Wd,Normal,170000.0
574,-0.3650504262774846,0.5272618969333007,Rl,0.11148614039500042,0.4451322550539,Fr2,Names,Norm,Norm,1fam,Slvl,-0.8154008244853307,1.2613861356950078,0.004054477503045694,0.9871257106214042,Gambrel,Compshg,Metalsd,Asphshn,-0.04568449323975943,Ta,Cblock,Alq,-0.16544904418701767,Unf,-0.2871575004618263,-1.2981030413509258,-2.0142275728576884,Ta,Sbrkr,-1.6777270997275993,0.49286707745505104,-0.11183896233236511,-0.7858600293694097,0.20923762540902602,-0.9323692199931181,Typ,Builtin,-0.30023807148541415,-0.9824399605824299,-0.8344766979136019,Ta,Ta,-0.4488140006648165,-0.7172050643637078,-0.37071052595830367,-0.10217939216911985,-0.2698934816491846,-0.07638622508638289,2.0922016207632335,-0.6157420322454488,Wd,Normal,139000.0
575,-0.36268543059937214,-0.17532870544411872,Rl,0.6486428348366026,-0.1960408241641758,Inside,Names,Norm,Norm,1fam,1.5fin,-0.8154008244853307,-0.5526946526296532,-0.7873384730913087,-1.6931581880365496,Gable,Compshg,Metalsd,Metalsd,-0.5718951461336651,Ta,Cblock,Rec,0.06969382345369764,Unf,-0.2871575004618263,-0.4287332584794784,-0.6064163093780852,Ta,Sbrkr,-0.869613670985748,0.12981174210729032,-0.11183896233236511,-0.5340825294902353,-1.0896529477822716,-0.23862605398781578,Typ,Detchd,-1.2955451901149209,-0.9824399605824299,-0.5942218224867958,Ta,Ta,0.5952720856305174,-0.7172050643637078,1.3376443238186058,-0.10217939216911985,-0.2698934816491846,-0.07638622508638289,1.3553291847811162,0.1385272827549204,Cod,Abnorml,118500.0
576,-0.3603204349212597,-0.17532870544411872,Rl,-0.8553959095998835,-0.8905391891786063,Inside,Swisu,Norm,Norm,1fam,1.5fin,0.7855007178579084,1.2613861356950078,-1.4138578923118392,-1.6931581880365496,Gable,Compshg,Wdsdng,Wdsdng,-0.5718951461336651,Ta,Brktil,Unf,-1.0478669023226053,Unf,-0.2871575004618263,0.6869974437887826,-0.5176629905935015,Gd,Sbrkr,-0.7275624823397194,0.6561201477120978,-0.11183896233236511,0.08006632535522758,0.20923762540902602,-0.23862605398781578,Typ,Detchd,-2.083496659029947,-0.9824399605824299,-1.194859011053811,Ta,Ta,-0.7459116674968221,0.11079028872360513,-0.37071052595830367,-0.10217939216911985,-0.2698934816491846,-0.07638622508638289,0.6184567487989989,0.8927965977552895,Wd,Normal,145000.0
577,-0.35795543924314727,0.5272618969333007,Rl,1.5080935459431661,0.8504679095892874,Inside,Sawyer,Norm,Norm,1fam,Slvl,-0.8154008244853307,0.35434574153267734,-0.16081905387077813,-0.9134392356996903,Gable,Compshg,Vinylsd,Vinylsd,0.05057355302132087,Ta,Cblock,Lwq,-0.21854582075105017,Alq,3.2507690123712147,-0.6774630328704919,0.4096561677419764,Ex,Sbrkr,0.6708525525534061,-0.8058476456345897,-0.11183896233236511,-0.28936421185066385,0.20923762540902602,-0.23862605398781578,Typ,Attchd,-0.5075937211998947,0.4033288092841152,0.5469888357905336,Ta,Ta,0.6122490951637748,0.4088686158350378,3.648947944105013,-0.10217939216911985,-0.2698934816491846,-0.07638622508638289,-0.48685190517417704,-1.370011347245818,Wd,Abnorml,164500.0
578,-0.35559044356503483,2.4008368366064192,Fv,-1.8222779595947676,-1.7437437619202834,Corner,Somerst,Norm,Norm,Twnhse,2story,0.7855007178579084,-0.5526946526296532,1.1911439033945772,1.0845905796635116,Gable,Compshg,Vinylsd,Vinylsd,-0.5718951461336651,Ta,Pconc,Unf,-1.0478669023226053,Unf,-0.2871575004618263,0.2795543847863603,-1.044061984764136,Ex,Sbrkr,-1.2768270784376965,0.8729787037251897,-0.11183896233236511,-0.11994383810019137,-1.0896529477822716,-0.9323692199931181,Typ,Detchd,1.1927226064588459,0.4033288092841152,0.4268613980771305,Ta,Ta,-0.7459116674968221,0.9719054559344106,-0.37071052595830367,-0.10217939216911985,-0.2698934816491846,-0.07638622508638289,-1.592160559147353,0.1385272827549204,Wd,Abnorml,146000.0
579,-0.3532254478869224,-0.17532870544411872,Rm,0.7023585042807629,0.9688627405538133,Inside,Oldtown,Norm,Norm,1fam,1.5fin,-0.8154008244853307,-0.5526946526296532,-0.5565155291679553,-1.4982284499523348,Gable,Compshg,Metalsd,Metalsd,1.5778678870304614,Ta,Brktil,Unf,-1.0478669023226053,Unf,-0.2871575004618263,1.134711037692607,0.06076381114050944,Ex,Fusef,-0.18145457932276518,1.009429031104214,-0.11183896233236511,0.8283396427531479,1.5081281986003237,0.45511711201748645,Typ,Attchd,-1.005247280514648,-0.9824399605824299,-0.5141368640111936,Fa,Ta,-0.7459116674968221,-0.7172050643637078,-0.37071052595830367,-0.10217939216911985,-0.2698934816491846,-0.07638622508638289,1.723765402772175,0.1385272827549204,Wd,Normal,131500.0
580,-0.35086045220880996,-0.8779193078215382,Rl,0.057770470950840196,1.7417619721855035,Culdsac,Names,Norm,Norm,1fam,1story,-0.014950053313711128,0.35434574153267734,-0.3586672915193667,0.1099418892424375,Gable,Compshg,Wdsdng,Wdsdng,-0.026432883987543367,Ta,Cblock,Blq,0.45401334906002805,Rec,1.1190238177059342,-0.568495703137286,0.34844698237329796,Ex,Sbrkr,1.0149320983848975,-0.8058476456345897,-0.11183896233236511,-0.03288059047842076,0.20923762540902602,0.45511711201748645,Typ,Attchd,-0.7564205008572713,0.4033288092841152,0.5870313150283346,Ta,Ta,1.0876053620949837,1.1043847124283808,-0.37071052595830367,-0.10217939216911985,-0.2698934816491846,-0.07638622508638289,-0.11841568718311837,-0.6157420322454488,Wd,Normal,181900.0
581,-0.3484954565306975,-0.8779193078215382,Rl,1.6155248848314865,1.1447092187156025,Inside,Nridght,Norm,Norm,1fam,1story,1.5859514890295279,-0.5526946526296532,1.224118609669342,1.182055448705619,Hip,Compshg,Vinylsd,Vinylsd,1.391768997592373,Ta,Pconc,Unf,-1.0478669023226053,Unf,-0.2871575004618263,3.4846151919391355,3.0967394054269586,Ex,Sbrkr,2.949984957051909,-0.8058476456345897,-0.11183896233236511,1.40954564714713,0.20923762540902602,1.1488602780227886,Typ,Attchd,1.275664866344638,1.7890975791506603,4.68137481709349,Ta,Ta,-0.7459116674968221,0.7731865711934555,-0.37071052595830367,-0.10217939216911985,-0.2698934816491846,-0.07638622508638289,0.6184567487989989,0.8927965977552895,New,Partial,253293.0
582,-0.3461304608525851,0.7614587643924405,Rl,0.7023585042807629,0.870782304178375,Inside,Edwards,Norm,Norm,Duplex,Sfoyer,-0.014950053313711128,-0.5526946526296532,0.6305738967235762,0.2561391928055986,Gable,Compshg,Hdboard,Hdboard,0.09549397460982502,Gd,Cblock,Glq,1.0153221298798,Unf,-0.2871575004618263,-1.3525867062175287,-0.655383657673028,Ta,Sbrkr,-0.9201207602821138,-0.8058476456345897,-0.11183896233236511,-1.4753068281039714,0.20923762540902602,-0.9323692199931181,Typ,Attchd,0.07300209800065086,-2.368208730448975,-2.2760059504744388,Ta,Ta,-0.7459116674968221,-0.1872880383878275,-0.37071052595830367,-0.10217939216911985,-0.2698934816491846,-0.07638622508638289,-0.48685190517417704,-0.6157420322454488,Wd,Normal,118500.0
584,-0.3414004694963602,-0.17532870544411872,Rm,-0.9091115790440437,-0.9451341246367791,Inside,Brkside,Norm,Norm,1fam,1.5fin,-1.6158515956569501,1.2613861356950078,-1.1830349483884859,0.49980136541086717,Gable,Compshg,Asbshng,Asbshng,-0.5718951461336651,Ta,Brktil,Unf,-1.0478669023226053,Unf,-0.2871575004618263,0.7414811086553855,-0.44727242741952133,Ex,Sbrkr,-0.3740128572651595,0.6171343398895195,-0.11183896233236511,0.30596015702252427,0.20923762540902602,-0.23862605398781578,Typ,Detchd,-1.7931987494296742,-0.9824399605824299,-1.0747315733404081,Ta,Ta,-0.7459116674968221,-0.7172050643637078,0.5337126298059426,-0.10217939216911985,2.0357893366502204,-0.07638622508638289,0.2500205308079403,0.8927965977552895,Wd,Normal,133000.0
586,-0.33667047814013534,-0.6437224403623983,Rl,-0.6942489012674029,0.37117516225300307,Inside,Brkside,Rran,Norm,1fam,1story,-0.014950053313711128,1.2613861356950078,-1.7436049550594868,0.7434635380161356,Gable,Compshg,Stucco,Wdshng,-0.5718951461336651,Gd,Brktil,Rec,-0.5168991366822804,Alq,3.6039195717284147,-1.3525867062175287,-0.655383657673028,Ex,Sbrkr,-0.8506735124996109,-0.8058476456345897,-0.11183896233236511,-1.423539491680216,-1.0896529477822716,-0.9323692199931181,Typ,Detchd,-0.7149493709143753,-0.9824399605824299,-0.8995457266750285,Ta,Ta,-0.7459116674968221,-0.7172050643637078,1.5051300934045773,-0.10217939216911985,-0.2698934816491846,-0.07638622508638289,-0.48685190517417704,0.1385272827549204,Wd,Normal,130000.0
587,-0.3343054824620229,0.6443603306628706,Rl,0.3263488181716413,-0.11351359614600763,Inside,Sawyer,Norm,Norm,1fam,Sfoyer,-0.8154008244853307,0.35434574153267734,0.3667762465254581,-0.13372028336283104,Hip,Compshg,Hdboard,Hdboard,-0.5718951461336651,Ta,Cblock,Alq,0.6512299477264344,Unf,-0.2871575004618263,-0.9546190671919071,-0.5819326352306139,Ta,Sbrkr,-0.781226264717108,-0.8058476456345897,-0.11183896233236511,-1.3717721552564606,-1.0896529477822716,-1.6261123859984203,Typ,Detchd,0.7365401770869886,0.4033288092841152,0.366797679220429,Ta,Ta,-0.7459116674968221,-0.7172050643637078,-0.37071052595830367,-0.10217939216911985,-0.2698934816491846,-0.07638622508638289,0.2500205308079403,0.8927965977552895,Wd,Normal,137000.0
589,-0.32957549110579804,-0.40952557290325853,Rm,-0.962827248488204,0.0007548734176098254,Inside,Brkside,Rran,Feedr,1fam,1story,-0.8154008244853307,0.35434574153267734,-1.3479084797623098,-1.2058338428260125,Gable,Compshg,Vinylsd,Vinylsd,-0.5718951461336651,Ta,Brktil,Unf,-1.0478669023226053,Unf,-0.2871575004618263,0.4051036994789672,-0.881857643537138,Ta,Fusea,-1.0369184042799595,-0.8058476456345897,3.548444856303702,-1.195292599266385,-1.0896529477822716,-1.6261123859984203,Typ,Detchd,0.4047711375438197,-0.9824399605824299,-0.7343704998190993,Ta,Ta,-0.7459116674968221,-0.7172050643637078,-0.37071052595830367,-0.10217939216911985,-0.2698934816491846,1.2299259819405268,0.6184567487989989,0.1385272827549204,Wd,Normal,79500.0
590,-0.32721049542768554,0.05886816201502109,Rl,-0.2108078762699609,-0.24682681063689468,Inside,Collgcr,Norm,Norm,1fam,2story,0.7855007178579084,-0.5526946526296532,1.092219784570283,0.9383932761003505,Gable,Compshg,Vinylsd,Vinylsd,-0.5718951461336651,Ta,Pconc,Glq,0.1910578841714862,Unf,-0.2871575004618263,-0.6893073078414926,-0.7961647840209882,Ex,Sbrkr,-1.0653286420091652,1.1726821013612607,-0.11183896233236511,0.32713770374133333,0.20923762540902602,-0.23862605398781578,Typ,Attchd,1.0683092166301575,0.4033288092841152,0.3267551999826279,Ta,Ta,-0.7459116674968221,0.027990753414873847,-0.37071052595830367,-0.10217939216911985,-0.2698934816491846,-0.07638622508638289,0.9868929667900576,0.1385272827549204,Wd,Normal,185900.0
592,-0.32248050407146067,-0.8779193078215382,Rl,-0.42567055404660176,-0.7927761652186225,Inside,Mitchel,Norm,Norm,1fam,1story,-0.8154008244853307,2.168426529857338,0.3667762465254581,0.8896608415792968,Gable,Compshg,Hdboard,Hdboard,-0.5718951461336651,Gd,Pconc,Glq,1.0153221298798,Unf,-0.2871575004618263,-1.3525867062175287,-0.655383657673028,Ex,Sbrkr,-0.9201207602821138,-0.8058476456345897,-0.11183896233236511,-1.4753068281039714,-1.0896529477822716,-1.6261123859984203,Typ,Detchd,0.2803577477151314,0.4033288092841152,1.808326931781266,Ta,Ta,-0.7459116674968221,-0.7172050643637078,-0.37071052595830367,-0.10217939216911985,-0.2698934816491846,-0.07638622508638289,-0.11841568718311837,0.1385272827549204,Wd,Normal,138000.0
593,-0.32011550839334824,1.46404936676986,Rm,0.057770470950840196,-1.4799740446775997,Inside,Collgcr,Norm,Norm,Twnhse,1story,-0.014950053313711128,-0.5526946526296532,1.059245078295518,0.8896608415792968,Gable,Compshg,Vinylsd,Vinylsd,0.5190293781585783,Ta,Pconc,Glq,0.6840993808375022,Unf,-0.2871575004618263,-0.9664633421629077,-0.5574489610831425,Ex,Sbrkr,-0.8191065816893823,-0.8058476456345897,-0.11183896233236511,-1.4000088842148726,-2.3885435209735695,-1.6261123859984203,Typ,Attchd,1.0268380866872613,0.4033288092841152,-0.17377579048988492,Ta,Ta,0.44247899983120015,-0.7172050643637078,-0.37071052595830367,-0.10217939216911985,-0.2698934816491846,-0.07638622508638289,-0.48685190517417704,0.8927965977552895,Wd,Normal,140000.0
594,-0.3177505127152358,-0.8779193078215382,Rl,1.0783681903898843,-0.3515729077368773,Inside,Collgcr,Norm,Norm,1fam,1story,-0.8154008244853307,0.35434574153267734,0.13595330260210475,-0.474847325010207,Hip,Compshg,Hdboard,Hdboard,-0.5718951461336651,Ta,Cblock,Unf,-1.0478669023226053,Unf,-0.2871575004618263,0.8362353084233907,-0.32485405668216455,Ta,Sbrkr,-0.5791979075316451,-0.8058476456345897,-0.11183896233236511,-1.2211762674782627,0.20923762540902602,-0.9323692199931181,Typ,Detchd,0.11447322794354696,-0.9824399605824299,-0.8745191771514029,Ta,Ta,-0.7459116674968221,-0.7172050643637078,-0.37071052595830367,-0.10217939216911985,-0.2698934816491846,-0.07638622508638289,-0.8552881231652357,0.1385272827549204,Wd,Normal,110000.0
595,-0.31538551703712336,-0.8779193078215382,Rl,0.057770470950840196,0.6996970122484033,Inside,Stonebr,Norm,Norm,1fam,1story,1.5859514890295279,-0.5526946526296532,1.1251944908450477,1.035858145142458,Gable,Compshg,Vinylsd,Other,0.9553991878754756,Ta,Pconc,Glq,2.5475433964418808,Unf,-0.2871575004618263,-0.4239955484910781,2.3989546922240246,Ex,Sbrkr,2.2681392515509717,-0.8058476456345897,-0.11183896233236511,0.9012845258957124,0.20923762540902602,0.45511711201748645,Typ,Attchd,1.1097803465730536,1.7890975791506603,1.5180189573072085,Ta,Ta,0.7820191904963494,0.5247879652672616,-0.37071052595830367,-0.10217939216911985,2.0357893366502204,-0.07638622508638289,0.6184567487989989,-1.370011347245818,New,Partial,319000.0
596,-0.31302052135901093,0.2930650294741609,Rm,-0.42567055404660176,-1.7450134115821014,Inside,Oldtown,Norm,Norm,1fam,2story,-0.014950053313711128,1.2613861356950078,-2.007402605257605,0.40233649636875973,Gable,Compshg,Vinylsd,Vinylsd,-0.5718951461336651,Ta,Cblock,Unf,-1.0478669023226053,Unf,-0.2871575004618263,0.26771010981535964,-1.0593642811063053,Ex,Fusea,-1.3368042469771309,0.860795638780634,-0.11183896233236511,-0.17641729601701553,0.20923762540902602,0.45511711201748645,Typ,Detchd,-2.000554399144155,-0.9824399605824299,-1.194859011053811,Ta,Fa,-0.7459116674968221,1.899260251392201,-0.37071052595830367,-0.10217939216911985,-0.2698934816491846,-0.07638622508638289,1.3553291847811162,-1.370011347245818,Wd,Normal,114504.0
597,-0.3106555256808985,1.46404936676986,Rl,-0.8016802401557234,-1.6428066138057547,Inside,Blmngtn,Norm,Norm,Twnhse,1story,0.7855007178579084,-0.5526946526296532,1.1581691971198125,1.0845905796635116,Gable,Compshg,Vinylsd,Vinylsd,-0.10985652408047963,Ta,Pconc,Unf,-1.0478669023226053,Unf,-0.2871575004618263,1.627432876486234,0.6973393389747649,Ex,Sbrkr,0.9297013851972804,-0.8058476456345897,-0.11183896233236511,-0.09641323063484795,-1.0896529477822716,0.45511711201748645,Typ,Attchd,1.1512514765159496,1.7890975791506603,0.9674348677874444,Ta,Ta,0.27270890449862556,-0.45224655137576764,-0.37071052595830367,-0.10217939216911985,-0.2698934816491846,-0.07638622508638289,-1.592160559147353,-0.6157420322454488,New,Partial,194201.0
598,-0.30829053000278606,-0.8779193078215382,Rl,0.6486428348366026,1.2335846950428604,Inside,Crawfor,Norm,Norm,1fam,1story,-0.8154008244853307,0.35434574153267734,0.20190271515163427,-0.37738245596809955,Gable,Compshg,Plywood,Plywood,2.373601069455392,Ta,Cblock,Alq,2.196093303946618,Lwq,0.656717630911054,-1.3525867062175287,1.2237383331453993,Ex,Sbrkr,1.7030911900478805,-0.8058476456345897,-0.11183896233236511,0.48008665226606545,0.20923762540902602,0.45511711201748645,Typ,Attchd,-0.05141129182803748,0.4033288092841152,0.832291500359866,Ta,Ta,-0.7459116674968221,-0.7172050643637078,-0.37071052595830367,-0.10217939216911985,-0.2698934816491846,-0.07638622508638289,-1.2237243411562944,-1.370011347245818,Wd,Normal,217500.0
599,-0.3059255343246736,2.4008368366064192,Rm,-2.3594346540363698,-2.2687438970820146,Inside,Blueste,Norm,Norm,Twnhs,2story,-0.014950053313711128,0.35434574153267734,0.3008268339759286,-0.23118515240493845,Gable,Compshg,Metalsd,Metalsd,-0.5718951461336651,Gd,Cblock,Lwq,-0.843065049861337,Glq,3.642445087294655,-1.2981030413509258,-0.96142958451642,Ta,Sbrkr,-1.2357900683843994,1.2409072650507729,-0.11183896233236511,0.2659581243314405,0.20923762540902602,-0.23862605398781578,Typ,Attchd,0.07300209800065086,0.4033288092841152,-0.013605873538680806,Ta,Ta,0.6207375999304034,-0.7172050643637078,-0.37071052595830367,-0.10217939216911985,-0.2698934816491846,-0.07638622508638289,0.2500205308079403,0.1385272827549204,Cod,Normal,151000.0
600,-0.3035605386465612,0.05886816201502109,Rl,0.3263488181716413,0.5806673564529684,Inside,Nridght,Norm,Norm,1fam,2story,1.5859514890295279,-0.5526946526296532,1.1251944908450477,0.9871257106214042,Gable,Compshg,Vinylsd,Vinylsd,1.2249217174065004,Ta,Pconc,Glq,0.3326492883422395,Unf,-0.2871575004618263,-0.13973294918706258,0.0852474852879808,Ex,Sbrkr,-0.15620103467458232,1.2555269429842397,-0.11183896233236511,1.084823264125391,0.20923762540902602,1.1488602780227886,Typ,Builtin,1.0268380866872613,0.4033288092841152,1.4079021394032558,Ta,Ta,0.7735306857297206,0.27638935934106773,-0.37071052595830367,-0.10217939216911985,-0.2698934816491846,-0.07638622508638289,-0.11841568718311837,-1.370011347245818,Wd,Normal,275000.0
601,-0.30119554296844875,-0.17532870544411872,Rm,-0.962827248488204,-0.03098636812783947,Inside,Idotrr,Norm,Norm,1fam,1.5fin,-0.014950053313711128,0.35434574153267734,-1.1170855358389562,-1.6931581880365496,Gable,Compshg,Wdsdng,Wdsdng,-0.5718951461336651,Gd,Pconc,Unf,-1.0478669023226053,Unf,-0.2871575004618263,0.4951201892585721,-0.7655601913366491,Ta,Sbrkr,-1.0337617111989366,0.643937082767542,-0.11183896233236511,-0.15994587079127515,0.20923762540902602,-0.23862605398781578,Typ,Detchd,0.031530968057754745,-0.9824399605824299,0.44688263769603104,Ta,Ta,-0.7459116674968221,1.965499879639186,-0.37071052595830367,-0.10217939216911985,2.1510734775651907,-0.07638622508638289,2.0922016207632335,-0.6157420322454488,Wd,Normal,141000.0
602,-0.2988305472903363,0.05886816201502109,Rl,0.6486428348366026,0.2994399563602877,Inside,Sawyerw,Norm,Norm,1fam,2story,1.5859514890295279,-0.5526946526296532,0.6965233092731058,0.35360406184770604,Gable,Compshg,Hdboard,Hdboard,-0.5718951461336651,Ta,Pconc,Glq,0.947054845726044,Unf,-0.2871575004618263,-1.0706929619077135,-0.37382140497710725,Ex,Sbrkr,-0.5697278282885766,1.6015259874096224,-0.11183896233236511,1.1107069323372687,0.20923762540902602,1.1488602780227886,Typ,Attchd,0.5706556573154041,0.4033288092841152,0.25668086131647616,Ta,Ta,0.27270890449862556,1.7667809948982311,-0.37071052595830367,-0.10217939216911985,-0.2698934816491846,-0.07638622508638289,-1.592160559147353,-1.370011347245818,Wd,Abnorml,220000.0
603,-0.2964655516122239,2.4008368366064192,Fv,-2.0371406373714085,-1.8776918012420794,Inside,Somerst,Norm,Norm,Twnhse,2story,0.7855007178579084,-0.5526946526296532,1.092219784570283,0.9871257106214042,Gable,Compshg,Metalsd,Metalsd,-0.5718951461336651,Ta,Pconc,Unf,-1.0478669023226053,Unf,-0.2871575004618263,0.06872629030254879,-1.3164428596547548,Ex,Sbrkr,-1.6019664657830508,0.6561201477120978,-0.11183896233236511,-0.5717315014347848,-1.0896529477822716,-1.6261123859984203,Typ,Detchd,1.0683092166301575,0.4033288092841152,0.1265428037936228,Ta,Ta,-0.7459116674968221,2.1310989502566486,-0.37071052595830367,-0.10217939216911985,-0.2698934816491846,-0.07638622508638289,-0.11841568718311837,1.6470659127556586,Wd,Normal,151000.0
604,-0.29410055593411144,-0.8779193078215382,Rl,1.0783681903898843,1.1761330478455971,Inside,Collgcr,Norm,Norm,1fam,1story,0.7855007178579084,-0.5526946526296532,1.0262703720207533,0.8409284070582431,Gable,Compshg,Vinylsd,Vinylsd,0.06340795918946492,Ta,Pconc,Glq,1.283334430631583,Unf,-0.2871575004618263,0.0023983504649451684,1.41960772632517,Ex,Sbrkr,1.2201171486513833,-0.8058476456345897,-0.11183896233236511,0.12006835804631137,0.20923762540902602,-0.23862605398781578,Typ,Attchd,0.9853669567443653,0.4033288092841152,0.3768082990298792,Ta,Ta,0.8838812476958942,-0.12104841014084247,-0.37071052595830367,-0.10217939216911985,-0.2698934816491846,-0.07638622508638289,0.9868929667900576,0.1385272827549204,Wd,Normal,221000.0
605,-0.291735560255999,0.05886816201502109,Rl,0.9172211820574037,1.429110742962828,Inside,Names,Norm,Norm,1fam,2story,0.7855007178579084,0.35434574153267734,-0.1937937601455429,0.2561391928055986,Gable,Compshg,Hdboard,Hdboard,0.5575325966630105,Ta,Cblock,Blq,0.10003483863314477,Unf,-0.2871575004618263,-0.6087662380386882,-0.8022857025578561,Ta,Sbrkr,0.24785567969634337,1.143442745494327,-0.11183896233236511,1.2777742453412069,0.20923762540902602,0.45511711201748645,Typ,Attchd,-0.5490648511427908,0.4033288092841152,0.15657466322197358,Ta,Ta,-0.7459116674968221,-0.021688967770364925,-0.37071052595830367,-0.10217939216911985,3.361556957172379,-0.07638622508638289,1.3553291847811162,0.8927965977552895,Wd,Normal,205000.0
606,-0.28937056457788657,-0.8779193078215382,Rl,0.756074173724923,1.068530239006524,Corner,Collgcr,Norm,Norm,1fam,1story,-0.8154008244853307,-0.5526946526296532,0.8284221343721648,0.5485337999319209,Gable,Compshg,Vinylsd,Vinylsd,-0.5718951461336651,Gd,Pconc,Glq,0.8029350236236701,Unf,-0.2871575004618263,-0.622979368003889,0.030159218456170235,Gd,Sbrkr,-0.21302151013299375,-0.8058476456345897,-0.11183896233236511,-0.9482212208802793,0.20923762540902602,-0.23862605398781578,Typ,Detchd,0.9024246968585731,0.4033288092841152,0.6070525546472352,Ta,Ta,0.6801571332968046,-0.7172050643637078,-0.37071052595830367,-0.10217939216911985,-0.2698934816491846,-0.07638622508638289,1.723765402772175,0.8927965977552895,Wd,Normal,152000.0
607,-0.28700556889977413,-0.8779193078215382,Rl,0.5412114959482822,-0.411881266673231,Inside,Edwards,Norm,Norm,1fam,2story,-0.8154008244853307,2.168426529857338,-0.7543637668165439,0.8409284070582431,Gable,Compshg,Metalsd,Metalsd,-0.5718951461336651,Gd,Cblock,Glq,0.4767691104446134,Unf,-0.2871575004618263,-0.6585121929168909,-0.4105469161983143,Ex,Sbrkr,0.014260391700651945,1.377357592429797,-0.11183896233236511,1.3295415817649623,0.20923762540902602,1.1488602780227886,Typ,Attchd,-1.2540740601720246,-0.9824399605824299,-1.1247846723876593,Ta,Ta,0.12840432346593714,-0.7172050643637078,-0.37071052595830367,-0.10217939216911985,-0.2698934816491846,-0.07638622508638289,0.6184567487989989,-1.370011347245818,Wd,Normal,225000.0
609,-0.28227557754354926,-0.8779193078215382,Rl,-0.3719548846024416,-0.3664912912632385,Inside,Sawyer,Feedr,Norm,1fam,1story,-1.6158515956569501,-0.5526946526296532,-0.32569258524460193,-1.157101408304959,Gable,Compshg,Vinylsd,Vinylsd,0.6602078460081627,Fa,Cblock,Rec,1.2352944899307918,Unf,-0.2871575004618263,-1.0541109769483126,-0.003505833496602891,Gd,Sbrkr,-0.24774513402424517,-0.8058476456345897,-0.11183896233236511,-0.974104889092157,0.20923762540902602,-0.9323692199931181,Typ,Attchd,-0.7149493709143753,-0.9824399605824299,-0.9696200653411804,Ta,Ta,-0.20264736243258336,-0.7172050643637078,0.2824839754269853,-0.10217939216911985,-0.2698934816491846,-0.07638622508638289,-0.8552881231652357,-0.6157420322454488,Wd,Normal,118500.0
610,-0.2799105818654368,0.05886816201502109,Rl,0.057770470950840196,0.6197090835538711,Inside,Collgcr,Posn,Norm,1fam,2story,2.386402260201147,-0.5526946526296532,0.9603209594712239,0.7434635380161356,Hip,Compshg,Vinylsd,Vinylsd,0.737214283017027,Ta,Pconc,Glq,1.2378229078624123,Unf,-0.2871575004618263,-0.0828804293262595,1.2543429258297385,Ex,Sbrkr,1.163296673192972,0.843739347858256,-0.11183896233236511,1.6707353900124418,0.20923762540902602,1.1488602780227886,Typ,Attchd,0.9024246968585731,1.7890975791506603,1.4079021394032558,Ta,Ta,1.4016800384602468,1.634301738404261,-0.37071052595830367,-0.10217939216911985,-0.2698934816491846,-0.07638622508638289,-0.48685190517417704,0.8927965977552895,Wd,Normal,313000.0
611,-0.2775455861873244,0.5272618969333007,Rl,0.057770470950840196,0.4118039514311782,Fr2,Nwames,Norm,Norm,1fam,Slvl,-0.014950053313711128,0.35434574153267734,0.23487742142639906,-0.32865002144704586,Gable,Compshg,Hdboard,Hdboard,0.9233131724551155,Ta,Cblock,Alq,0.4818259463078546,Unf,-0.2871575004618263,-0.3410856236940736,0.0056755443086988705,Ta,Sbrkr,-0.2382750547811766,-0.8058476456345897,-0.11183896233236511,-0.967045706852554,0.20923762540902602,-0.23862605398781578,Typ,Attchd,-0.009940161885141366,0.4033288092841152,0.5469888357905336,Ta,Ta,-0.7459116674968221,-0.7172050643637078,-0.37071052595830367,-0.10217939216911985,-0.2698934816491846,1.0122072807693752,0.2500205308079403,-0.6157420322454488,Wd,Normal,148000.0
612,-0.27518059050921195,0.05886816201502109,Rl,0.057770470950840196,0.8847484504583727,Inside,Collgcr,Norm,Norm,1fam,2story,1.5859514890295279,-0.5526946526296532,0.9932956657459886,0.7921959725371894,Gable,Compshg,Vinylsd,Vinylsd,0.1211627869461131,Ta,Pconc,Glq,1.4552668499817838,Unf,-0.2871575004618263,-0.6206105130096888,0.8228181689805556,Ex,Sbrkr,0.6045619978519262,0.5903315970114968,-0.11183896233236511,1.0095253202362922,0.20923762540902602,0.45511711201748645,Typ,Builtin,0.9438958268014691,0.4033288092841152,0.38181360893460436,Ta,Ta,0.6122490951637748,1.3031035971693359,-0.37071052595830367,-0.10217939216911985,-0.2698934816491846,-0.07638622508638289,1.723765402772175,0.8927965977552895,Wd,Normal,261500.0
613,-0.27281559483109946,-0.8779193078215382,Rl,0.11148614039500042,-0.22079899256962626,Inside,Mitchel,Feedr,Norm,1fam,1story,-0.8154008244853307,-0.5526946526296532,1.1911439033945772,1.0845905796635116,Gable,Compshg,Vinylsd,Vinylsd,-0.5718951461336651,Ta,Pconc,Alq,-0.5270128084087627,Unf,-0.2871575004618263,0.8125467584813895,0.2749959599308839,Ex,Sbrkr,0.0395139363488348,-0.8058476456345897,-0.11183896233236511,-0.759976361157532,0.20923762540902602,-0.23862605398781578,Typ,Attchd,0.07300209800065086,-2.368208730448975,-2.2760059504744388,Ta,Ta,-0.7459116674968221,-0.22040785251132003,-0.37071052595830367,-0.10217939216911985,-0.2698934816491846,-0.07638622508638289,2.0922016207632335,-0.6157420322454488,New,Partial,147000.0
614,-0.270450599152987,2.8692305715246986,Rm,-2.5205816623688504,-2.414436195775627,Inside,Meadowv,Norm,Norm,Twnhse,Sfoyer,-1.6158515956569501,0.35434574153267734,0.03702918377781046,-0.6210446285733681,Gable,Compshg,Cemntbd,Cmentbd,-0.5718951461336651,Ta,Cblock,Lwq,-0.668604212579516,Glq,2.7948837448373745,-1.3525867062175287,-1.2246290816017371,Ex,Sbrkr,-1.507265673352365,-0.8058476456345897,-0.11183896233236511,-1.9129761269593588,-2.3885435209735695,-2.3198555520037223,Typ,Attchd,0.07300209800065086,-2.368208730448975,-2.2760059504744388,Ta,Ta,0.06898479009953602,-0.31976729488179756,-0.37071052595830367,-0.10217939216911985,-0.2698934816491846,-0.07638622508638289,-0.48685190517417704,1.6470659127556586,Wd,Normal,75500.0
615,-0.2680856034748746,0.6443603306628706,Rl,0.6486428348366026,-0.09446885121873806,Inside,Names,Feedr,Norm,1fam,Sfoyer,-0.014950053313711128,1.2613861356950078,-0.2597431726950724,-1.0596365392628515,Gable,Compshg,Metalsd,Metalsd,0.42918853498157006,Gd,Pconc,Glq,0.8813159795039085,Unf,-0.2871575004618263,-0.9427747922209064,-0.2881285454609575,Ex,Sbrkr,-0.16882780699867375,-0.8058476456345897,-0.11183896233236511,-0.9152783704287984,0.20923762540902602,-0.23862605398781578,Typ,Attchd,-0.632007111028583,0.4033288092841152,0.1265428037936228,Ta,Ta,0.27270890449862556,-0.7172050643637078,-0.37071052595830367,-0.10217939216911985,-0.2698934816491846,-0.07638622508638289,-0.48685190517417704,1.6470659127556586,Wd,Abnorml,137500.0
616,-0.26572060779676215,0.05886816201502109,Rl,0.057770470950840196,-0.39251910933050693,Inside,Gilbert,Norm,Norm,1fam,2story,-0.014950053313711128,-0.5526946526296532,1.0262703720207533,0.8896608415792968,Gable,Compshg,Vinylsd,Vinylsd,-0.5718951461336651,Ta,Pconc,Glq,0.10762009242800656,Unf,-0.2871575004618263,-0.5803399781082866,-0.7563788135313473,Ex,Sbrkr,-0.9485309980113195,0.9046546725810346,-0.11183896233236511,0.15536426924432648,0.20923762540902602,0.45511711201748645,Typ,Attchd,0.9853669567443653,0.4033288092841152,-0.3089191579174634,Ta,Ta,0.10293880916605094,0.5247879652672616,-0.37071052595830367,-0.10217939216911985,-0.2698934816491846,-0.07638622508638289,-0.11841568718311837,-1.370011347245818,Wd,Normal,183200.0
617,-0.2633556121186497,-0.2924271391736886,Rl,-0.479386223490762,-0.5937585807286555,Corner,Names,Artery,Norm,1fam,1.5unf,-0.014950053313711128,0.35434574153267734,-0.5565155291679553,-1.4982284499523348,Gable,Compshg,Metalsd,Metalsd,-0.5718951461336651,Ta,Cblock,Unf,-1.0478669023226053,Unf,-0.2871575004618263,0.6183006489569788,-0.6064163093780852,Gd,Sbrkr,-0.869613670985748,-0.8058476456345897,-0.11183896233236511,-1.437657856159422,-1.0896529477822716,-1.6261123859984203,Typ,Detchd,-0.6734782409714791,0.4033288092841152,0.366797679220429,Ta,Ta,-0.7459116674968221,-0.7172050643637078,-0.37071052595830367,-0.10217939216911985,-0.2698934816491846,-0.07638622508638289,-0.11841568718311837,0.1385272827549204,Wd,Normal,105500.0
618,-0.2609906164405373,-0.8779193078215382,Rl,1.1857995292782049,0.8241226791065646,Inside,Nridght,Norm,Norm,1fam,1story,2.386402260201147,-0.5526946526296532,1.1911439033945772,1.0845905796635116,Hip,Compshg,Cemntbd,Cmentbd,2.328680647866888,Ta,Pconc,Glq,-0.9265028416048167,Unf,-0.2871575004618263,2.849762053493501,2.423438366371496,Ex,Sbrkr,2.2744526377130176,-0.8058476456345897,-0.11183896233236511,0.9059906473887811,0.20923762540902602,1.842603444028091,Typ,Attchd,1.1927226064588459,1.7890975791506603,1.5981039157828105,Ta,Ta,-0.7459116674968221,1.0712648983048882,-0.37071052595830367,-0.10217939216911985,4.725752624666193,-0.07638622508638289,0.2500205308079403,-0.6157420322454488,New,Partial,314813.0
619,-0.25862562076242485,0.05886816201502109,Rl,0.9172211820574037,0.9986995076065356,Inside,Timber,Norm,Norm,1fam,2story,1.5859514890295279,-0.5526946526296532,1.059245078295518,0.8896608415792968,Hip,Compshg,Vinylsd,Vinylsd,0.8783927508666114,Ta,Pconc,Glq,1.1543851161189327,Unf,-0.2871575004618263,0.09478369523875022,1.382882215103963,Ex,Sbrkr,1.182236831679109,1.094710485716104,-0.11183896233236511,1.927219011384685,1.5081281986003237,2.536346610033393,Typ,Attchd,1.0268380866872613,1.7890975791506603,1.4729711681646824,Ta,Ta,0.6801571332968046,-0.7172050643637078,-0.37071052595830367,-0.10217939216911985,-0.2698934816491846,-0.07638622508638289,0.6184567487989989,0.1385272827549204,Wd,Normal,305000.0
620,-0.2562606250843124,-0.6437224403623983,Rl,-1.231405595709005,-0.26968050454961817,Inside,Edwards,Norm,Norm,1fam,1story,-2.4163023668285697,-2.366775440954314,-1.875503780158546,-1.6931581880365496,Gable,Compshg,Stucco,Stucco,-0.5718951461336651,Ta,Brktil,Blq,-0.9442017671261609,Unf,-0.2871575004618263,0.5969809540091776,-0.5084816127881998,Ta,Fusef,-0.7685994923930166,-0.8058476456345897,-0.11183896233236511,-1.3623599122703232,-1.0896529477822716,-0.9323692199931181,Typ,Attchd,0.07300209800065086,-2.368208730448975,-2.2760059504744388,Ta,Ta,-0.7459116674968221,-0.7172050643637078,1.3041471699014116,-0.10217939216911985,-0.2698934816491846,-0.07638622508638289,0.9868929667900576,0.1385272827549204,Wd,Normal,67000.0
621,-0.2538956294062,0.05886816201502109,Rl,1.1857995292782049,0.5403559796902478,Inside,Nwames,Norm,Norm,1fam,2story,-0.014950053313711128,1.2613861356950078,0.10297859632734,0.5972662344529746,Gable,Compshg,Hdboard,Hdboard,-0.5718951461336651,Ta,Cblock,Alq,1.3693006403066834,Rec,0.8814498050474541,-0.44294638844467915,1.5053005858413198,Ta,Sbrkr,1.3905785750266175,1.7915818005446917,-0.11183896233236511,2.7554963941647728,1.5081281986003237,1.842603444028091,Typ,Attchd,-0.1758246816567258,0.4033288092841152,0.8473074300740413,Ta,Ta,-0.42334848636493033,3.306852351640633,-0.37071052595830367,-0.10217939216911985,-0.2698934816491846,-0.07638622508638289,-0.11841568718311837,0.1385272827549204,Wd,Normal,240000.0
622,-0.25153063372808754,-0.8779193078215382,Rl,0.16520180983916063,-0.6454968044477378,Inside,Sawyer,Norm,Norm,1fam,1story,-0.8154008244853307,0.35434574153267734,0.20190271515163427,-0.37738245596809955,Gable,Compshg,Plywood,Plywood,0.409936925729354,Ta,Cblock,Blq,0.36804713938492783,Unf,-0.2871575004618263,-0.3576676086534745,-0.15346833764986498,Ta,Sbrkr,-0.4024230949943652,-0.8058476456345897,-0.11183896233236511,-1.0894048656723396,0.20923762540902602,-0.23862605398781578,Typ,Detchd,0.32182887765802753,0.4033288092841152,0.1465640434125233,Ta,Ta,0.8838812476958942,-0.7172050643637078,-0.37071052595830367,-0.10217939216911985,-0.2698934816491846,-0.07638622508638289,0.2500205308079403,0.8927965977552895,Wd,Normal,135000.0
623,-0.2491656380499751,2.4008368366064192,Fv,0.057770470950840196,-2.2157360237011146,Inside,Somerst,Norm,Norm,Twnhse,2story,-0.014950053313711128,-0.5526946526296532,0.9603209594712239,0.7434635380161356,Gable,Compshg,Metalsd,Metalsd,2.720130035995281,Ta,Pconc,Glq,0.014068628958044558,Unf,-0.2871575004618263,-0.5566514281662853,-0.8390112137790632,Ex,Sbrkr,-1.109522345143485,1.0362317739822364,-0.11183896233236511,0.1624234514839295,-1.0896529477822716,-1.6261123859984203,Typ,Detchd,0.9024246968585731,0.4033288092841152,-0.07366959239538234,Ta,Ta,-0.7459116674968221,-0.1872880383878275,-0.37071052595830367,-0.10217939216911985,-0.2698934816491846,-0.07638622508638289,-0.11841568718311837,-0.6157420322454488,Wd,Normal,168500.0
624,-0.24680064237186267,0.05886816201502109,Rl,0.6486428348366026,0.41339101350845064,Inside,Nwames,Norm,Norm,1fam,2story,-0.014950053313711128,-0.5526946526296532,0.03702918377781046,-0.6210446285733681,Gable,Compshg,Vinylsd,Vinylsd,1.2762593420790767,Ta,Cblock,Rec,-0.4233476732123183,Unf,-0.2871575004618263,-0.2036920340304661,-0.9124622362214773,Gd,Sbrkr,-0.30140891640163375,1.0898372597382817,-0.11183896233236511,0.8165743390204762,1.5081281986003237,1.1488602780227886,Min2,Attchd,-0.258766941542518,0.4033288092841152,0.1465640434125233,Ta,Ta,0.51038703796423,-0.7172050643637078,-0.37071052595830367,-0.10217939216911985,2.554567970767587,-0.07638622508638289,1.723765402772175,-1.370011347245818,Wd,Normal,165150.0
625,-0.24443564669375023,-0.8779193078215382,Rl,1.0246525209457242,0.2864260473266535,Corner,Names,Norm,Norm,1fam,1story,-0.014950053313711128,0.35434574153267734,-0.2927178789698372,-1.108368973783905,Hip,Compshg,Wdsdng,Wdsdng,1.102994858809132,Ta,Cblock,Unf,-1.0478669023226053,Unf,-0.2871575004618263,1.2910554673098156,0.26275412285714816,Ta,Sbrkr,0.026887164024743372,-0.8058476456345897,-0.11183896233236511,-0.7693886041436694,0.20923762540902602,-0.9323692199931181,Typ,Attchd,-0.6734782409714791,0.4033288092841152,-0.07366959239538234,Ta,Ta,-0.7459116674968221,-0.7172050643637078,-0.37071052595830367,-0.10217939216911985,7.127505560394741,-0.07638622508638289,-1.592160559147353,1.6470659127556586,Wd,Normal,160000.0
626,-0.2420706510156378,-0.8779193078215382,Rl,0.057770470950840196,1.029805924321076,Inside,Names,Norm,Norm,1fam,1story,-0.8154008244853307,-0.5526946526296532,-0.3586672915193667,-0.32865002144704586,Hip,Compshg,Wdsdng,Wdsdng,-0.5718951461336651,Ta,Cblock,Unf,-1.0478669023226053,Unf,-0.2871575004618263,0.9641534781101977,-0.15958925618673284,Ta,Sbrkr,0.9928352468177376,-0.8058476456345897,-0.11183896233236511,-0.049352015704161145,0.20923762540902602,-0.23862605398781578,Min1,Attchd,-0.7564205008572713,-0.9824399605824299,-0.8444873177230522,Ta,Ta,-0.7459116674968221,-0.7172050643637078,0.23223824455119382,-0.10217939216911985,-0.2698934816491846,1.2299259819405268,0.6184567487989989,-0.6157420322454488,Wd,Normal,139900.0
627,-0.23970565533752536,0.5272618969333007,Rl,0.6486428348366026,0.1594610811448563,Inside,Names,Norm,Norm,1fam,Slvl,-0.014950053313711128,0.35434574153267734,-0.5235408228931906,-0.6210446285733681,Gable,Compshg,Asbshng,Asbshng,0.4805261596541462,Ta,Cblock,Blq,0.6562867835896756,Lwq,0.5604038419954539,-0.5234874582474836,0.385172493594505,Ex,Sbrkr,1.3021911687579775,-0.8058476456345897,-0.11183896233236511,0.1812479374562042,0.20923762540902602,0.45511711201748645,Typ,Basment,-0.9637761505717519,-0.9824399605824299,-0.4540731451544921,Ta,Ta,-0.7459116674968221,-0.7172050643637078,2.7947705192165584,-0.10217939216911985,-0.2698934816491846,-0.07638622508638289,-1.2237243411562944,1.6470659127556586,Wd,Normal,153000.0
628,-0.23734065965941292,0.05886816201502109,Rl,0.11148614039500042,0.7961903865465692,Inside,Names,Norm,Norm,1fam,2story,-0.8154008244853307,-0.5526946526296532,-0.061894935046483836,-0.7672419321365292,Gable,Compshg,Plywood,Plywood,0.6602078460081627,Ta,Pconc,Rec,0.5956047532307813,Unf,-0.2871575004618263,-0.4287332584794784,0.030159218456170235,Ta,Sbrkr,-0.21302151013299375,1.728229862833002,-0.11183896233236511,1.498961955515435,2.8070187717916215,1.842603444028091,Typ,Attchd,-0.38318033137120633,0.4033288092841152,0.24667024150702588,Ta,Ta,2.0977374293238027,-0.7172050643637078,-0.37071052595830367,-0.10217939216911985,-0.2698934816491846,-0.07638622508638289,0.9868929667900576,-0.6157420322454488,Wd,Family,135000.0
629,-0.2349756639813005,0.5272618969333007,Rl,0.756074173724923,-0.02463811981874961,Corner,Names,Feedr,Norm,1fam,Slvl,-0.014950053313711128,-0.5526946526296532,-0.22676846642030765,-1.0109041047417977,Gable,Wdshngl,Plywood,Wdsdng,1.090160452640988,Ta,Cblock,Glq,0.5298658870086459,Rec,1.8702713712476144,-0.6703564678878916,0.6667347462904257,Ta,Sbrkr,0.7655533449840919,-0.8058476456345897,-0.11183896233236511,-0.21877238945463368,0.20923762540902602,-0.23862605398781578,Typ,Attchd,-0.590535981085687,0.4033288092841152,0.3267551999826279,Ta,Ta,0.7480651714298344,-0.7172050643637078,-0.37071052595830367,-0.10217939216911985,-0.2698934816491846,-0.07638622508638289,-0.11841568718311837,0.1385272827549204,Wd,Normal,168500.0
630,-0.23261066830318802,0.2930650294741609,Rm,-0.962827248488204,-0.03098636812783947,Corner,Oldtown,Artery,Norm,1fam,2story,-0.8154008244853307,0.35434574153267734,-2.996643793500548,0.30487162732665235,Gable,Compshg,Vinylsd,Vinylsd,-0.5718951461336651,Ta,Brktil,Unf,-1.0478669023226053,Unf,-0.2871575004618263,0.15400507009375344,-1.2062663259911337,Ta,Fusea,-0.058343549162873765,0.8047535400356777,-0.11183896233236511,0.7224519091591025,0.20923762540902602,1.1488602780227886,Typ,Detchd,-1.7102564895438819,-0.9824399605824299,-1.0747315733404081,Fa,Po,-0.7459116674968221,-0.7172050643637078,4.536622522910662,-0.10217939216911985,-0.2698934816491846,-0.07638622508638289,-0.11841568718311837,-1.370011347245818,Wd,Abnorml,124000.0
631,-0.2302456726250756,1.46404936676986,Rl,-1.8222779595947676,-1.4307751202821533,Inside,Nridght,Norm,Norm,Twnhs,1story,1.5859514890295279,-0.5526946526296532,1.1581691971198125,1.035858145142458,Gable,Compshg,Vinylsd,Vinylsd,0.1211627869461131,Ta,Pconc,Glq,-0.987184871963711,Unf,-0.2871575004618263,2.271761434908669,1.6032352824312053,Ex,Sbrkr,1.4095187335127548,-0.8058476456345897,-0.11183896233236511,0.2612520028383718,-1.0896529477822716,-0.23862605398781578,Typ,Attchd,1.1512514765159496,0.4033288092841152,0.8623233597882167,Ta,Ta,0.5782950760972598,0.49166815114376905,-0.37071052595830367,-0.10217939216911985,-0.2698934816491846,-0.07638622508638289,0.6184567487989989,-0.6157420322454488,Wd,Normal,209500.0
632,-0.22788067694696315,-0.8779193078215382,Rl,0.9172211820574037,0.8895096366901901,Inside,Nwames,Norm,Norm,1fam,1story,0.7855007178579084,-0.5526946526296532,0.20190271515163427,-0.37738245596809955,Hip,Compshg,Plywood,Plywood,0.7693002984373871,Gd,Cblock,Alq,1.0304926374695236,Unf,-0.2871575004618263,-0.016552489488655866,1.0890781253343067,Ta,Sbrkr,0.9581116229264862,-0.8058476456345897,-0.11183896233236511,-0.0752356839160389,0.20923762540902602,-0.23862605398781578,Typ,Attchd,-0.05141129182803748,0.4033288092841152,0.44688263769603104,Ta,Ta,0.8838812476958942,-0.7172050643637078,-0.37071052595830367,-0.10217939216911985,-0.2698934816491846,-0.07638622508638289,-0.8552881231652357,0.8927965977552895,Wd,Family,82500.0
633,-0.22551568126885072,-0.8779193078215382,Rl,0.6486428348366026,0.04836673573578377,Corner,Names,Norm,Norm,1fam,1story,-0.8154008244853307,1.2613861356950078,-0.5565155291679553,0.9871257106214042,Gable,Compshg,Wdsdng,Wdsdng,-0.5718951461336651,Ta,Cblock,Blq,0.16577370485528023,Lwq,2.7178327137048948,-1.096750366843915,0.07912656675111296,Ta,Sbrkr,-0.16251442083662804,-0.8058476456345897,-0.11183896233236511,-0.9105722489357297,0.20923762540902602,-0.23862605398781578,Typ,Attchd,-1.005247280514648,-0.9824399605824299,-0.9746253752459055,Ta,Ta,2.564605191488383,-0.7172050643637078,-0.37071052595830367,-0.10217939216911985,-0.2698934816491846,-0.07638622508638289,0.2500205308079403,-0.6157420322454488,Wd,Normal,139400.0
634,-0.22315068559073828,0.7614587643924405,Rl,-0.2108078762699609,-0.6724768597613697,Inside,Oldtown,Norm,Norm,Duplex,Sfoyer,-0.014950053313711128,-0.5526946526296532,0.3008268339759286,-0.23118515240493845,Gable,Compshg,Plywood,Plywood,-0.5718951461336651,Ta,Cblock,Glq,1.6221424334687429,Unf,-0.2871575004618263,-1.3525867062175287,0.07912656675111296,Gd,Sbrkr,-0.16251442083662804,-0.8058476456345897,-0.11183896233236511,-0.9105722489357297,-3.687434094164867,-1.6261123859984203,Typ,Detchd,0.07300209800065086,0.4033288092841152,0.6070525546472352,Ta,Ta,1.4950535908931628,0.2101497310940827,-0.37071052595830367,-0.10217939216911985,-0.2698934816491846,1.2299259819405268,-0.11841568718311837,1.6470659127556586,Wd,Normal,144000.0
636,-0.2184206942345134,-0.6437224403623983,Rm,-0.9091115790440437,-0.9451341246367791,Inside,Brkside,Norm,Norm,1fam,1story,-3.2167531380001892,-2.366775440954314,-1.1500602421137212,-1.6931581880365496,Gable,Compshg,Asbshng,Asbshng,-0.5718951461336651,Fa,Brktil,Unf,-1.0478669023226053,Unf,-0.2871575004618263,-0.7272089877486947,-2.344757173848552,Fa,Fusea,-0.9706278495784794,-0.8058476456345897,-0.11183896233236511,-1.512955800048521,-2.3885435209735695,-1.6261123859984203,Maj1,Attchd,0.07300209800065086,-2.368208730448975,-2.2760059504744388,Ta,Ta,-0.7459116674968221,-0.7172050643637078,-0.37071052595830367,-0.10217939216911985,-0.2698934816491846,-0.07638622508638289,-1.9605967771384116,0.8927965977552895,Conlw,Normal,60000.0
637,-0.21605569855640097,3.103427438983839,Rm,-0.962827248488204,-0.9832236144913183,Inside,Oldtown,Norm,Norm,2fmcon,1.5fin,-0.8154008244853307,-1.4597350467919836,-0.5565155291679553,-1.4982284499523348,Gable,Compshg,Wdsdng,Wdsdng,-0.5718951461336651,Ta,Cblock,Unf,-1.0478669023226053,Unf,-0.2871575004618263,0.5685546940787761,-0.6706859540151975,Ta,Fusea,-0.935904225687228,0.5976414359782303,-0.11183896233236511,-0.13170914183286306,0.20923762540902602,0.45511711201748645,Typ,Builtin,-1.005247280514648,-0.9824399605824299,-0.994646614864806,Ta,Ta,-0.7459116674968221,-0.7172050643637078,-0.37071052595830367,-0.10217939216911985,-0.2698934816491846,-0.07638622508638289,1.723765402772175,0.8927965977552895,Wd,Normal,93000.0
638,-0.21369070287828854,-0.6437224403623983,Rl,-0.049660867937480244,-0.1017693367741914,Inside,Edwards,Feedr,Norm,1fam,1story,-0.8154008244853307,1.2613861356950078,-2.007402605257605,-1.6931581880365496,Gable,Compshg,Metalsd,Wdsdng,-0.5718951461336651,Ta,Cblock,Unf,-1.0478669023226053,Unf,-0.2871575004618263,0.5330218691657742,-0.7165928430417063,Gd,Fusea,-0.9832546219025708,-0.8058476456345897,-0.11183896233236511,-1.5223680430346582,-1.0896529477822716,-1.6261123859984203,Typ,Attchd,0.07300209800065086,-2.368208730448975,-2.2760059504744388,Ta,Ta,2.0383178959574013,-0.7172050643637078,2.3760560952516294,-0.10217939216911985,-0.2698934816491846,-0.07638622508638289,-0.48685190517417704,0.1385272827549204,Wd,Normal,85000.0
639,-0.2113257072001761,1.46404936676986,Rl,-0.8016802401557234,-1.623761868878485,Inside,Blmngtn,Norm,Norm,Twnhse,1story,1.5859514890295279,-0.5526946526296532,1.1581691971198125,1.035858145142458,Hip,Compshg,Vinylsd,Vinylsd,-0.5718951461336651,Ta,Pconc,Glq,1.8699273907675613,Unf,-0.2871575004618263,-0.4855857783402815,1.499179667304452,Ex,Sbrkr,1.4505557435660519,-0.8058476456345897,-0.11183896233236511,0.2918417925433182,-2.3885435209735695,0.45511711201748645,Typ,Attchd,1.1512514765159496,1.7890975791506603,0.9674348677874444,Ta,Ta,1.902501819691342,-0.7172050643637078,-0.37071052595830367,-0.10217939216911985,-0.2698934816491846,-0.07638622508638289,1.3553291847811162,-1.370011347245818,New,Partial,264561.0
640,-0.20896071152206366,1.46404936676986,Rl,-0.31823921515828135,1.1361390834983311,Inside,Nridght,Norm,Norm,Twnhse,1story,1.5859514890295279,-0.5526946526296532,1.059245078295518,0.9383932761003505,Hip,Compshg,Metalsd,Metalsd,2.457024709548328,Ta,Pconc,Glq,2.0317461383912794,Unf,-0.2871575004618263,-0.64193020795749,1.4930587487675842,Ex,Sbrkr,1.2958777825959318,-0.8058476456345897,-0.11183896233236511,0.17654181596313553,-2.3885435209735695,-0.23862605398781578,Typ,Attchd,1.0268380866872613,0.4033288092841152,0.6671162735039367,Ta,Ta,0.824461714329493,1.6011819242807686,-0.37071052595830367,-0.10217939216911985,-0.2698934816491846,-0.07638622508638289,-0.8552881231652357,0.1385272827549204,Wd,Normal,274000.0
641,-0.2065957158439512,0.05886816201502109,Fv,0.057770470950840196,-0.6499405782641007,Inside,Somerst,Norm,Norm,1fam,2story,0.7855007178579084,-0.5526946526296532,0.9932956657459886,0.7921959725371894,Gable,Compshg,Vinylsd,Vinylsd,-0.5718951461336651,Ta,Pconc,Glq,0.8181055312133937,Unf,-0.2871575004618263,-0.5969219630676875,0.08218702601954687,Ex,Sbrkr,-0.1593577277556052,1.3188788806959295,-0.11183896233236511,1.1436497827887495,0.20923762540902602,0.45511711201748645,Typ,Attchd,0.9438958268014691,0.4033288092841152,0.9774454875968946,Ta,Ta,-0.7459116674968221,3.174373095146663,-0.37071052595830367,-0.10217939216911985,-0.2698934816491846,-0.07638622508638289,-0.48685190517417704,-0.6157420322454488,Wd,Normal,226000.0
643,-0.20186572448772633,0.05886816201502109,Rl,0.6486428348366026,0.5381340927820664,Inside,Nwames,Rran,Norm,1fam,2story,-0.8154008244853307,-0.5526946526296532,-0.061894935046483836,-0.7672419321365292,Mansard,Compshg,Wdshing,Hdboard,1.115829264977276,Ta,Cblock,Rec,0.19864313796634797,Blq,1.5556463274566543,-1.3525867062175287,-0.7655601913366491,Ex,Sbrkr,-1.0337617111989366,1.2409072650507729,-0.11183896233236511,0.41655401210963827,1.5081281986003237,0.45511711201748645,Min1,Attchd,-0.38318033137120633,0.4033288092841152,0.036447225508570484,Ta,Ta,1.0196973239619538,-0.7172050643637078,-0.37071052595830367,-0.10217939216911985,-0.2698934816491846,-0.07638622508638289,-0.8552881231652357,-0.6157420322454488,Wd,Normal,152000.0
645,-0.19713573313150146,-0.8779193078215382,Rl,0.057770470950840196,0.4546546275175347,Corner,Names,Norm,Norm,1fam,1story,-0.014950053313711128,-0.5526946526296532,0.004054477503045694,-0.6697770630944218,Hip,Compshg,Plywood,Plywood,-0.5718951461336651,Ta,Cblock,Alq,-0.33485304560559753,Lwq,-0.062425326325426245,0.22033300993135707,-0.15040787838143108,Ta,Sbrkr,-0.39926640191334234,-0.8058476456345897,-0.11183896233236511,-1.0870518049258053,0.20923762540902602,-0.9323692199931181,Typ,Detchd,0.031530968057754745,0.4033288092841152,0.6070525546472352,Ta,Ta,-0.7459116674968221,4.449485938901124,0.29923255238558244,-0.10217939216911985,-0.2698934816491846,-0.07638622508638289,-1.2237243411562944,-0.6157420322454488,Wd,Normal,143250.0
647,-0.19240574177527658,-0.8779193078215382,Rl,0.9172211820574037,0.4298964591120843,Inside,Edwards,Norm,Norm,1fam,1story,-0.014950053313711128,-0.5526946526296532,-0.5894902354427201,-1.5469608844733884,Hip,Compshg,Wdsdng,Wdsdng,0.8142207200258913,Ta,Cblock,Rec,0.21634206348769214,Unf,-0.2871575004618263,0.054513160337348016,0.19542401895160194,Ex,Sbrkr,-0.04256008375775948,-0.8058476456345897,-0.11183896233236511,-0.8211559405674248,0.20923762540902602,-0.9323692199931181,Typ,Attchd,-1.0467184104575442,0.4033288092841152,0.20162245236449972,Ta,Ta,-0.7459116674968221,-0.7172050643637078,-0.37071052595830367,-0.10217939216911985,5.244531258783559,-0.07638622508638289,-0.11841568718311837,0.1385272827549204,Wd,Normal,155000.0
648,-0.19004074609716415,0.05886816201502109,Rl,0.11148614039500042,-0.44362250821868027,Inside,Names,Posn,Norm,1fam,2story,-0.014950053313711128,-0.5526946526296532,-0.16081905387077813,-0.9134392356996903,Gable,Compshg,Metalsd,Metalsd,1.6805431363756138,Ta,Cblock,Unf,-1.0478669023226053,Unf,-0.2871575004618263,0.43826766939776896,-0.8390112137790632,Ta,Sbrkr,-0.17829788624174234,1.1142033896273933,-0.11183896233236511,0.9318743156006588,1.5081281986003237,0.45511711201748645,Typ,Attchd,-0.5075937211998947,0.4033288092841152,-0.06365897258593209,Ta,Ta,-0.7459116674968221,1.3362234112928284,3.2469820970986816,-0.10217939216911985,-0.2698934816491846,-0.07638622508638289,-0.11841568718311837,1.6470659127556586,Wd,Normal,155000.0
649,-0.1876757504190517,2.8692305715246986,Rm,-2.5205816623688504,-2.273187670898378,Inside,Meadowv,Norm,Norm,Twnhs,Sfoyer,-1.6158515956569501,0.35434574153267734,-0.02892022877171907,-0.7185094976154754,Gable,Compshg,Cemntbd,Cmentbd,-0.5718951461336651,Ta,Cblock,Blq,-0.7166441532803073,Glq,2.9168812107971345,-1.3525867062175287,-1.2246290816017371,Gd,Sbrkr,-1.507265673352365,-0.8058476456345897,-0.11183896233236511,-1.9129761269593588,-2.3885435209735695,-2.3198555520037223,Typ,Attchd,0.07300209800065086,-2.368208730448975,-2.2760059504744388,Ta,Ta,-0.7459116674968221,-0.7172050643637078,-0.37071052595830367,-0.10217939216911985,-0.2698934816491846,-0.07638622508638289,2.0922016207632335,-0.6157420322454488,Wd,Normal,84500.0
650,-0.18531075474093928,0.05886816201502109,Fv,-0.1570922068258007,-0.3087222316505208,Inside,Somerst,Norm,Norm,1fam,2story,0.7855007178579084,0.35434574153267734,1.1911439033945772,1.0845905796635116,Gable,Compshg,Cemntbd,Cmentbd,-0.5718951461336651,Ta,Pconc,Unf,-1.0478669023226053,Unf,-0.2871575004618263,0.5732924040671764,-0.6645650354783297,Ex,Sbrkr,-0.9011806017959766,1.2482171040175063,-0.11183896233236511,0.5224417457036836,0.20923762540902602,0.45511711201748645,Typ,Attchd,1.1927226064588459,0.4033288092841152,0.5369782159810833,Ta,Ta,-0.7459116674968221,-0.7172050643637078,-0.37071052595830367,-0.10217939216911985,-0.2698934816491846,-0.07638622508638289,-0.48685190517417704,0.1385272827549204,Wd,Normal,205950.0
651,-0.18294575906282684,0.2930650294741609,Rl,-0.42567055404660176,-0.0043237252296620616,Inside,Edwards,Artery,Norm,1fam,2story,-1.6158515956569501,-0.5526946526296532,-1.018161417014662,-1.6931581880365496,Gable,Compshg,Metalsd,Metalsd,-0.5718951461336651,Ta,Cblock,Unf,-1.0478669023226053,Unf,-0.2871575004618263,0.43589881440356887,-0.8420716730474971,Ta,Sbrkr,-1.112679038224508,1.0337951609933254,-0.11183896233236511,0.15771732999086083,1.5081281986003237,0.45511711201748645,Typ,Detchd,-1.5858430997151935,-0.9824399605824299,-0.7944342186758009,Fa,Po,0.27270890449862556,-0.7172050643637078,-0.37071052595830367,-0.10217939216911985,-0.2698934816491846,-0.07638622508638289,1.3553291847811162,0.8927965977552895,Wd,Normal,108000.0
652,-0.1805807633847144,0.05886816201502109,Rl,0.11148614039500042,-0.1103394719914627,Inside,Collgcr,Norm,Norm,1fam,2story,0.7855007178579084,-0.5526946526296532,0.8284221343721648,0.5485337999319209,Gable,Compshg,Vinylsd,Vinylsd,-0.5718951461336651,Ta,Pconc,Unf,-1.0478669023226053,Unf,-0.2871575004618263,0.7320056886785851,-0.45951426449325705,Ex,Sbrkr,-0.626548303746988,1.160499036416705,-0.11183896233236511,0.642447843776935,-1.0896529477822716,0.45511711201748645,Typ,Attchd,0.7365401770869886,0.4033288092841152,0.2867127207448269,Ta,Ta,-0.7459116674968221,1.2699837830458434,-0.37071052595830367,-0.10217939216911985,-0.2698934816491846,-0.07638622508638289,0.2500205308079403,0.8927965977552895,Wd,Normal,191000.0
653,-0.17821576770660194,-0.17532870544411872,Rm,-0.42567055404660176,0.38799802027209124,Inside,Idotrr,Norm,Norm,1fam,1.5fin,-0.014950053313711128,1.2613861356950078,-2.139301430356664,0.49980136541086717,Gable,Compshg,Metalsd,Metalsd,-0.5718951461336651,Ta,Cblock,Unf,-1.0478669023226053,Unf,-0.2871575004618263,0.43826766939776896,-0.8390112137790632,Ex,Sbrkr,-1.109522345143485,0.9314574154590572,-0.11183896233236511,0.061241839382952856,0.20923762540902602,0.45511711201748645,Typ,Detchd,-2.9958615177736614,-0.9824399605824299,-1.194859011053811,Ta,Ta,-0.26206689579898446,-0.7172050643637078,3.632199367146416,-0.10217939216911985,-0.2698934816491846,-0.07638622508638289,-0.11841568718311837,0.1385272827549204,Wd,Normal,135000.0
655,-0.17348577635037707,2.4008368366064192,Rm,-2.5205816623688504,-2.3544452492547276,Inside,Brdale,Norm,Norm,Twnhs,2story,-0.014950053313711128,-0.5526946526296532,0.004054477503045694,-0.6697770630944218,Gable,Compshg,Hdboard,Imstucc,1.8730592288977745,Ta,Cblock,Unf,-1.0478669023226053,Unf,-0.2871575004618263,-0.10893783426246091,-1.5459773047872987,Ta,Sbrkr,-1.838718446859765,0.57571191907803,-0.11183896233236511,-0.8258620620604935,0.20923762540902602,-0.23862605398781578,Typ,Detchd,-0.30023807148541415,-0.9824399605824299,-0.954604135627005,Ta,Ta,-0.7459116674968221,-0.7172050643637078,-0.37071052595830367,-0.10217939216911985,-0.2698934816491846,-0.07638622508638289,-1.2237243411562944,1.6470659127556586,Wd,Family,88000.0
656,-0.17112078067226463,-0.8779193078215382,Rl,0.21891747928332086,0.2886479342348349,Inside,Names,Norm,Norm,1fam,1story,-0.8154008244853307,1.2613861356950078,-0.3916419977941315,1.035858145142458,Gable,Compshg,Hdboard,Hdboard,-0.225366179593776,Ta,Cblock,Alq,0.9900379505635941,Unf,-0.2871575004618263,-0.7674795226500969,0.0699451889458112,Ex,Sbrkr,-0.17198450007969662,-0.8058476456345897,-0.11183896233236511,-0.9176314311753327,0.20923762540902602,-0.9323692199931181,Typ,Attchd,-0.7978916308001675,-0.9824399605824299,-0.7143492602001988,Ta,Ta,-0.7459116674968221,-0.7172050643637078,-0.37071052595830367,-0.10217939216911985,-0.2698934816491846,-0.07638622508638289,0.6184567487989989,0.1385272827549204,Wd,Normal,145500.0
657,-0.1687557849941522,0.2930650294741609,Rl,-0.42567055404660176,-0.6023287159459267,Inside,Crawfor,Norm,Norm,1fam,2story,0.7855007178579084,0.35434574153267734,-1.3149337734875448,0.7434635380161356,Gable,Compshg,Stucco,Wdshng,-0.5718951461336651,Fa,Brktil,Unf,-1.0478669023226053,Unf,-0.2871575004618263,0.4856447692817716,-0.7778020284103847,Ta,Sbrkr,-0.8096365024463137,0.7803874101465662,-0.11183896233236511,0.1388928440185861,0.20923762540902602,-0.23862605398781578,Typ,Attchd,-1.9590832692012585,-0.9824399605824299,-0.9245722761986542,Ta,Ta,-0.7459116674968221,-0.7172050643637078,1.5051300934045773,-0.10217939216911985,-0.2698934816491846,-0.07638622508638289,-1.592160559147353,0.1385272827549204,Wd,Normal,149000.0
658,-0.16639078931603976,-0.17532870544411872,Rl,0.5412114959482822,2.667971400481714,Inside,Names,Artery,Norm,1fam,1.5fin,-0.014950053313711128,-0.5526946526296532,-0.7543637668165439,-1.6931581880365496,Gable,Compshg,Vinylsd,Vinylsd,-0.5718951461336651,Ta,Cblock,Unf,-1.0478669023226053,Unf,-0.2871575004618263,0.8078090484929892,-0.3615795679033716,Ta,Sbrkr,-0.6170782245039195,0.5245430463108959,-0.11183896233236511,0.03535817117107511,0.20923762540902602,-0.23862605398781578,Typ,Attchd,-1.2540740601720246,-0.9824399605824299,-0.6242536819151465,Ta,Ta,0.8838812476958942,-0.7172050643637078,-0.37071052595830367,-0.10217939216911985,-0.2698934816491846,-0.07638622508638289,-1.9605967771384116,1.6470659127556586,Wd,Abnorml,97500.0
659,-0.16402579363792733,-0.8779193078215382,Rl,0.3800644876158015,0.2664290651530204,Corner,Edwards,Norm,Norm,1fam,1story,-0.8154008244853307,1.2613861356950078,-0.22676846642030765,0.6947311034950819,Hip,Compshg,Metalsd,Metalsd,-0.5718951461336651,Gd,Pconc,Blq,0.5627353201197136,Unf,-0.2871575004618263,0.658571183858381,1.3951240521776986,Ex,Sbrkr,1.1948636040032004,-0.8058476456345897,-0.11183896233236511,0.10124387207403665,0.20923762540902602,0.45511711201748645,Typ,Detchd,-0.4246514613141025,0.4033288092841152,0.1265428037936228,Ta,Ta,-0.7459116674968221,-0.7172050643637078,-0.37071052595830367,-0.10217939216911985,-0.2698934816491846,-0.07638622508638289,-1.2237243411562944,0.8927965977552895,Wd,Normal,167000.0
660,-0.1616607979598149,0.05886816201502109,Rl,0.057770470950840196,1.0431372457701646,Culdsac,Nwames,Norm,Norm,1fam,2story,0.7855007178579084,1.2613861356950078,0.1689280088768695,-0.42611489048915324,Gable,Compshg,Plywood,Plywood,0.9233131724551155,Ta,Cblock,Unf,-1.0478669023226053,Unf,-0.2871575004618263,0.5259153041831738,-0.7257742208470082,Ta,Sbrkr,0.10896118413133765,1.1263864545719489,-0.11183896233236511,1.1577681472679555,0.20923762540902602,0.45511711201748645,Typ,Attchd,-0.09288242177093359,0.4033288092841152,0.4769144971243818,Ta,Ta,-0.7459116674968221,1.1540644336136194,3.8499308676081787,-0.10217939216911985,-0.2698934816491846,-0.07638622508638289,1.723765402772175,-0.6157420322454488,Wd,Normal,197900.0
662,-0.15693080660359002,-0.8779193078215382,Rl,2.7972696126030114,1.4164142463446483,Corner,Names,Norm,Norm,1fam,1story,-0.014950053313711128,-2.366775440954314,-0.0948696413212486,-0.8159743666575829,Hip,Compshg,Wdsdng,Wdsdng,0.8142207200258913,Ta,Cblock,Unf,-1.0478669023226053,Unf,-0.2871575004618263,1.9448594457090513,1.10744088094491,Gd,Sbrkr,0.8981344543870519,-0.8058476456345897,-0.11183896233236511,-0.11994383810019137,-1.0896529477822716,-0.9323692199931181,Maj2,Attchd,-0.4246514613141025,0.4033288092841152,0.6070525546472352,Ta,Ta,-0.7459116674968221,-0.7172050643637078,3.648947944105013,-0.10217939216911985,-0.2698934816491846,-0.07638622508638289,0.2500205308079403,0.8927965977552895,Wd,Normal,110000.0
663,-0.15456581092547758,0.6443603306628706,Rl,1.1857995292782049,0.29023499631210736,Inside,Edwards,Norm,Norm,1fam,Sfoyer,-1.6158515956569501,-0.5526946526296532,0.03702918377781046,-0.6210446285733681,Gable,Compshg,Plywood,Plywood,-0.5718951461336651,Ta,Cblock,Blq,1.278277594768342,Rec,0.8686079665253741,-1.262570216437924,0.33008422676269444,Ta,Sbrkr,0.23207221429122907,-0.8058476456345897,-0.11183896233236511,-0.6164396556189372,0.20923762540902602,-0.23862605398781578,Typ,Detchd,-0.1758246816567258,0.4033288092841152,0.6671162735039367,Ta,Ta,-0.7459116674968221,-0.7172050643637078,2.644033326589184,-0.10217939216911985,-0.2698934816491846,-0.07638622508638289,-0.8552881231652357,0.1385272827549204,Wd,Normal,137500.0
665,-0.14983581956925268,0.05886816201502109,Rl,2.0452502403847683,0.665416471379318,Corner,Gilbert,Norm,Norm,1fam,2story,1.5859514890295279,-0.5526946526296532,0.9603209594712239,0.7434635380161356,Gable,Compshg,Vinylsd,Vinylsd,-0.3152070227707843,Ta,Pconc,Unf,-1.0478669023226053,Unf,-0.2871575004618263,1.978023415627853,1.1502873107029852,Ex,Sbrkr,1.093849425410469,0.3685998150205826,-0.11183896233236511,1.1601212080144898,0.20923762540902602,0.45511711201748645,Typ,Attchd,0.9024246968585731,0.4033288092841152,0.24667024150702588,Ta,Ta,0.8499272286293792,1.3362234112928284,-0.37071052595830367,-0.10217939216911985,-0.2698934816491846,-0.07638622508638289,1.723765402772175,-1.370011347245818,Wd,Normal,230500.0
667,-0.1451058282130278,-0.8779193078215382,Rl,-0.1570922068258007,-0.3087222316505208,Inside,Sawyerw,Norm,Norm,1fam,1story,-0.014950053313711128,-0.5526946526296532,0.7624727218226353,0.6459986689740282,Gable,Compshg,Hdboard,Hdboard,1.083743249556916,Ta,Pconc,Glq,1.8294727038616316,Unf,-0.2871575004618263,-0.712995857783494,1.156408229239853,Ex,Sbrkr,1.8041053686406119,-0.8058476456345897,-0.11183896233236511,0.5553845961551643,0.20923762540902602,0.45511711201748645,Typ,Attchd,0.6535979172011964,0.4033288092841152,0.60204724474251,Ta,Ta,1.1555134002280136,-0.021688967770364925,-0.37071052595830367,-0.10217939216911985,-0.2698934816491846,-0.07638622508638289,1.3553291847811162,0.1385272827549204,Wd,Normal,193500.0
668,-0.14274083253491537,-0.8779193078215382,Rl,0.057770470950840196,1.6116228818491616,Corner,Sawyer,Norm,Norm,1fam,1story,-0.8154008244853307,0.35434574153267734,-0.49056611661842575,0.1099418892424375,Gable,Compshg,Cemntbd,Wdsdng,-0.5718951461336651,Ta,Cblock,Rec,1.4502100141185426,Unf,-0.2871575004618263,-0.8788157073775029,0.48310719018439047,Gd,Sbrkr,1.0401856430330805,-0.8058476456345897,-0.11183896233236511,-0.014056104506146042,0.20923762540902602,-0.23862605398781578,Min2,Detchd,0.8609535669156769,0.4033288092841152,0.6070525546472352,Ta,Ta,1.834593781558312,-0.7172050643637078,-0.37071052595830367,-0.10217939216911985,-0.2698934816491846,-0.07638622508638289,1.723765402772175,-1.370011347245818,Wd,Normal,168000.0
669,-0.14037583685680294,-0.6437224403623983,Rl,0.6486428348366026,0.7942859120538421,Inside,Crawfor,Norm,Norm,1fam,1story,-1.6158515956569501,-0.5526946526296532,-1.6117061299604278,-1.6931581880365496,Gable,Compshg,Metalsd,Metalsd,-0.5718951461336651,Ta,Brktil,Unf,-1.0478669023226053,Unf,-0.2871575004618263,0.30561178972256176,-1.0103969328113627,Ex,Sbrkr,0.22891552121020622,-0.8058476456345897,-0.11183896233236511,-0.6187927163654715,-1.0896529477822716,-0.9323692199931181,Typ,Detchd,-2.3323234386873235,-0.9824399605824299,-1.0146678544837064,Ta,Fa,-0.7459116674968221,-0.7172050643637078,0.7514441302677055,-0.10217939216911985,-0.2698934816491846,-0.07638622508638289,0.2500205308079403,-1.370011347245818,Wd,Normal,137500.0
670,-0.1380108411786905,0.05886816201502109,Rl,-0.2108078762699609,-0.14747672459963837,Fr2,Collgcr,Norm,Norm,1fam,2story,-0.014950053313711128,-0.5526946526296532,1.1251944908450477,0.9871257106214042,Gable,Compshg,Vinylsd,Vinylsd,-0.5718951461336651,Ta,Pconc,Glq,-0.5598822415198305,Unf,-0.2871575004618263,-0.061560734378458326,-0.8940994806108737,Ex,Sbrkr,-1.1663428206018966,0.9923727401818359,-0.11183896233236511,0.07771326460869324,0.20923762540902602,0.45511711201748645,Typ,Attchd,1.1097803465730536,0.4033288092841152,0.4268613980771305,Ta,Ta,0.10293880916605094,-0.13760831720258873,-0.37071052595830367,-0.10217939216911985,-0.2698934816491846,-0.07638622508638289,-1.592160559147353,0.8927965977552895,Wd,Normal,173500.0
671,-0.13564584550057807,0.2930650294741609,Rh,-0.7479645707115631,-0.7835712051704422,Inside,Edwards,Artery,Norm,1fam,2story,-0.014950053313711128,0.35434574153267734,-1.5127820111361334,-1.6931581880365496,Gambrel,Compshg,Wdsdng,Wdsdng,-0.5718951461336651,Gd,Brktil,Blq,0.3452913780003425,Unf,-0.2871575004618263,-1.0659552519193132,-1.0960897923275126,Ta,Sbrkr,-1.2957672369238338,0.8315562829137003,-0.11183896233236511,-0.1740642352704812,0.20923762540902602,-0.23862605398781578,Typ,Detchd,-2.000554399144155,-0.9824399605824299,-0.7744129790569003,Ta,Ta,0.5018985331976012,-0.7172050643637078,-0.37071052595830367,-0.10217939216911985,-0.2698934816491846,-0.07638622508638289,0.2500205308079403,0.8927965977552895,Wd,Normal,103600.0
672,-0.13328084982246563,-0.8779193078215382,Rl,0.057770470950840196,0.6831915666447697,Inside,Veenker,Norm,Norm,1fam,1story,-0.014950053313711128,0.35434574153267734,0.20190271515163427,-0.37738245596809955,Gable,Compshg,Plywood,Plywood,-0.5718951461336651,Ta,Cblock,Alq,0.891429651230391,Unf,-0.2871575004618263,-0.3079216537752718,0.5443163755530689,Ta,Sbrkr,0.3173029274788462,-0.8058476456345897,-0.11183896233236511,-0.55290701546251,0.20923762540902602,-0.23862605398781578,Typ,Attchd,-0.05141129182803748,0.4033288092841152,0.45689325750548127,Ta,Ta,0.9348122762956665,-0.021688967770364925,-0.37071052595830367,-0.10217939216911985,-0.2698934816491846,-0.07638622508638289,-0.11841568718311837,-1.370011347245818,Wd,Normal,165000.0
673,-0.1309158541443532,-0.8779193078215382,Rl,2.260112918161409,1.696371996775511,Inside,Crawfor,Norm,Norm,1fam,1story,-0.014950053313711128,1.2613861356950078,-0.457591410343661,0.9383932761003505,Hip,Compshg,Cemntbd,Cmentbd,0.10832838077796905,Ta,Pconc,Glq,1.9508367645794202,Unf,-0.2871575004618263,-0.6632499029052912,1.3675799187617934,Ex,Sbrkr,2.309176261604269,-0.8058476456345897,-0.11183896233236511,0.9318743156006588,0.20923762540902602,0.45511711201748645,Typ,Attchd,-0.8808338906859596,0.4033288092841152,-0.19379703010878543,Ta,Ta,-0.7459116674968221,0.7235068500082167,-0.37071052595830367,-0.10217939216911985,3.572911215516491,-0.07638622508638289,-0.11841568718311837,-0.6157420322454488,Wd,Normal,257500.0
674,-0.12855085846624076,-0.8779193078215382,Rl,0.6486428348366026,0.03249611496305912,Inside,Names,Norm,Norm,1fam,1story,-0.014950053313711128,0.35434574153267734,-0.1937937601455429,-0.962171670220744,Gable,Compshg,Hdboard,Hdboard,-0.5718951461336651,Ta,Cblock,Rec,1.2074818926829654,Unf,-0.2871575004618263,-0.7745860876326973,0.3239633082258266,Ta,Sbrkr,0.09002102564520051,-0.8058476456345897,-0.11183896233236511,-0.7223273892129826,0.20923762540902602,-0.9323692199931181,Typ,Attchd,-0.5490648511427908,-0.9824399605824299,-0.35396694705998955,Ta,Ta,2.8701913630870175,-0.7172050643637078,-0.37071052595830367,-0.10217939216911985,-0.2698934816491846,-0.07638622508638289,0.2500205308079403,0.1385272827549204,Wd,Normal,140000.0
675,-0.12618586278812832,2.4008368366064192,Rl,-2.3594346540363698,-2.1611410882429416,Inside,Npkvill,Norm,Norm,Twnhs,2story,-0.014950053313711128,0.35434574153267734,0.23487742142639906,-0.32865002144704586,Gable,Compshg,Plywood,Brkcmn,-0.5718951461336651,Ta,Cblock,Alq,-0.26152892558860025,Unf,-0.2871575004618263,-0.06392958937265845,-0.536025746204105,Ta,Sbrkr,-0.7970097301222223,0.6220075658673417,-0.11183896233236511,-0.0046438615200086785,0.20923762540902602,0.45511711201748645,Typ,Attchd,-0.009940161885141366,0.4033288092841152,-0.07366959239538234,Ta,Ta,-0.5082335340312176,-0.7172050643637078,-0.37071052595830367,-0.10217939216911985,-0.2698934816491846,-0.07638622508638289,-0.8552881231652357,0.8927965977552895,Wd,Normal,148500.0
676,-0.12382086711001587,0.2930650294741609,Rm,-0.42567055404660176,0.1594610811448563,Inside,Oldtown,Norm,Norm,1fam,2story,-1.6158515956569501,-3.2738158351166446,-2.3371496680052526,-1.6931581880365496,Gable,Compshg,Asbshng,Stucco,-0.5718951461336651,Ta,Brktil,Unf,-1.0478669023226053,Unf,-0.2871575004618263,1.241309512431613,0.19848447822003584,Fa,Sbrkr,-0.03940339067673662,0.8486125738360784,-0.11183896233236511,0.7789253670759267,1.5081281986003237,1.1488602780227886,Min2,2types,-2.4152656985731156,1.7890975791506603,1.6231304653064362,Fa,Fa,-0.7459116674968221,-0.7172050643637078,1.13666140031544,-0.10217939216911985,-0.2698934816491846,-0.07638622508638289,-0.48685190517417704,-1.370011347245818,Wd,Normal,87000.0
677,-0.12145587143190344,-0.6437224403623983,Rl,-0.8553959095998835,-0.024003294987840623,Inside,Oldtown,Norm,Norm,1fam,1story,-0.8154008244853307,2.168426529857338,-1.5457567174108982,1.035858145142458,Gable,Compshg,Vinylsd,Vinylsd,-0.5718951461336651,Ta,Brktil,Unf,-1.0478669023226053,Unf,-0.2871575004618263,0.46669392932817055,-0.8022857025578561,Ex,Sbrkr,-0.9958813942266622,-0.8058476456345897,-0.11183896233236511,-1.5317802860207956,-1.0896529477822716,-0.9323692199931181,Typ,Detchd,-2.2493811788015314,-0.9824399605824299,-1.0747315733404081,Fa,Fa,1.9364558387578568,-0.7172050643637078,1.6391187090733546,-0.10217939216911985,-0.2698934816491846,-0.07638622508638289,-0.48685190517417704,0.8927965977552895,Wd,Normal,109500.0
679,-0.11672588007567855,-0.8779193078215382,Rl,0.057770470950840196,0.26896836447665634,Inside,Sawyer,Norm,Norm,1fam,1story,-0.8154008244853307,-0.5526946526296532,-0.32569258524460193,-1.157101408304959,Hip,Compshg,Wdsdng,Wdsdng,-0.20611457034155992,Ta,Cblock,Rec,1.0431347271276266,Unf,-0.2871575004618263,-0.971201052151308,-0.12898466350239363,Ta,Sbrkr,-0.3771695503461823,-0.8058476456345897,-0.11183896233236511,-1.070580379700065,0.20923762540902602,-0.9323692199931181,Typ,Detchd,-0.632007111028583,0.4033288092841152,0.5870313150283346,Ta,Ta,-0.7459116674968221,-0.7172050643637078,-0.37071052595830367,-0.10217939216911985,-0.2698934816491846,-0.07638622508638289,1.3553291847811162,-0.6157420322454488,Wd,Normal,128500.0
680,-0.11436088439756611,1.46404936676986,Rl,-0.962827248488204,-0.3445898345968785,Inside,Sawyerw,Norm,Norm,Twnhse,1story,-0.014950053313711128,-0.5526946526296532,0.3008268339759286,-0.23118515240493845,Gable,Compshg,Plywood,Plywood,-0.5718951461336651,Ta,Cblock,Blq,0.3250640345473777,Blq,0.47693189160193394,-0.7343155527312951,-0.32791451595059845,Ta,Sbrkr,-0.582354600612668,-0.8058476456345897,-0.11183896233236511,-1.223529328224797,-1.0896529477822716,-0.9323692199931181,Typ,Attchd,0.07300209800065086,-0.9824399605824299,-0.954604135627005,Ta,Ta,-0.06683128616652366,-0.7172050643637078,-0.37071052595830367,-0.10217939216911985,-0.2698934816491846,-0.07638622508638289,-0.48685190517417704,1.6470659127556586,Wd,Normal,143000.0
681,-0.11199588871945368,-0.17532870544411872,Rh,-0.6942489012674029,-1.4593422376730578,Inside,Swisu,Norm,Norm,1fam,1.5fin,-0.8154008244853307,-0.5526946526296532,-1.28195906721278,0.7434635380161356,Gable,Compshg,Vinylsd,Stucco,-0.5718951461336651,Ta,Brktil,Rec,-0.5876948387676569,Unf,-0.2871575004618263,0.09478369523875022,-0.7257742208470082,Ex,Sbrkr,-0.8191065816893823,0.8315562829137003,-0.11183896233236511,0.1812479374562042,0.20923762540902602,-0.23862605398781578,Typ,Detchd,-0.4246514613141025,-0.9824399605824299,-0.8695138672466778,Ta,Ta,-0.7459116674968221,-0.7172050643637078,0.5672097837231369,-0.10217939216911985,-0.2698934816491846,-0.07638622508638289,0.2500205308079403,0.8927965977552895,Wd,Abnorml,159434.0
682,-0.10963089304134124,1.46404936676986,Rl,0.057770470950840196,-1.9713284638011548,Inside,Clearcr,Norm,Norm,1fam,1story,-0.014950053313711128,-0.5526946526296532,0.8284221343721648,0.5972662344529746,Gable,Compshg,Wdsdng,Wdsdng,-0.5718951461336651,Ta,Pconc,Glq,1.4881362830928515,Unf,-0.2871575004618263,-0.6703564678878916,0.7983344948330843,Ex,Sbrkr,0.5793084532037434,-0.8058476456345897,-0.11183896233236511,-0.35760297350015974,-1.0896529477822716,-0.23862605398781578,Typ,Attchd,0.7365401770869886,0.4033288092841152,-0.1187173815379085,Ta,Ta,1.860059295858198,-0.7172050643637078,-0.37071052595830367,-0.10217939216911985,-0.2698934816491846,-0.07638622508638289,1.723765402772175,0.1385272827549204,Wd,Normal,173000.0
683,-0.10726589736322881,-0.8779193078215382,Rl,1.1857995292782049,0.6825567418138606,Corner,Collgcr,Norm,Norm,1fam,1story,2.386402260201147,-0.5526946526296532,1.0262703720207533,0.8409284070582431,Hip,Compshg,Vinylsd,Vinylsd,0.8078035169418193,Ta,Pconc,Glq,1.6297276872636048,Unf,-0.2871575004618263,-0.009445924506055478,1.8235883497584475,Ex,Sbrkr,1.7693817447493605,-0.8058476456345897,-0.11183896233236511,0.5295009279432866,0.20923762540902602,0.45511711201748645,Typ,Attchd,0.9853669567443653,1.7890975791506603,1.2377216026426014,Ta,Ta,1.4356340575267617,0.027990753414873847,-0.37071052595830367,-0.10217939216911985,-0.2698934816491846,-0.07638622508638289,0.2500205308079403,-0.6157420322454488,Wd,Normal,285000.0
684,-0.10490090168511636,0.05886816201502109,Rl,-0.5331018929349223,2.435308099953571,Culdsac,Noridge,Norm,Norm,1fam,2story,0.7855007178579084,-0.5526946526296532,0.8943715469216943,0.6459986689740282,Gable,Compshg,Vinylsd,Vinylsd,-0.3793790536115045,Ta,Pconc,Unf,-1.0478669023226053,Unf,-0.2871575004618263,1.4781950118516258,0.504530405063428,Gd,Sbrkr,0.27626591742554907,0.7633311192241882,-0.11183896233236511,0.9318743156006588,1.5081281986003237,0.45511711201748645,Typ,Attchd,0.8194824369727808,0.4033288092841152,0.15657466322197358,Ta,Ta,-0.7459116674968221,0.6241474076377391,-0.37071052595830367,-0.10217939216911985,-0.2698934816491846,-0.07638622508638289,-0.11841568718311837,1.6470659127556586,Wd,Normal,221000.0
685,-0.10253590600700392,2.4008368366064192,Rl,0.057770470950840196,-1.2809564601876327,Culdsac,Stonebr,Norm,Norm,Twnhse,2story,0.7855007178579084,-0.5526946526296532,0.4327256590749876,-0.036255414320723614,Gable,Compshg,Hdboard,Hdboard,-0.5718951461336651,Ta,Cblock,Glq,1.0456631450592473,Lwq,0.8814498050474541,-0.9261928072615055,0.48922810872125827,Gd,Sbrkr,0.2604824520204348,1.3871040443854414,-0.11183896233236511,1.5224925629807784,0.20923762540902602,-0.23862605398781578,Min1,Attchd,0.2388866177722353,0.4033288092841152,0.6120578645519603,Ta,Ta,1.1130708763948698,-0.7172050643637078,-0.37071052595830367,-0.10217939216911985,-0.2698934816491846,-0.07638622508638289,0.9868929667900576,-0.6157420322454488,Wd,Normal,207500.0
686,-0.10017091032889149,0.05886816201502109,Fv,0.8635055126132435,0.3521304173257335,Inside,Somerst,Norm,Norm,1fam,2story,0.7855007178579084,0.35434574153267734,1.1911439033945772,1.0845905796635116,Gable,Compshg,Vinylsd,Vinylsd,-0.5718951461336651,Ta,Pconc,Unf,-1.0478669023226053,Unf,-0.2871575004618263,0.7177925587133842,-0.4778770201038606,Ex,Sbrkr,-0.737032561582788,1.3554280755295967,-0.11183896233236511,0.7483355773709803,0.20923762540902602,0.45511711201748645,Typ,Attchd,1.1927226064588459,0.4033288092841152,0.6170631744566853,Ta,Ta,0.4764330188977151,1.0215851771196494,-0.37071052595830367,-0.10217939216911985,-0.2698934816491846,-0.07638622508638289,0.6184567487989989,-0.6157420322454488,New,Partial,227875.0
687,-0.09780591465077905,2.4008368366064192,Fv,0.057770470950840196,-1.2673077263230894,Fr2,Somerst,Norm,Norm,Twnhse,2story,0.7855007178579084,-0.5526946526296532,1.092219784570283,0.9383932761003505,Gable,Compshg,Metalsd,Metalsd,-0.5718951461336651,Ta,Pconc,Glq,-0.4435750166652831,Unf,-0.2871575004618263,-0.6135039480270885,-1.4664053638080168,Ex,Sbrkr,-1.756644426753171,0.5367261112554517,-0.11183896233236511,-0.8023314545951501,-1.0896529477822716,-1.6261123859984203,Typ,Detchd,1.0683092166301575,0.4033288092841152,0.1265428037936228,Ta,Ta,-0.7459116674968221,0.27638935934106773,-0.37071052595830367,-0.10217939216911985,-0.2698934816491846,-0.07638622508638289,-1.2237243411562944,-0.6157420322454488,Wd,Normal,148800.0
689,-0.09307592329455418,1.46404936676986,Rl,-0.3719548846024416,-0.4826642353195829,Corner,Nridght,Norm,Norm,Twnhse,1story,-0.014950053313711128,-0.5526946526296532,1.1251944908450477,1.035858145142458,Gable,Compshg,Vinylsd,Vinylsd,1.070908843388772,Ta,Pconc,Alq,-0.9972985436901933,Unf,-0.2871575004618263,1.8264166959990449,1.0156271028918926,Ex,Sbrkr,0.8034336619563662,-0.8058476456345897,-0.11183896233236511,-0.1905356604962216,-1.0896529477822716,-0.23862605398781578,Typ,Attchd,1.1097803465730536,0.4033288092841152,0.026436605699120222,Ta,Ta,0.8838812476958942,-0.2535276666348125,-0.37071052595830367,-0.10217939216911985,-0.2698934816491846,-0.07638622508638289,-0.11841568718311837,-0.6157420322454488,Wd,Normal,194700.0
690,-0.09071092761644173,1.46404936676986,Rm,0.057770470950840196,-1.4828307564166903,Inside,Collgcr,Norm,Norm,Twnhse,1story,-0.014950053313711128,-0.5526946526296532,1.092219784570283,0.9383932761003505,Gable,Compshg,Vinylsd,Vinylsd,0.37143370722492186,Ta,Pconc,Glq,0.7144403960169493,Unf,-0.2871575004618263,-0.9948896020933093,-0.5574489610831425,Ex,Sbrkr,-0.8191065816893823,-0.8058476456345897,-0.11183896233236511,-1.4000088842148726,-2.3885435209735695,-2.3198555520037223,Typ,Attchd,1.0683092166301575,0.4033288092841152,-0.17377579048988492,Ta,Ta,0.5188755427308588,-0.7172050643637078,-0.37071052595830367,-0.10217939216911985,-0.2698934816491846,-0.07638622508638289,-0.48685190517417704,0.1385272827549204,Wd,Normal,141000.0
693,-0.08361594058210442,-0.6437224403623983,Rl,-0.42567055404660176,-1.173671063764014,Corner,Oldtown,Norm,Norm,1fam,1story,-0.8154008244853307,0.35434574153267734,-1.6446808362351926,-0.8159743666575829,Gable,Compshg,Metalsd,Metalsd,-0.5718951461336651,Ta,Brktil,Unf,-1.0478669023226053,Unf,-0.2871575004618263,1.18919470255921,0.13115437431448962,Ex,Sbrkr,-0.10885063845923948,-0.8058476456345897,-0.11183896233236511,-0.870570216244646,-1.0896529477822716,-1.6261123859984203,Typ,Detchd,-0.4246514613141025,-0.9824399605824299,-0.644274921534047,Ta,Ta,-0.7459116674968221,-0.7172050643637078,1.5051300934045773,-0.10217939216911985,-0.2698934816491846,-0.07638622508638289,2.0922016207632335,-1.370011347245818,Wd,Abnorml,108480.0
694,-0.08125094490399198,-0.17532870544411872,Rm,-0.9091115790440437,-0.9451341246367791,Corner,Brkside,Norm,Norm,1fam,1.5fin,-0.8154008244853307,0.35434574153267734,-1.1500602421137212,-1.6931581880365496,Gable,Compshg,Wdsdng,Wdsdng,-0.5718951461336651,Fa,Brktil,Unf,-1.0478669023226053,Unf,-0.2871575004618263,0.8433418734059911,-0.3156726788768628,Ta,Sbrkr,-0.12779079694537662,0.3442336851314711,-0.11183896233236511,0.22595609164035668,0.20923762540902602,-0.9323692199931181,Typ,Detchd,0.6950690471440925,0.4033288092841152,0.6070525546472352,Ta,Ta,0.20480086636559572,-0.7172050643637078,-0.37071052595830367,-0.10217939216911985,-0.2698934816491846,-0.07638622508638289,-0.8552881231652357,0.8927965977552895,Wd,Normal,141500.0
695,-0.07888594922587955,-0.8779193078215382,Rl,-0.7479645707115631,1.4960847626237261,Inside,Timber,Norm,Norm,1fam,1story,-0.014950053313711128,0.35434574153267734,0.5316497778992819,0.1099418892424375,Gable,Compshg,Hdboard,Hdboard,-0.10985652408047963,Ta,Cblock,Glq,1.4299826706655778,Lwq,-0.030320730020226234,-1.134652046751117,0.2505122857834125,Gd,Sbrkr,0.09317771872622337,-0.8058476456345897,-0.11183896233236511,-0.7199743284664482,-1.0896529477822716,-0.9323692199931181,Typ,Attchd,0.3633000076009236,0.4033288092841152,0.4819198070291069,Ta,Ta,0.31515142833176923,-0.7172050643637078,-0.37071052595830367,-0.10217939216911985,-0.2698934816491846,-0.07638622508638289,0.2500205308079403,-1.370011347245818,Wd,Normal,176000.0
696,-0.0765209535477671,-0.6437224403623983,Rm,-0.962827248488204,-0.9832236144913183,Inside,Brkside,Norm,Norm,1fam,1story,-0.8154008244853307,1.2613861356950078,-1.6446808362351926,-1.6931581880365496,Gable,Compshg,Wdsdng,Wdshng,-0.5718951461336651,Ta,Cblock,Lwq,0.5096385435556812,Unf,-0.2871575004618263,-1.3525867062175287,-1.267475511359812,Gd,Sbrkr,-1.551459376486685,-0.8058476456345897,-0.11183896233236511,-1.9459189774108396,-1.0896529477822716,-1.6261123859984203,Typ,Detchd,-2.3737945686302195,-0.9824399605824299,-1.2499174200057876,Ta,Ta,-0.7459116674968221,-0.7172050643637078,1.789855901700729,-0.10217939216911985,-0.2698934816491846,-0.07638622508638289,-0.11841568718311837,-1.370011347245818,Wd,Normal,89000.0
697,-0.07415595786965466,-0.8779193078215382,Rl,-0.5868175623790824,-0.8499104000004313,Inside,Edwards,Norm,Norm,1fam,1story,-0.8154008244853307,1.2613861356950078,-0.6224649417174848,-1.5956933189944422,Gable,Compshg,Wdsdng,Wdsdng,-0.5718951461336651,Ta,Pconc,Lwq,-0.5168991366822804,Alq,3.2507690123712147,-0.8338074624877005,-0.15346833764986498,Fa,Fusea,0.1279013426174748,-0.8058476456345897,-0.11183896233236511,-0.6940906602545704,-1.0896529477822716,-0.23862605398781578,Typ,Detchd,-1.0881895404004402,-0.9824399605824299,-0.7343704998190993,Ta,Ta,-0.7459116674968221,-0.7172050643637078,-0.37071052595830367,-0.10217939216911985,-0.2698934816491846,-0.07638622508638289,0.9868929667900576,-1.370011347245818,Wd,Normal,123500.0
698,-0.07179096219154223,-0.8779193078215382,Rl,-0.1570922068258007,-0.20556319662781058,Inside,Sawyer,Rrae,Norm,1fam,1story,-0.8154008244853307,2.168426529857338,-0.1937937601455429,1.182055448705619,Gable,Compshg,Metalsd,Metalsd,-0.5718951461336651,Gd,Cblock,Glq,0.35034821386358367,Blq,0.4640900530798539,-0.8219631875166998,-0.41666783473518215,Ex,Sbrkr,-0.6738986999623309,-0.8058476456345897,-0.11183896233236511,-1.291768089874293,0.20923762540902602,-0.9323692199931181,Typ,Detchd,-0.2172958115996219,-0.9824399605824299,-0.5942218224867958,Ta,Ta,2.78530631542073,1.6674215525277536,-0.37071052595830367,-0.10217939216911985,-0.2698934816491846,-0.07638622508638289,-0.8552881231652357,1.6470659127556586,Wd,Normal,138500.0
699,-0.06942596651342979,1.46404936676986,Fv,-0.479386223490762,-1.528538144242137,Inside,Somerst,Norm,Norm,Twnhse,1story,0.7855007178579084,-0.5526946526296532,1.092219784570283,0.9383932761003505,Gable,Compshg,Metalsd,Metalsd,-0.5718951461336651,Ta,Pconc,Glq,-1.0074122154166758,Unf,-0.2871575004618263,1.904588910807649,1.1043804216764763,Ex,Sbrkr,0.894977761306029,-0.8058476456345897,-0.11183896233236511,-0.1222968988467257,-1.0896529477822716,-0.9323692199931181,Typ,Attchd,1.0683092166301575,0.4033288092841152,0.3768082990298792,Ta,Ta,0.5782950760972598,1.899260251392201,-0.37071052595830367,-0.10217939216911985,-0.2698934816491846,-0.07638622508638289,0.2500205308079403,0.1385272827549204,Wd,Normal,196000.0
700,-0.06706097083531735,-0.8779193078215382,Rl,0.9172211820574037,1.6611392186600624,Inside,Timber,Norm,Norm,1fam,1story,1.5859514890295279,-0.5526946526296532,1.0262703720207533,0.8409284070582431,Hip,Compshg,Vinylsd,Vinylsd,3.4709427968317073,Ta,Pconc,Glq,2.1733375425620327,Unf,-0.2871575004618263,-0.10656897926826078,2.3561082624659497,Ex,Sbrkr,2.1860652314443776,-0.8058476456345897,-0.11183896233236511,0.8401049464858196,0.20923762540902602,0.45511711201748645,Typ,Attchd,0.9853669567443653,1.7890975791506603,1.5530561266402845,Ta,Ta,1.5459846194929352,0.5744676864525003,-0.37071052595830367,-0.10217939216911985,-0.2698934816491846,-0.07638622508638289,-0.48685190517417704,-1.370011347245818,Wd,Normal,312500.0
701,-0.0646959751572049,-0.8779193078215382,Rl,0.6486428348366026,0.1594610811448563,Inside,Nwames,Norm,Norm,1fam,1story,0.7855007178579084,-0.5526946526296532,-0.061894935046483836,-0.7672419321365292,Hip,Compshg,Hdboard,Hdboard,0.5061949719904343,Ta,Cblock,Unf,-1.0478669023226053,Unf,-0.2871575004618263,1.4047605070314217,0.4096561677419764,Ta,Sbrkr,0.1784084319138405,-0.8058476456345897,-0.11183896233236511,-0.656441688310021,0.20923762540902602,-0.23862605398781578,Typ,Attchd,-0.38318033137120633,0.4033288092841152,0.366797679220429,Ta,Ta,-0.7459116674968221,-0.7172050643637078,-0.37071052595830367,-0.10217939216911985,-0.2698934816491846,-0.07638622508638289,0.2500205308079403,-1.370011347245818,Cod,Normal,140000.0
703,-0.05996598380098003,3.103427438983839,Rm,0.4337801570599617,-0.4658413773004948,Inside,Oldtown,Feedr,Norm,2fmcon,2story,-0.8154008244853307,3.075466924019669,-2.3371496680052526,0.5485337999319209,Gable,Compshg,Wdsdng,Wdsdng,-0.5718951461336651,Gd,Brktil,Unf,-1.0478669023226053,Unf,-0.2871575004618263,-0.4997989083054823,-2.0509530840788956,Gd,Sbrkr,-0.2382750547811766,1.094710485716104,-0.11183896233236511,0.8683416754442317,1.5081281986003237,1.1488602780227886,Typ,Detchd,0.8609535669156769,0.4033288092841152,1.0875623055008474,Ta,Ta,2.1741339722234616,-0.7172050643637078,0.29923255238558244,-0.10217939216911985,-0.2698934816491846,-0.07638622508638289,-0.48685190517417704,1.6470659127556586,Wd,Normal,140000.0
704,-0.0576009881228676,-0.8779193078215382,Rl,0.11148614039500042,-0.22143381740053522,Inside,Collgcr,Norm,Norm,1fam,1story,0.7855007178579084,-0.5526946526296532,1.092219784570283,0.9871257106214042,Gable,Compshg,Vinylsd,Vinylsd,0.1275799900301851,Ta,Pconc,Glq,0.7523666649912583,Unf,-0.2871575004618263,0.4501119443687696,1.3553380816880578,Ex,Sbrkr,1.1885502178411547,-0.8058476456345897,-0.11183896233236511,0.09653775058096796,0.20923762540902602,0.45511711201748645,Typ,Attchd,1.0683092166301575,0.4033288092841152,0.757211851788989,Ta,Ta,-0.7459116674968221,-0.13760831720258873,-0.37071052595830367,5.1924928920576905,-0.2698934816491846,-0.07638622508638289,-0.48685190517417704,1.6470659127556586,Wd,Normal,213000.0
707,-0.05050600108853028,1.46404936676986,Rl,-1.0702585873765245,-0.90704463478224,Inside,Nridght,Norm,Norm,Twnhse,1story,1.5859514890295279,-0.5526946526296532,1.1581691971198125,1.035858145142458,Hip,Compshg,Metalsd,Metalsd,0.5575325966630105,Ta,Pconc,Glq,1.134157772665968,Unf,-0.2871575004618263,-0.2605445538912692,0.8993296506914036,Ex,Sbrkr,0.6834793248774976,-0.8058476456345897,-0.11183896233236511,-0.2799519688645265,-1.0896529477822716,-0.23862605398781578,Typ,Attchd,1.1512514765159496,0.4033288092841152,0.4769144971243818,Ta,Ta,0.8838812476958942,-0.08792859601734995,-0.37071052595830367,-0.10217939216911985,-0.2698934816491846,-0.07638622508638289,2.0922016207632335,0.8927965977552895,Wd,Normal,254000.0
708,-0.048141005410417846,0.05886816201502109,Rl,-0.1570922068258007,-0.025272944649658596,Inside,Gilbert,Norm,Norm,1fam,2story,0.7855007178579084,-0.5526946526296532,1.1911439033945772,1.0845905796635116,Hip,Compshg,Vinylsd,Vinylsd,-0.5718951461336651,Ta,Pconc,Unf,-1.0478669023226053,Unf,-0.2871575004618263,0.37193972956016536,-0.924704073295213,Ex,Sbrkr,-1.197909751412125,0.9680066102927245,-0.11183896233236511,0.03065204967800643,0.20923762540902602,1.1488602780227886,Typ,Attchd,1.1927226064588459,0.4033288092841152,-0.2738819885843875,Ta,Ta,0.10293880916605094,-0.31976729488179756,-0.37071052595830367,-0.10217939216911985,-0.2698934816491846,-0.07638622508638289,0.2500205308079403,-0.6157420322454488,New,Partial,179540.0
709,-0.0457760097323054,-0.8779193078215382,Rl,0.057770470950840196,-0.6143903877331975,Inside,Sawyer,Norm,Norm,1fam,1story,-0.8154008244853307,1.2613861356950078,-0.16081905387077813,-0.9134392356996903,Gable,Compshg,Hdboard,Hdboard,-0.30878981968671226,Ta,Pconc,Unf,-1.0478669023226053,Unf,-0.2871575004618263,0.7225302687017845,-0.4717561015669927,Ta,Sbrkr,-0.6423317691521023,-0.8058476456345897,-0.11183896233236511,-1.2682374824089495,0.20923762540902602,-0.23862605398781578,Typ,Attchd,-0.5075937211998947,-0.9824399605824299,-0.23383950934658645,Ta,Ta,-0.7459116674968221,-0.7172050643637078,-0.37071052595830367,-0.10217939216911985,-0.2698934816491846,-0.07638622508638289,2.0922016207632335,0.1385272827549204,Wd,Abnorml,109900.0
710,-0.04341101405419297,-0.6437224403623983,Rl,-0.6405332318232426,-1.57678483139122,Inside,Brkside,Norm,Norm,1fam,1story,-2.4163023668285697,0.35434574153267734,-1.1830349483884859,0.8896608415792968,Gable,Compshg,Vinylsd,Vinylsd,-0.5718951461336651,Ta,Cblock,Unf,-1.0478669023226053,Unf,-0.2871575004618263,-0.712995857783494,-2.3263944182379483,Gd,Sbrkr,-1.1947530583311023,-0.8058476456345897,-0.11183896233236511,-1.6800231130524592,-1.0896529477822716,-0.9323692199931181,Maj2,Attchd,0.07300209800065086,-2.368208730448975,-2.2760059504744388,Ta,Ta,-0.7459116674968221,-0.7172050643637078,-0.37071052595830367,-0.10217939216911985,-0.2698934816491846,-0.07638622508638289,0.2500205308079403,0.1385272827549204,Wd,Normal,52000.0
711,-0.041046018376080524,-0.17532870544411872,C(all),-0.10337653738164046,-0.12240114377873344,Inside,Idotrr,Norm,Norm,1fam,1.5fin,-1.6158515956569501,1.2613861356950078,-2.3371496680052526,-1.6931581880365496,Gable,Compshg,Metalsd,Metalsd,-0.5718951461336651,Ta,Stone,Unf,-1.0478669023226053,Unf,-0.2871575004618263,0.6822597338003823,-0.5237839091303693,Gd,Sbrkr,-0.7843829577981308,-0.028568102171934156,-0.11183896233236511,-0.6234988378585402,-1.0896529477822716,0.45511711201748645,Typ,Detchd,-0.590535981085687,-0.9824399605824299,-0.35396694705998955,Ta,Ta,-0.16869334336606842,-0.7172050643637078,1.2706500159842173,-0.10217939216911985,-0.2698934816491846,-0.07638622508638289,-1.9605967771384116,1.6470659127556586,Wd,Abnorml,102776.0
712,-0.03868102269796809,1.46404936676986,Rl,-1.499983942929806,-1.4050647146303394,Inside,Stonebr,Norm,Norm,Twnhse,1story,1.5859514890295279,-0.5526946526296532,0.5646244841740466,0.2074067582845449,Gable,Compshg,Hdboard,Hdboard,-0.5718951461336651,Ta,Pconc,Glq,0.891429651230391,Unf,-0.2871575004618263,-0.2605445538912692,0.6055255609217473,Gd,Sbrkr,0.38043678909930334,-0.8058476456345897,-0.11183896233236511,-0.5058458005318232,-1.0896529477822716,-0.9323692199931181,Typ,Attchd,0.4047711375438197,0.4033288092841152,0.08650032455582177,Ta,Ta,0.6801571332968046,1.2699837830458434,-0.37071052595830367,-0.10217939216911985,-0.2698934816491846,-0.07638622508638289,1.3553291847811162,0.1385272827549204,Wd,Normal,189000.0
713,-0.03631602701985565,3.103427438983839,Rl,-0.42567055404660176,0.24611467056393288,Inside,Brkside,Rran,Norm,2fmcon,1story,-1.6158515956569501,-0.5526946526296532,-0.02892022877171907,-0.7185094976154754,Gable,Compshg,Hdboard,Hdboard,0.45485734731785815,Ta,Cblock,Alq,0.947054845726044,Unf,-0.2871575004618263,-0.9475125022093067,-0.2146775230185434,Ta,Sbrkr,-0.4655569566148223,-0.8058476456345897,-0.11183896233236511,-1.1364660806030265,0.20923762540902602,-0.23862605398781578,Typ,Detchd,-0.34170920142831024,0.4033288092841152,0.6070525546472352,Ta,Ta,-0.7459116674968221,4.052048169419215,-0.37071052595830367,-0.10217939216911985,-0.2698934816491846,-0.07638622508638289,-0.48685190517417704,-1.370011347245818,Wd,Normal,129000.0
714,-0.03395103134174321,0.05886816201502109,Rl,0.057770470950840196,1.402765512480105,Culdsac,Sawyer,Rrae,Norm,1fam,2story,-0.014950053313711128,2.168426529857338,0.1689280088768695,0.9871257106214042,Gable,Compshg,Hdboard,Plywood,1.2826765451631486,Ta,Cblock,Glq,0.2997798552311718,Unf,-0.2871575004618263,-0.8977665473311041,-0.9338854511005147,Ex,Sbrkr,-1.2073798306551937,1.0313585480044143,-0.11183896233236511,0.08477244684829625,0.20923762540902602,-0.23862605398781578,Typ,Attchd,-0.09288242177093359,0.4033288092841152,0.10151625426999715,Ta,Ta,-0.7459116674968221,0.011430846353127591,-0.37071052595830367,-0.10217939216911985,-0.2698934816491846,-0.07638622508638289,-1.2237243411562944,1.6470659127556586,Wd,Normal,130500.0
715,-0.031586035663630774,-0.8779193078215382,Rl,0.5412114959482822,0.3308637854902825,Inside,Nwames,Norm,Norm,1fam,1story,-0.014950053313711128,-0.5526946526296532,0.10297859632734,-0.5235797595312607,Hip,Compshg,Hdboard,Hdboard,0.5446981904948665,Ta,Cblock,Unf,-1.0478669023226053,Unf,-0.2871575004618263,1.1678750076114088,0.10361024089858432,Ta,Sbrkr,0.7655533449840919,-0.8058476456345897,-0.11183896233236511,-0.21877238945463368,0.20923762540902602,0.45511711201748645,Typ,Attchd,-0.1758246816567258,0.4033288092841152,0.11653218398417253,Ta,Ta,-0.7459116674968221,-0.7172050643637078,-0.37071052595830367,-0.10217939216911985,-0.2698934816491846,-0.07638622508638289,0.6184567487989989,0.8927965977552895,Wd,Normal,165000.0
716,-0.029221039985518334,0.2930650294741609,Rm,-0.42567055404660176,0.5403559796902478,Inside,Oldtown,Norm,Norm,1fam,2story,0.7855007178579084,2.168426529857338,-2.6668967307529003,0.6459986689740282,Gable,Compshg,Wdsdng,Vinylsd,-0.5718951461336651,Gd,Brktil,Unf,-1.0478669023226053,Unf,-0.2871575004618263,0.34825117961816404,-0.9553086659795521,Ex,Sbrkr,1.4789659812952576,1.5771598575205108,-0.11183896233236511,2.6143127493727123,0.20923762540902602,1.1488602780227886,Typ,Detchd,0.7365401770869886,0.4033288092841152,1.2477322224520515,Ta,Ta,-0.7459116674968221,0.07767047460011262,2.024335979121089,-0.10217939216911985,-0.2698934816491846,-0.07638622508638289,0.2500205308079403,-0.6157420322454488,Wd,Normal,159500.0
717,-0.0268560443074059,-0.8779193078215382,Rl,0.6486428348366026,0.2864260473266535,Inside,Nwames,Norm,Norm,1fam,1story,-0.8154008244853307,0.35434574153267734,0.07000389005257522,0.7434635380161356,Gable,Compshg,Hdboard,Hdboard,-0.5718951461336651,Ta,Cblock,Blq,1.6929381355541195,Unf,-0.2871575004618263,-1.134652046751117,0.4463816789631834,Gd,Sbrkr,0.2226021350481605,-0.8058476456345897,-0.11183896233236511,-0.6234988378585402,0.20923762540902602,-0.9323692199931181,Typ,Attchd,-0.2172958115996219,0.4033288092841152,-0.07867490230010747,Ta,Ta,1.1555134002280136,-0.7172050643637078,-0.37071052595830367,-0.10217939216911985,-0.2698934816491846,-0.07638622508638289,1.723765402772175,0.1385272827549204,Wd,Normal,157000.0
719,-0.02212605295118102,-0.8779193078215382,Rl,0.057770470950840196,0.26103305409029404,Inside,Collgcr,Norm,Norm,1fam,1story,-0.8154008244853307,0.35434574153267734,-0.061894935046483836,-0.7672419321365292,Gable,Compshg,Hdboard,Plywood,-0.5718951461336651,Ta,Cblock,Alq,0.2744956759149658,Unf,-0.2871575004618263,-0.29133966881587087,-0.1810124710657703,Ta,Sbrkr,-0.4308333327235709,-0.8058476456345897,-0.11183896233236511,-1.1105824123911487,0.20923762540902602,-0.9323692199931181,Typ,Attchd,-0.38318033137120633,-0.9824399605824299,-0.7744129790569003,Ta,Ta,-0.7459116674968221,-0.7172050643637078,-0.37071052595830367,-0.10217939216911985,-0.2698934816491846,-0.07638622508638289,-0.48685190517417704,-1.370011347245818,Wd,Normal,128500.0
720,-0.019761057273068584,1.46404936676986,Rl,0.057770470950840196,-0.8045204245904388,Culdsac,Stonebr,Norm,Norm,1fam,1story,1.5859514890295279,-0.5526946526296532,0.4657003653497524,0.01247702020033009,Gable,Compshg,Hdboard,Hdboard,-0.5718951461336651,Ta,Pconc,Glq,1.8547568831778376,Unf,-0.2871575004618263,0.054513160337348016,2.1786016248967823,Ta,Sbrkr,2.002977032745052,-0.8058476456345897,-0.11183896233236511,0.7036274231868278,-1.0896529477822716,-0.9323692199931181,Typ,Attchd,0.2803577477151314,0.4033288092841152,0.5469888357905336,Ta,Ta,0.22177787589885317,-0.2535276666348125,3.54845648235343,-0.10217939216911985,-0.2698934816491846,-0.07638622508638289,2.0922016207632335,-1.370011347245818,Wd,Normal,275000.0
721,-0.017396061594956144,1.46404936676986,Rm,0.057770470950840196,-1.4828307564166903,Inside,Collgcr,Norm,Norm,Twnhse,1story,-0.014950053313711128,-0.5526946526296532,1.092219784570283,0.9383932761003505,Gable,Compshg,Vinylsd,Vinylsd,0.5126121750745063,Ta,Pconc,Glq,0.6259457684102285,Unf,-0.2871575004618263,-0.9119796772963048,-0.5574489610831425,Ex,Sbrkr,-0.8191065816893823,-0.8058476456345897,-0.11183896233236511,-1.4000088842148726,-2.3885435209735695,-2.3198555520037223,Typ,Attchd,1.0683092166301575,0.4033288092841152,-0.17377579048988492,Ta,Ta,0.6122490951637748,-0.7172050643637078,-0.37071052595830367,-0.10217939216911985,-0.2698934816491846,-0.07638622508638289,-0.48685190517417704,1.6470659127556586,Wd,Normal,143000.0
722,-0.015031065916843705,-0.8779193078215382,Rl,0.11148614039500042,-0.31030929372779326,Inside,Names,Norm,Norm,1fam,1story,-1.6158515956569501,1.2613861356950078,-0.02892022877171907,-0.7185094976154754,Gable,Compshg,Metalsd,Metalsd,-0.5718951461336651,Gd,Cblock,Alq,-0.5649390773830716,Unf,-0.2871575004618263,0.24165270487915824,-0.5084816127881998,Ex,Sbrkr,-0.7685994923930166,-0.8058476456345897,-0.11183896233236511,-1.3623599122703232,0.20923762540902602,-0.9323692199931181,Typ,Detchd,0.6535979172011964,0.4033288092841152,0.04145253541329561,Ta,Ta,-0.7459116674968221,-0.7172050643637078,-0.37071052595830367,-0.10217939216911985,-0.2698934816491846,-0.07638622508638289,0.2500205308079403,0.8927965977552895,Wd,Normal,124500.0
723,-0.012666070238731267,-0.17532870544411872,Rl,-0.42567055404660176,-0.2938038481241596,Inside,Edwards,Norm,Norm,1fam,1.5fin,-1.6158515956569501,0.35434574153267734,-0.5565155291679553,-0.6210446285733681,Gable,Compshg,Metalsd,Metalsd,-0.5718951461336651,Ta,Pconc,Unf,-1.0478669023226053,Unf,-0.2871575004618263,0.8765058433247929,-0.2728262491187879,Ex,Sbrkr,-0.3487593126169766,0.3466702981203823,-0.11183896233236511,0.0635949001294872,1.5081281986003237,0.45511711201748645,Typ,Detchd,-0.8393627607430636,-0.9824399605824299,0.46690387731493155,Ta,Ta,-0.7459116674968221,-0.7172050643637078,-0.37071052595830367,-0.10217939216911985,2.7274941821400422,-0.07638622508638289,-0.48685190517417704,0.1385272827549204,Wd,Normal,135000.0
724,-0.01030107456061883,-0.8779193078215382,Rl,0.970936851501564,1.3294432445101172,Inside,Edwards,Norm,Norm,1fam,1story,2.386402260201147,-0.5526946526296532,1.1911439033945772,1.1333230141845654,Hip,Compshg,Cemntbd,Cmentbd,1.6099539024508216,Ta,Pconc,Glq,2.072200825297209,Unf,-0.2871575004618263,-0.2534379889086688,2.0439414170856898,Ex,Sbrkr,1.864082537180046,-0.8058476456345897,-0.11183896233236511,0.6000927503393169,0.20923762540902602,1.1488602780227886,Typ,Attchd,1.1927226064588459,1.7890975791506603,1.56807205635446,Ta,Ta,2.0298293911907725,0.34262898758805277,-0.37071052595830367,-0.10217939216911985,-0.2698934816491846,-0.07638622508638289,-1.592160559147353,0.8927965977552895,Wd,Normal,320000.0
725,-0.00793607888250639,-0.8779193078215382,Rl,-0.42567055404660176,-0.678507695655005,Inside,Names,Norm,Norm,1fam,1story,-1.6158515956569501,0.35434574153267734,-0.02892022877171907,-0.7185094976154754,Gable,Compshg,Hdboard,Plywood,-0.5718951461336651,Ta,Cblock,Alq,-0.0997101779648822,Blq,1.2474422029267342,-0.7603729576674965,-0.5084816127881998,Ta,Sbrkr,-0.7685994923930166,-0.8058476456345897,-0.11183896233236511,-1.3623599122703232,0.20923762540902602,-0.9323692199931181,Typ,Detchd,0.44624226748671586,0.4033288092841152,1.027498586644146,Ta,Ta,0.06898479009953602,-0.7172050643637078,-0.37071052595830367,-0.10217939216911985,-0.2698934816491846,1.0122072807693752,1.723765402772175,0.8927965977552895,Wd,Normal,120500.0
727,-0.003206087526281514,-0.8779193078215382,Rl,-0.2108078762699609,-0.5661437005841146,Inside,Collgcr,Norm,Norm,1fam,1story,0.7855007178579084,-0.5526946526296532,1.1911439033945772,1.0845905796635116,Gable,Compshg,Vinylsd,Vinylsd,-0.04568449323975943,Ta,Pconc,Glq,0.7827076801707054,Unf,-0.2871575004618263,-0.14920836916386312,0.617767397995483,Ex,Sbrkr,0.39306356142339477,-0.8058476456345897,-0.11183896233236511,-0.49643355754568586,-1.0896529477822716,-0.23862605398781578,Typ,Attchd,1.1927226064588459,0.4033288092841152,0.8873499093118423,Ta,Ta,0.37457096169817033,-0.7172050643637078,-0.37071052595830367,-0.10217939216911985,-0.2698934816491846,-0.07638622508638289,-1.592160559147353,0.8927965977552895,Wd,Normal,194500.0
728,-0.0008410918481690753,0.7614587643924405,Rl,0.9172211820574037,0.7546093601220306,Corner,Names,Norm,Norm,Duplex,1story,-0.8154008244853307,-0.5526946526296532,-0.42461670406889623,-1.3032987118681199,Gable,Compshg,Vinylsd,Vinylsd,0.03773914685317683,Ta,Cblock,Unf,-1.0478669023226053,Unf,-0.2871575004618263,2.3996796045954762,1.695049060484223,Ta,Sbrkr,2.110304597499829,-0.8058476456345897,-0.11183896233236511,0.7836314885689954,1.5081281986003237,1.842603444028091,Typ,Detchd,-0.4246514613141025,1.7890975791506603,2.1687092449214753,Ta,Ta,-0.7459116674968221,-0.3032073878200513,-0.37071052595830367,-0.10217939216911985,-0.2698934816491846,-0.07638622508638289,0.2500205308079403,0.8927965977552895,Cod,Abnorml,110000.0
729,0.001523903829943363,-0.6437224403623983,Rm,-0.8553959095998835,-0.90704463478224,Inside,Idotrr,Norm,Norm,1fam,1.5fin,-1.6158515956569501,-0.5526946526296532,-1.5127820111361334,-1.6931581880365496,Gable,Compshg,Metalsd,Metalsd,-0.5718951461336651,Ta,Cblock,Blq,-0.6635473767162748,Unf,-0.2871575004618263,0.13505423014015241,-0.7655601913366491,Ta,Fusea,-0.8191065816893823,-0.8058476456345897,8.334969849904713,-0.55290701546251,-1.0896529477822716,-0.9323692199931181,Typ,Detchd,-0.6734782409714791,0.4033288092841152,0.4218560881724054,Ta,Ta,-0.7459116674968221,-0.3363272019435438,1.5051300934045773,-0.10217939216911985,-0.2698934816491846,-0.07638622508638289,-1.9605967771384116,0.8927965977552895,Wd,Normal,103000.0
730,0.0038888995080558013,1.46404936676986,Rl,-1.5536996123739664,-1.1771626003340134,Inside,Stonebr,Norm,Norm,Twnhse,1story,1.5859514890295279,-0.5526946526296532,0.7954474280974001,0.5485337999319209,Gable,Compshg,Cemntbd,Cmentbd,-0.5718951461336651,Ta,Pconc,Glq,1.9356662569896967,Unf,-0.2871575004618263,-0.3695118836244751,1.728714112436996,Ex,Sbrkr,1.6052337045361718,-0.8058476456345897,-0.11183896233236511,0.4071417691235009,-1.0896529477822716,-0.9323692199931181,Typ,Attchd,0.6950690471440925,0.4033288092841152,0.7672224715984393,Ta,Ta,1.265863962194187,1.7999008090217237,-0.37071052595830367,-0.10217939216911985,-0.2698934816491846,-0.07638622508638289,-1.2237243411562944,1.6470659127556586,Wd,Normal,236500.0
731,0.0062538951861682394,0.5272618969333007,Rl,0.27263314872748107,0.15628695699031137,Corner,Timber,Norm,Norm,1fam,Slvl,0.7855007178579084,-0.5526946526296532,1.059245078295518,0.8896608415792968,Gable,Compshg,Vinylsd,Vinylsd,2.2645086170261677,Ta,Pconc,Glq,0.9394695919311822,Unf,-0.2871575004618263,-1.1583405966931182,-0.4962397757144641,Ex,Sbrkr,0.12158795645542908,-0.8058476456345897,-0.11183896233236511,-0.6987967817476392,0.20923762540902602,-0.23862605398781578,Typ,Attchd,1.0268380866872613,0.4033288092841152,-0.08368021220483261,Ta,Ta,0.6122490951637748,-0.3528871090052901,-0.37071052595830367,-0.10217939216911985,-0.2698934816491846,-0.07638622508638289,-0.48685190517417704,-0.6157420322454488,Wd,Normal,187500.0
732,0.008618890864280679,0.05886816201502109,Rl,0.3800644876158015,0.7320730786247616,Inside,Collgcr,Norm,Norm,1fam,2story,0.7855007178579084,-0.5526946526296532,0.8943715469216943,0.6947311034950819,Gable,Compshg,Vinylsd,Vinylsd,0.7243798768488829,Ta,Pconc,Alq,-0.4107055835542154,Unf,-0.2871575004618263,0.7817516435567877,0.37599111578920325,Ex,Sbrkr,0.14368480802258907,1.3334985586293964,-0.11183896233236511,1.3836619789352522,0.20923762540902602,1.1488602780227886,Typ,Attchd,0.8194824369727808,0.4033288092841152,0.43186670798185567,Ta,Ta,0.8838812476958942,0.6738271288229779,-0.37071052595830367,-0.10217939216911985,-0.2698934816491846,-0.07638622508638289,0.2500205308079403,0.1385272827549204,Wd,Normal,222500.0
733,0.010983886542393117,-0.8779193078215382,Rl,0.6486428348366026,0.2864260473266535,Corner,Sawyer,Feedr,Norm,1fam,1story,-0.8154008244853307,0.35434574153267734,-0.32569258524460193,-0.08498784884177732,Hip,Compshg,Hdboard,Hdboard,-0.5718951461336651,Ta,Cblock,Blq,0.45401334906002805,Unf,-0.2871575004618263,-0.712995857783494,-0.5084816127881998,Ex,Sbrkr,0.11527457029338337,-0.8058476456345897,-0.11183896233236511,-0.7035029032407079,0.20923762540902602,-0.23862605398781578,Typ,Attchd,-0.7149493709143753,-0.9824399605824299,-0.954604135627005,Ta,Ta,0.6546916189969184,-0.7172050643637078,-0.37071052595830367,-0.10217939216911985,-0.2698934816491846,0.7944885795982236,-1.2237243411562944,0.8927965977552895,Wd,Normal,131400.0
734,0.013348882220505554,-0.8779193078215382,Rl,0.057770470950840196,-0.037969441267838314,Corner,Sawyer,Norm,Norm,1fam,1story,-0.8154008244853307,-0.5526946526296532,-0.0948696413212486,-0.8159743666575829,Gable,Compshg,Plywood,Plywood,-0.5718951461336651,Ta,Pconc,Unf,-1.0478669023226053,Unf,-0.2871575004618263,0.8930878282841939,-0.25140303423975047,Ta,Sbrkr,-0.5034372735870966,-0.8058476456345897,-0.11183896233236511,-1.1647028095614385,0.20923762540902602,-0.23862605398781578,Typ,Attchd,-0.4246514613141025,-0.9824399605824299,-0.7744129790569003,Ta,Ta,0.5018985331976012,-0.7172050643637078,-0.37071052595830367,-0.10217939216911985,-0.2698934816491846,-0.07638622508638289,-0.48685190517417704,-0.6157420322454488,Wd,Family,108000.0
735,0.015713877898617994,0.4101634632037308,Rm,-0.42567055404660176,0.5403559796902478,Inside,Oldtown,Norm,Norm,1fam,2.5unf,0.7855007178579084,1.2613861356950078,-1.875503780158546,-0.7185094976154754,Gable,Compshg,Wdsdng,Wdsdng,-0.5718951461336651,Ta,Brktil,Rec,-0.06178390899057328,Unf,-0.2871575004618263,-0.19184775905946544,-0.45951426449325705,Fa,Sbrkr,-0.7180924030966509,1.3578646885185077,-0.11183896233236511,0.7648070025967206,-1.0896529477822716,-0.23862605398781578,Typ,Detchd,-2.6640924782304922,0.4033288092841152,-0.6743067809623978,Ta,Ta,-0.7459116674968221,4.9297232436917655,-0.37071052595830367,-0.10217939216911985,-0.2698934816491846,-0.07638622508638289,1.3553291847811162,-1.370011347245818,Wd,Normal,163000.0
737,0.02044386925484287,0.05886816201502109,Rl,0.21891747928332086,0.4333879956820837,Culdsac,Gilbert,Norm,Norm,1fam,2story,1.5859514890295279,-0.5526946526296532,1.1251944908450477,0.9871257106214042,Gable,Compshg,Vinylsd,Vinylsd,-0.5718951461336651,Ta,Pconc,Unf,-1.0478669023226053,Unf,-0.2871575004618263,0.7628008036031867,-0.41972829400361605,Ex,Sbrkr,-0.6518018483951709,1.3871040443854414,-0.11183896233236511,0.8424580072323539,0.20923762540902602,1.1488602780227886,Typ,Attchd,1.1097803465730536,1.7890975791506603,1.728241973305664,Ta,Ta,-0.7459116674968221,1.2037441547988583,-0.37071052595830367,-0.10217939216911985,-0.2698934816491846,-0.07638622508638289,-0.11841568718311837,-1.370011347245818,Wd,Normal,239900.0
738,0.02280886493295531,0.7614587643924405,Rl,-0.42567055404660176,0.5403559796902478,Inside,Edwards,Norm,Norm,Duplex,1story,-0.8154008244853307,-0.5526946526296532,0.5316497778992819,0.1586743237634912,Gable,Compshg,Plywood,Plywood,-0.5718951461336651,Ta,Cblock,Glq,1.9862346156221087,Unf,-0.2871575004618263,-1.3525867062175287,0.5198327014055975,Ta,Sbrkr,0.29204938283066334,-0.8058476456345897,-0.11183896233236511,-0.5717315014347848,0.20923762540902602,-0.9323692199931181,Typ,Attchd,0.07300209800065086,-2.368208730448975,-2.2760059504744388,Ta,Ta,0.27270890449862556,-0.7172050643637078,-0.37071052595830367,-0.10217939216911985,-0.2698934816491846,-0.07638622508638289,-1.2237243411562944,0.8927965977552895,Wd,Alloca,179000.0
739,0.025173860611067748,0.05886816201502109,Rl,-0.1570922068258007,0.06836371790941682,Inside,Collgcr,Norm,Norm,1fam,2story,0.7855007178579084,-0.5526946526296532,1.092219784570283,0.9383932761003505,Gable,Compshg,Vinylsd,Vinylsd,-0.5718951461336651,Ta,Pconc,Unf,-1.0478669023226053,Unf,-0.2871575004618263,0.694104008771383,-0.5084816127881998,Ex,Sbrkr,-0.7685994923930166,1.2993859767846403,-0.11183896233236511,0.6706845727353471,0.20923762540902602,0.45511711201748645,Typ,Attchd,1.0683092166301575,0.4033288092841152,0.5870313150283346,Ta,Ta,0.8414387238627505,0.2101497310940827,-0.37071052595830367,-0.10217939216911985,-0.2698934816491846,-0.07638622508638289,-0.8552881231652357,0.8927965977552895,Wd,Normal,190000.0
740,0.027538856289180184,0.2930650294741609,Rm,-0.42567055404660176,0.1594610811448563,Inside,Oldtown,Norm,Norm,1fam,2story,-0.8154008244853307,1.2613861356950078,-2.007402605257605,0.8409284070582431,Gable,Compshg,Wdsdng,Wdshng,-0.5718951461336651,Gd,Brktil,Unf,-1.0478669023226053,Unf,-0.2871575004618263,-0.7272089877486947,-2.344757173848552,Ex,Sbrkr,-1.071642028171211,0.8120633790024111,-0.11183896233236511,-0.025821408238817744,-1.0896529477822716,0.45511711201748645,Typ,Detchd,-2.829976998002077,0.4033288092841152,-0.47409438477339266,Ta,Gd,1.5459846194929352,-0.7172050643637078,1.5051300934045773,-0.10217939216911985,-0.2698934816491846,-0.07638622508638289,-0.48685190517417704,-0.6157420322454488,Wd,Abnorml,132000.0
741,0.029903851967292623,-0.8779193078215382,Rl,-0.1570922068258007,-0.7394508794222677,Inside,Sawyer,Feedr,Norm,1fam,1story,-0.014950053313711128,2.168426529857338,-0.32569258524460193,0.5485337999319209,Hip,Compshg,Hdboard,Hdboard,-0.5718951461336651,Gd,Cblock,Glq,1.0557768167857295,Unf,-0.2871575004618263,-1.1630783066815185,-0.3615795679033716,Gd,Sbrkr,-0.6170782245039195,-0.8058476456345897,-0.11183896233236511,-1.249412996436675,0.20923762540902602,-0.9323692199931181,Typ,Detchd,-0.6734782409714791,-0.9824399605824299,-0.8344766979136019,Ta,Ta,0.6801571332968046,-0.7172050643637078,-0.37071052595830367,-0.10217939216911985,-0.2698934816491846,-0.07638622508638289,-0.48685190517417704,0.1385272827549204,Wd,Normal,142000.0
742,0.03226884764540506,-0.8779193078215382,Rl,-0.1570922068258007,-0.20556319662781058,Inside,Sawyerw,Norm,Norm,1fam,1story,0.7855007178579084,-0.5526946526296532,0.9603209594712239,0.7921959725371894,Gable,Compshg,Vinylsd,Vinylsd,0.1211627869461131,Ta,Pconc,Unf,-1.0478669023226053,Unf,-0.2871575004618263,1.8429986809584458,0.9758411324022517,Ex,Sbrkr,0.762396651903069,-0.8058476456345897,-0.11183896233236511,-0.221125450201168,0.20923762540902602,-0.23862605398781578,Typ,Attchd,0.9024246968585731,0.4033288092841152,0.4218560881724054,Ta,Ta,0.27270890449862556,0.19358982403233643,-0.37071052595830367,-0.10217939216911985,-0.2698934816491846,-0.07638622508638289,2.0922016207632335,-0.6157420322454488,Wd,Normal,179000.0
743,0.0346338433235175,0.5272618969333007,Rl,0.11148614039500042,1.20247827832832,Inside,Sawyer,Norm,Norm,1fam,Slvl,-0.8154008244853307,0.35434574153267734,-0.2597431726950724,0.6947311034950819,Gable,Compshg,Hdboard,Hdboard,-0.5718951461336651,Ta,Cblock,Alq,0.07475065931693883,Unf,-0.2871575004618263,-1.172553726658319,-1.5612796011294683,Ex,Sbrkr,1.1254163562206976,-0.8058476456345897,-0.11183896233236511,0.04947653565028115,0.20923762540902602,-0.23862605398781578,Min2,Attchd,0.7780113070298847,0.4033288092841152,0.1265428037936228,Ta,Ta,1.8176167720250545,-0.7172050643637078,-0.37071052595830367,-0.10217939216911985,1.651508866933653,-0.07638622508638289,1.3553291847811162,0.8927965977552895,Wd,Normal,175000.0
744,0.03699883900162994,1.46404936676986,Rl,-1.446268273485646,-1.1752581258412864,Inside,Stonebr,Norm,Norm,Twnhse,1story,1.5859514890295279,-0.5526946526296532,0.7294980155478705,0.40233649636875973,Gable,Compshg,Hdboard,Hdboard,-0.5718951461336651,Ta,Pconc,Glq,0.8054634415552907,Unf,-0.2871575004618263,0.07820171027934932,0.9391156211810446,Gd,Sbrkr,0.7245163349307947,-0.8058476456345897,-0.11183896233236511,-0.2493621791595801,-1.0896529477822716,-0.9323692199931181,Typ,Attchd,0.6121267872583003,0.4033288092841152,0.036447225508570484,Ta,Ta,0.06898479009953602,-0.7172050643637078,0.8016898611434969,6.074938272762158,-0.2698934816491846,-0.07638622508638289,1.3553291847811162,0.1385272827549204,Wd,Normal,180000.0
745,0.039363834679742374,0.05886816201502109,Rl,0.057770470950840196,-0.042730627499655706,Inside,Nwames,Norm,Norm,1fam,2story,1.5859514890295279,3.075466924019669,0.1689280088768695,0.5485337999319209,Hip,Compshg,Vinylsd,Vinylsd,1.2826765451631486,Gd,Cblock,Glq,0.40597340835923673,Alq,0.22651604042137385,-0.19895432404206584,0.3423260638364301,Ex,Sbrkr,0.21313205580509192,2.9465363572885748,-0.11183896233236511,2.993155529564741,1.5081281986003237,3.2300897760386955,Typ,Builtin,0.6535979172011964,0.4033288092841152,1.883406580352143,Ta,Ta,-0.7459116674968221,2.661015976232529,-0.37071052595830367,-0.10217939216911985,-0.2698934816491846,-0.07638622508638289,0.2500205308079403,0.1385272827549204,Wd,Normal,299800.0
746,0.04172883035785482,0.05886816201502109,Rl,0.057770470950840196,-0.09605591329601053,Inside,Gilbert,Norm,Norm,1fam,2story,0.7855007178579084,-0.5526946526296532,0.9603209594712239,0.7434635380161356,Gable,Compshg,Vinylsd,Vinylsd,-0.5718951461336651,Ta,Pconc,Glq,-0.28934152283642683,Unf,-0.2871575004618263,0.19190675000095553,-0.23916119716601475,Ex,Sbrkr,-0.4024230949943652,2.303270528216032,-0.11183896233236511,1.9131006469054788,1.5081281986003237,1.1488602780227886,Typ,Builtin,0.9024246968585731,0.4033288092841152,0.49693573674328234,Ta,Ta,1.1555134002280136,0.17702991697059017,-0.37071052595830367,-0.10217939216911985,-0.2698934816491846,-0.07638622508638289,-0.8552881231652357,0.8927965977552895,Wd,Normal,236000.0
747,0.04409382603596725,0.2930650294741609,Rm,-0.1570922068258007,0.8260271535992915,Corner,Oldtown,Norm,Norm,1fam,2story,0.7855007178579084,1.2613861356950078,-2.996643793500548,0.8896608415792968,Mansard,Compshg,Stucco,Stucco,-0.5718951461336651,Ta,Stone,Unf,-1.0478669023226053,Unf,-0.2871575004618263,1.5847934865906317,0.6422510721429543,Ta,Sbrkr,0.6708525525534061,2.4104814997281228,-0.11183896233236511,2.816675973574666,1.5081281986003237,1.1488602780227886,Typ,Detchd,-1.1711318002862325,3.174866349017205,2.0485818072080724,Ta,Ta,0.7905076952629781,-0.7172050643637078,6.094240180060197,-0.10217939216911985,-0.2698934816491846,-0.07638622508638289,-0.48685190517417704,0.8927965977552895,Wd,Normal,265979.0
748,0.046458821714079696,-0.8779193078215382,Rl,-0.479386223490762,0.47465160969116776,Inside,Noridge,Norm,Norm,1fam,1story,0.7855007178579084,-0.5526946526296532,0.8284221343721648,0.5485337999319209,Hip,Compshg,Vinylsd,Vinylsd,1.5971194962826776,Ta,Pconc,Glq,1.2757491768367213,Unf,-0.2871575004618263,0.5448661441367748,2.1112715209912363,Ex,Sbrkr,1.933529784962549,-0.8058476456345897,-0.11183896233236511,0.6518600867630723,0.20923762540902602,0.45511711201748645,Typ,Attchd,0.7365401770869886,0.4033288092841152,0.36179236931570385,Ta,Ta,1.2913294764940733,0.2101497310940827,2.208570325665658,-0.10217939216911985,-0.2698934816491846,-0.07638622508638289,-1.2237243411562944,1.6470659127556586,Wd,Normal,260400.0
750,0.05118881307030457,-0.17532870544411872,Rm,-0.6942489012674029,-0.09446885121873806,Corner,Oldtown,Norm,Norm,1fam,1.5fin,-1.6158515956569501,1.2613861356950078,-2.007402605257605,0.9383932761003505,Gable,Compshg,Wdsdng,Wdsdng,-0.5718951461336651,Ta,Brktil,Unf,-1.0478669023226053,Unf,-0.2871575004618263,0.011873770441745686,-1.389893882097169,Gd,Sbrkr,-0.9958813942266622,0.04209367450648907,-0.11183896233236511,-0.7129151462268452,0.20923762540902602,0.45511711201748645,Min2,Attchd,0.07300209800065086,-2.368208730448975,-2.2760059504744388,Ta,Ta,-0.7459116674968221,1.9323800655156935,-0.37071052595830367,-0.10217939216911985,-0.2698934816491846,-0.07638622508638289,-0.11841568718311837,1.6470659127556586,Wd,Normal,96500.0
751,0.05355380874841701,0.05886816201502109,Rl,0.057770470950840196,-0.42775188744595566,Inside,Gilbert,Rran,Norm,1fam,2story,0.7855007178579084,-0.5526946526296532,1.059245078295518,0.8896608415792968,Gable,Compshg,Vinylsd,Vinylsd,-0.5718951461336651,Ta,Pconc,Unf,-1.0478669023226053,Unf,-0.2871575004618263,0.21085758995455656,-1.1328153035487196,Ex,Sbrkr,-1.4125648809216793,0.8023169270467665,-0.11183896233236511,-0.28936421185066385,0.20923762540902602,-0.23862605398781578,Typ,Attchd,1.0268380866872613,0.4033288092841152,-0.2738819885843875,Ta,Ta,-0.7459116674968221,0.07767047460011262,-0.37071052595830367,-0.10217939216911985,-0.2698934816491846,-0.07638622508638289,0.6184567487989989,-0.6157420322454488,Wd,Normal,162000.0
752,0.055918804426529446,-0.8779193078215382,Rl,0.5949271653924424,0.04392296191942086,Inside,Collgcr,Norm,Norm,1fam,1story,-0.014950053313711128,-0.5526946526296532,0.8613968406469296,0.5972662344529746,Gable,Compshg,Vinylsd,Vinylsd,-0.5718951461336651,Gd,Pconc,Glq,1.9862346156221087,Unf,-0.2871575004618263,-0.6916761628356928,1.3737008372986612,Ex,Sbrkr,1.2201171486513833,-0.8058476456345897,-0.11183896233236511,0.12006835804631137,0.20923762540902602,-0.23862605398781578,Typ,Attchd,0.7780113070298847,0.4033288092841152,0.6070525546472352,Ta,Ta,0.6801571332968046,-0.2700875736965588,-0.37071052595830367,-0.10217939216911985,-0.2698934816491846,-0.07638622508638289,0.2500205308079403,-1.370011347245818,Wd,Normal,217000.0
753,0.05828380010464188,0.05886816201502109,Rl,0.6486428348366026,0.3626050270357318,Inside,Nridght,Norm,Norm,1fam,2story,1.5859514890295279,-0.5526946526296532,1.1251944908450477,0.9871257106214042,Gable,Compshg,Vinylsd,Vinylsd,0.5703670028311545,Ta,Pconc,Unf,-1.0478669023226053,Unf,-0.2871575004618263,1.0873339378086044,-0.0004453742281689705,Gd,Sbrkr,-0.21933489629503947,1.7769621226112249,-0.11183896233236511,1.541317048953053,0.20923762540902602,1.1488602780227886,Typ,Attchd,1.1097803465730536,1.7890975791506603,2.118656145874224,Ta,Ta,0.8838812476958942,0.14391010284709765,-0.37071052595830367,-0.10217939216911985,-0.2698934816491846,-0.07638622508638289,-1.2237243411562944,-1.370011347245818,Wd,Normal,275500.0
754,0.060648795782754325,-0.8779193078215382,Rl,-0.3719548846024416,-0.3706176526641469,Inside,Names,Norm,Norm,1fam,1story,-0.014950053313711128,2.168426529857338,-0.061894935046483836,0.9871257106214042,Gable,Compshg,Plywood,Plywood,-0.5718951461336651,Ta,Cblock,Glq,0.062108569658835856,Lwq,2.7435163907490545,-1.080168381884514,-0.012687211301904653,Gd,Sbrkr,-0.2572152132673137,-0.8058476456345897,-0.11183896233236511,-0.98116407133176,0.20923762540902602,-0.9323692199931181,Typ,Detchd,-0.38318033137120633,0.4033288092841152,-0.07366959239538234,Ta,Ta,0.7056226475966908,0.07767047460011262,-0.37071052595830367,-0.10217939216911985,-0.2698934816491846,-0.07638622508638289,0.2500205308079403,0.8927965977552895,Wd,Normal,156000.0
755,0.06301379146086676,2.4008368366064192,Fv,-1.8222779595947676,-1.8624560053002637,Inside,Somerst,Norm,Norm,Twnhse,2story,-0.014950053313711128,-0.5526946526296532,0.9273462531964591,0.6947311034950819,Gable,Compshg,Metalsd,Metalsd,5.1650844110267204,Ta,Pconc,Glq,-0.08453967037515864,Unf,-0.2871575004618263,-0.5282251682358838,-0.921643614026779,Gd,Sbrkr,-1.153716048277805,0.9704432232816356,-0.11183896233236511,0.06594796087602153,0.20923762540902602,-0.23862605398781578,Typ,Detchd,0.8609535669156769,0.4033288092841152,-0.07366959239538234,Ta,Ta,-0.7459116674968221,-0.31976729488179756,-0.37071052595830367,-0.10217939216911985,-0.2698934816491846,-0.07638622508638289,-1.2237243411562944,0.8927965977552895,Wd,Normal,172500.0
756,0.0653787871389792,0.05886816201502109,Rl,0.004054801506679975,0.5305161948111585,Inside,Collgcr,Norm,Norm,1fam,2story,1.5859514890295279,-0.5526946526296532,1.1911439033945772,1.0845905796635116,Gable,Compshg,Vinylsd,Vinylsd,-0.5718951461336651,Ta,Pconc,Glq,-0.9972985436901933,Unf,-0.2871575004618263,0.6514646188757807,-0.5023606942513319,Ex,Sbrkr,-0.7622861062309708,1.3919772703632638,-0.11183896233236511,0.7648070025967206,0.20923762540902602,0.45511711201748645,Typ,Attchd,1.1927226064588459,0.4033288092841152,0.6170631744566853,Ta,Ta,0.4764330188977151,1.0215851771196494,-0.37071052595830367,-0.10217939216911985,-0.2698934816491846,-0.07638622508638289,-0.8552881231652357,0.8927965977552895,Wd,Normal,212000.0
757,0.06774378281709163,0.05886816201502109,Rl,0.057770470950840196,0.799364510701114,Culdsac,Sawyer,Norm,Norm,1fam,2story,-0.014950053313711128,-0.5526946526296532,0.23487742142639906,-0.32865002144704586,Hip,Compshg,Hdboard,Hdboard,1.5329474654419575,Ta,Cblock,Rec,0.059580151727215265,Unf,-0.2871575004618263,-0.7982746375746985,-1.0960897923275126,Ta,Sbrkr,-1.3746845639494052,0.9338940284479684,-0.11183896233236511,-0.1340622025793974,0.20923762540902602,-0.23862605398781578,Typ,Attchd,-0.009940161885141366,0.4033288092841152,-0.07366959239538234,Ta,Ta,2.0977374293238027,-0.7172050643637078,-0.37071052595830367,-0.10217939216911985,-0.2698934816491846,-0.07638622508638289,-0.8552881231652357,1.6470659127556586,Wd,Abnorml,158900.0
758,0.07010877849520408,2.4008368366064192,Fv,-2.3594346540363698,-2.163997799982032,Inside,Somerst,Norm,Norm,Twnhs,2story,0.7855007178579084,-0.5526946526296532,0.9273462531964591,0.6947311034950819,Gable,Compshg,Metalsd,Metalsd,1.738297964132262,Ta,Pconc,Alq,0.3402345421371013,Unf,-0.2871575004618263,-0.8906599823485036,-0.8757367250002702,Gd,Sbrkr,-1.1063656520624623,1.0069924181153027,-0.11183896233236511,0.13653978327205174,0.20923762540902602,-0.23862605398781578,Typ,Detchd,0.8609535669156769,0.4033288092841152,-0.07366959239538234,Ta,Ta,-0.7459116674968221,-0.7172050643637078,-0.37071052595830367,-0.10217939216911985,-0.2698934816491846,-0.07638622508638289,0.6184567487989989,0.1385272827549204,Wd,Normal,179400.0
759,0.07247377417331652,0.05886816201502109,Rl,-0.1570922068258007,1.002825869007444,Inside,Noridge,Norm,Norm,1fam,2story,1.5859514890295279,-0.5526946526296532,0.7954474280974001,0.49980136541086717,Gable,Compshg,Vinylsd,Vinylsd,2.720130035995281,Ta,Pconc,Lwq,-0.9062754981518519,Alq,0.12378133224473381,1.4853015768342261,0.8809668950808001,Ex,Sbrkr,0.696106097201589,2.125397780025519,-0.11183896233236511,2.5601923522024226,1.5081281986003237,1.842603444028091,Typ,Attchd,0.6950690471440925,1.7890975791506603,1.4879870978788579,Ta,Ta,1.138536390694756,0.9056658276874255,-0.37071052595830367,-0.10217939216911985,-0.2698934816491846,-0.07638622508638289,1.723765402772175,-0.6157420322454488,Wd,Normal,290000.0
760,0.07483876985142895,-0.8779193078215382,Rl,0.11148614039500042,0.0007548734176098254,Inside,Names,Norm,Norm,1fam,1story,-0.014950053313711128,0.35434574153267734,-0.3916419977941315,-1.2545662773470663,Hip,Compshg,Wdsdng,Wdsdng,-0.5718951461336651,Ta,Cblock,Rec,0.49952487182919875,Unf,-0.2871575004618263,-0.7556352476790963,-0.5084816127881998,Ex,Sbrkr,-0.7685994923930166,-0.8058476456345897,-0.11183896233236511,-1.3623599122703232,-1.0896529477822716,-0.9323692199931181,Typ,Detchd,1.234193736401742,-0.9824399605824299,-0.7744129790569003,Ex,Ex,-0.7459116674968221,-0.7172050643637078,-0.37071052595830367,-0.10217939216911985,-0.2698934816491846,0.9033479301837994,1.3553291847811162,0.8927965977552895,Wd,Normal,127500.0
761,0.07720376552954139,-0.6437224403623983,Rm,-0.42567055404660176,-0.6940609040122753,Fr2,Brkside,Feedr,Norm,1fam,1story,-0.8154008244853307,-0.5526946526296532,-1.5457567174108982,-1.6931581880365496,Gable,Compshg,Wdsdng,Wdsdng,-0.5718951461336651,Ta,Pconc,Lwq,-0.023857640016264364,Unf,-0.2871575004618263,0.4003659894905669,0.35150744164173187,Ta,Sbrkr,0.6108753840139719,-0.8058476456345897,-0.11183896233236511,-0.3340723660348163,-1.0896529477822716,-0.9323692199931181,Min1,Detchd,-0.5490648511427908,0.4033288092841152,-0.07366959239538234,Ta,Ta,-0.7459116674968221,-0.7172050643637078,-0.37071052595830367,-0.10217939216911985,-0.2698934816491846,-0.07638622508638289,1.3553291847811162,0.8927965977552895,Wd,Normal,100000.0
762,0.07956876120765383,0.05886816201502109,Fv,0.21891747928332086,-0.14525483769145692,Inside,Somerst,Norm,Norm,1fam,2story,0.7855007178579084,-0.5526946526296532,1.2570933159441067,1.182055448705619,Gable,Compshg,Vinylsd,Vinylsd,-0.5718951461336651,Ta,Pconc,Glq,-0.987184871963711,Unf,-0.2871575004618263,0.38141514953696587,-0.8390112137790632,Ex,Sbrkr,-1.0842688004953023,1.1020203246828375,-0.11183896233236511,0.24478057761263142,0.20923762540902602,0.45511711201748645,Typ,Attchd,1.275664866344638,0.4033288092841152,0.79725433102679,Ta,Ta,0.6886456380634334,0.027990753414873847,-0.37071052595830367,-0.10217939216911985,-0.2698934816491846,-0.07638622508638289,-0.11841568718311837,1.6470659127556586,Con,Normal,215200.0
763,0.08193375688576626,0.05886816201502109,Rl,0.756074173724923,0.1055009705175925,Inside,Noridge,Norm,Norm,1fam,2story,1.5859514890295279,-0.5526946526296532,0.9273462531964591,0.6947311034950819,Gable,Compshg,Vinylsd,Vinylsd,3.7468825294468044,Ta,Pconc,Glq,1.8926831521521466,Unf,-0.2871575004618263,-1.1417586117337173,0.6789765833641613,Ex,Sbrkr,0.5067045123402176,1.8671168032009373,-0.11183896233236511,2.1695842682777218,0.20923762540902602,1.1488602780227886,Typ,Attchd,0.8609535669156769,1.7890975791506603,2.0085393279702712,Ta,Ta,-0.7459116674968221,1.4024630395398134,-0.37071052595830367,-0.10217939216911985,3.1886307457999234,-0.07638622508638289,0.2500205308079403,0.8927965977552895,Wd,Normal,337000.0
764,0.08429875256387871,1.46404936676986,Rl,-2.0371406373714085,0.14327304795667717,Culdsac,Veenker,Norm,Norm,Twnhse,1story,1.5859514890295279,-0.5526946526296532,0.7954474280974001,0.5485337999319209,Hip,Compshg,Brkface,Brkface,-0.5718951461336651,Gd,Pconc,Lwq,0.05705173379559467,Glq,6.499754158457455,-1.3525867062175287,1.41960772632517,Ex,Sbrkr,1.2201171486513833,-0.8058476456345897,-0.11183896233236511,0.12006835804631137,-1.0896529477822716,-0.23862605398781578,Typ,Attchd,0.6950690471440925,0.4033288092841152,0.13154811369834793,Ta,Ta,-0.7459116674968221,-0.22040785251132003,-0.37071052595830367,-0.10217939216911985,3.880335591289745,-0.07638622508638289,-0.8552881231652357,-1.370011347245818,Wd,Normal,270000.0
765,0.08666374824199115,-0.8779193078215382,Rl,0.3800644876158015,1.7423967970164127,Inside,Somerst,Norm,Norm,1fam,1story,2.386402260201147,-0.5526946526296532,1.224118609669342,1.1333230141845654,Gable,Compshg,Vinylsd,Vinylsd,1.2505905297427886,Ta,Pconc,Unf,-1.0478669023226053,Unf,-0.2871575004618263,2.195958075094265,1.4318495633989057,Ex,Sbrkr,1.2579974656236577,-0.8058476456345897,-0.11183896233236511,0.14830508700472345,-1.0896529477822716,-0.23862605398781578,Typ,Attchd,1.234193736401742,0.4033288092841152,0.6871375131228372,Ta,Ta,-0.7459116674968221,2.1642187643801414,-0.37071052595830367,-0.10217939216911985,-0.2698934816491846,-0.07638622508638289,0.6184567487989989,0.1385272827549204,New,Partial,264132.0
766,0.08902874392010358,0.05886816201502109,Rl,0.6486428348366026,0.420056674232995,Inside,Nwames,Norm,Norm,1fam,2story,0.7855007178579084,-0.5526946526296532,0.5646244841740466,0.1586743237634912,Gable,Compshg,Hdboard,Hdboard,-0.30237261660264025,Ta,Cblock,Glq,-0.0516702372640909,Unf,-0.2871575004618263,0.03556232038374698,-0.15346833764986498,Ta,Sbrkr,-0.4024230949943652,0.9826262882261914,-0.11183896233236511,0.6377417222838663,0.20923762540902602,0.45511711201748645,Typ,Attchd,0.4047711375438197,0.4033288092841152,0.20662776226922486,Ta,Ta,1.1894674192945285,0.3757488017115453,2.242067479582852,-0.10217939216911985,-0.2698934816491846,1.0122072807693752,-1.2237243411562944,1.6470659127556586,Wd,Normal,196500.0
767,0.09139373959821602,-0.17532870544411872,Rl,0.3800644876158015,1.0824963852865217,Inside,Mitchel,Norm,Norm,1fam,1.5fin,-0.014950053313711128,1.2613861356950078,-1.018161417014662,0.01247702020033009,Gable,Compshg,Vinylsd,Vinylsd,-0.5718951461336651,Ta,Cblock,Alq,0.6208889325469873,Unf,-0.2871575004618263,-0.5874465430908871,-0.14428695984456322,Ex,Sbrkr,-0.3929530157512966,1.063034516860259,-0.11183896233236511,0.7224519091591025,1.5081281986003237,0.45511711201748645,Mod,Attchd,0.44624226748671586,-0.9824399605824299,-0.15875986077570953,Ta,Ta,1.3337720003272169,-0.7172050643637078,2.242067479582852,-0.10217939216911985,-0.2698934816491846,2.7539568901385882,0.2500205308079403,0.1385272827549204,Wd,Normal,160000.0
768,0.09375873527632846,-0.8779193078215382,Rl,0.11148614039500042,0.0007548734176098254,Inside,Collgcr,Norm,Norm,1fam,1story,0.7855007178579084,-0.5526946526296532,1.092219784570283,0.9871257106214042,Hip,Compshg,Vinylsd,Vinylsd,-0.5718951461336651,Ta,Pconc,Glq,-0.987184871963711,Unf,-0.2871575004618263,2.9966310631339086,2.539735818571985,Ex,Sbrkr,2.2997061823612004,-0.8058476456345897,-0.11183896233236511,0.9248151333610558,0.20923762540902602,1.1488602780227886,Typ,Attchd,1.0683092166301575,0.4033288092841152,0.1465640434125233,Ta,Ta,0.27270890449862556,-0.17072813132608125,-0.37071052595830367,-0.10217939216911985,-0.2698934816491846,-0.07638622508638289,1.3553291847811162,-1.370011347245818,Wd,Normal,216837.0
770,0.09848872663255334,0.6443603306628706,Rl,0.057770470950840196,-0.5858232703422931,Culdsac,Sawyer,Norm,Norm,1fam,Sfoyer,-0.8154008244853307,-0.5526946526296532,0.3667762465254581,-0.13372028336283104,Hip,Compshg,Wdsdng,Wdsdng,-0.5718951461336651,Ta,Cblock,Glq,0.6840993808375022,Unf,-0.2871575004618263,-0.9427747922209064,-0.5268443683988033,Ta,Sbrkr,-0.7875396508791537,-0.8058476456345897,-0.11183896233236511,-1.3764782767495292,-1.0896529477822716,-0.9323692199931181,Typ,Detchd,0.19741548782933918,0.4033288092841152,0.6070525546472352,Ta,Ta,0.27270890449862556,-0.7172050643637078,-0.37071052595830367,-0.10217939216911985,-0.2698934816491846,-0.07638622508638289,-0.8552881231652357,0.8927965977552895,Wd,Normal,134900.0
771,0.10085372231066578,-0.8779193078215382,Rl,-0.049660867937480244,-0.07002809522874211,Inside,Edwards,Norm,Norm,1fam,1story,-1.6158515956569501,-0.5526946526296532,-0.6554396479922496,-1.6444257535154958,Gable,Compshg,Wdsdng,Wdsdng,-0.5718951461336651,Ta,Cblock,Lwq,1.065890488512212,Unf,-0.2871575004618263,-1.3525867062175287,-0.5941744723043495,Ta,Fusef,0.3551832444511205,-0.8058476456345897,-0.11183896233236511,-0.524670286504098,-1.0896529477822716,-0.23862605398781578,Typ,Detchd,-1.1296606703433363,0.4033288092841152,-0.293903228203288,Ta,Ta,-0.7459116674968221,-0.7172050643637078,-0.37071052595830367,-0.10217939216911985,-0.2698934816491846,-0.07638622508638289,-0.8552881231652357,-1.370011347245818,Cod,Normal,102000.0
772,0.10321871798877821,0.5272618969333007,Rl,1.4006622070548456,-0.40585043077959565,Inside,Edwards,Norm,Norm,1fam,Slvl,-0.014950053313711128,-0.5526946526296532,0.1689280088768695,-0.42611489048915324,Gable,Compshg,Plywood,Plywood,-0.5718951461336651,Ta,Cblock,Alq,0.019125464821285746,Blq,0.5282992456902539,-0.21553630900146672,-0.003505833496602891,Ta,Sbrkr,0.03004385710576623,-0.8058476456345897,-0.11183896233236511,-0.767035543397135,0.20923762540902602,-0.23862605398781578,Typ,Detchd,-0.09288242177093359,0.4033288092841152,1.0875623055008474,Ta,Ta,0.4764330188977151,-0.7172050643637078,-0.37071052595830367,-0.10217939216911985,-0.2698934816491846,-0.07638622508638289,-1.2237243411562944,1.6470659127556586,Wd,Abnorml,107000.0
773,0.10558371366689065,-0.8779193078215382,Rl,0.11148614039500042,0.33403790964482744,Inside,Names,Feedr,Norm,1fam,1story,-0.8154008244853307,-0.5526946526296532,-0.42461670406889623,-1.3032987118681199,Gable,Compshg,Wdsdng,Wdsdng,-0.5654779430495931,Ta,Cblock,Rec,0.10509167449638597,Unf,-0.2871575004618263,-0.27238882886226984,-0.3615795679033716,Ex,Fusea,-0.6170782245039195,-0.8058476456345897,-0.11183896233236511,-1.249412996436675,-1.0896529477822716,-0.9323692199931181,Typ,Attchd,-0.8393627607430636,-0.9824399605824299,-0.8995457266750285,Ta,Ta,-0.7459116674968221,-0.7172050643637078,-0.37071052595830367,-0.10217939216911985,-0.2698934816491846,-0.07638622508638289,0.2500205308079403,-0.6157420322454488,Cod,Normal,114500.0
775,0.11031370502311552,1.46404936676986,Rm,-1.929709298483088,-1.4593422376730578,Fr2,Mitchel,Norm,Norm,Twnhse,1story,-0.014950053313711128,-0.5526946526296532,0.8943715469216943,0.6459986689740282,Hip,Compshg,Vinylsd,Vinylsd,1.4816098407693812,Ta,Pconc,Glq,1.1417430264608297,Unf,-0.2871575004618263,-0.5519137181778851,0.5320745384793332,Ex,Sbrkr,0.30467615515475477,-0.8058476456345897,-0.11183896233236511,-0.5623192584486474,-1.0896529477822716,-0.9323692199931181,Typ,Attchd,0.8194824369727808,0.4033288092841152,-0.21381826972768594,Ta,Ta,-0.7459116674968221,3.373091979887618,-0.37071052595830367,-0.10217939216911985,-0.2698934816491846,-0.07638622508638289,-0.11841568718311837,0.8927965977552895,Wd,Normal,162000.0
776,0.11267870070122797,-0.8779193078215382,Rl,0.970936851501564,0.6704950700265899,Inside,Collgcr,Norm,Norm,1fam,1story,0.7855007178579084,-0.5526946526296532,1.1251944908450477,1.035858145142458,Gable,Compshg,Vinylsd,Vinylsd,0.9682335940436196,Ta,Pconc,Glq,-0.9972985436901933,Unf,-0.2871575004618263,2.4233681545374774,1.7868628385372405,Ex,Sbrkr,1.598920318374126,-0.8058476456345897,-0.11183896233236511,0.4024356476304322,0.20923762540902602,0.45511711201748645,Typ,Attchd,1.1097803465730536,1.7890975791506603,2.0535871171127975,Ta,Ta,0.4764330188977151,0.25982945227932147,-0.37071052595830367,-0.10217939216911985,-0.2698934816491846,-0.07638622508638289,0.2500205308079403,-1.370011347245818,New,Partial,221500.0
777,0.11504369637934041,-0.8779193078215382,Rl,1.722956223719807,1.3497576390992048,Inside,Sawyer,Norm,Norm,1fam,1story,-0.8154008244853307,-0.5526946526296532,0.10297859632734,-0.5235797595312607,Hip,Compshg,Hdboard,Plywood,-0.5718951461336651,Ta,Cblock,Alq,0.878787561572288,Unf,-0.2871575004618263,-1.1109634968091155,-0.5084816127881998,Ta,Sbrkr,-0.6738986999623309,-0.8058476456345897,-0.11183896233236511,-1.291768089874293,0.20923762540902602,-0.9323692199931181,Typ,Attchd,-0.1758246816567258,0.4033288092841152,-0.07366959239538234,Ta,Ta,1.299817981260702,-0.7172050643637078,-0.37071052595830367,-0.10217939216911985,-0.2698934816491846,-0.07638622508638289,-0.11841568718311837,-1.370011347245818,Wd,Normal,142500.0
779,0.11977368773556528,0.7614587643924405,Rl,0.5412114959482822,0.4546546275175347,Inside,Mitchel,Norm,Norm,Duplex,Sfoyer,-0.014950053313711128,-0.5526946526296532,0.20190271515163427,-0.37738245596809955,Gable,Compshg,Plywood,Imstucc,0.005653131432816733,Ta,Cblock,Glq,1.4173405810074748,Unf,-0.2871575004618263,-1.3525867062175287,-0.1687706339920346,Ta,Sbrkr,-0.3266624610498166,-0.8058476456345897,-0.11183896233236511,-1.0329314077555154,-1.0896529477822716,-1.6261123859984203,Typ,Attchd,-0.05141129182803748,0.4033288092841152,0.24667024150702588,Ta,Ta,-0.7459116674968221,-0.7172050643637078,-0.37071052595830367,-0.10217939216911985,-0.2698934816491846,-0.07638622508638289,-0.48685190517417704,-1.370011347245818,Wd,Normal,135000.0
780,0.12213868341367771,-0.8779193078215382,Rl,-0.2645235457141211,-0.388075335514144,Inside,Gilbert,Norm,Norm,1fam,1story,0.7855007178579084,-0.5526946526296532,0.7954474280974001,0.5485337999319209,Gable,Compshg,Hdboard,Hdboard,-0.3280414289389283,Ta,Pconc,Unf,-1.0478669023226053,Unf,-0.2871575004618263,1.5776869216080311,0.6330696943376526,Gd,Sbrkr,0.45935411612487476,-0.8058476456345897,-0.11183896233236511,-0.4470192818684647,0.20923762540902602,-0.23862605398781578,Typ,Attchd,0.6950690471440925,0.4033288092841152,-0.2638713687749372,Ta,Ta,1.1215593811614986,-0.36944701606703634,-0.37071052595830367,-0.10217939216911985,-0.2698934816491846,-0.07638622508638289,-0.11841568718311837,-0.6157420322454488,Wd,Normal,176000.0
781,0.12450367909179016,0.05886816201502109,Rl,-0.1570922068258007,-0.617247099472288,Inside,Sawyerw,Norm,Norm,1fam,2story,-0.014950053313711128,-0.5526946526296532,0.6965233092731058,0.35360406184770604,Gable,Compshg,Vinylsd,Vinylsd,-0.5718951461336651,Gd,Pconc,Alq,-0.06936916278543506,Unf,-0.2871575004618263,-0.46663493838668046,-0.8237089174368936,Ex,Sbrkr,-0.9390609187682508,1.1263864545719489,-0.11183896233236511,0.3765519794185545,0.20923762540902602,0.45511711201748645,Typ,Attchd,0.5706556573154041,0.4033288092841152,0.1465640434125233,Ta,Ta,-0.7459116674968221,1.3362234112928284,-0.37071052595830367,-0.10217939216911985,-0.2698934816491846,-0.07638622508638289,0.2500205308079403,-1.370011347245818,Wd,Normal,175900.0
782,0.1268686747699026,-0.8779193078215382,Rl,-0.049660867937480244,2.2813630784581416,Inside,Collgcr,Norm,Norm,1fam,1story,0.7855007178579084,-0.5526946526296532,0.9932956657459886,0.8409284070582431,Gable,Compshg,Vinylsd,Vinylsd,-0.5718951461336651,Ta,Pconc,Unf,-1.0478669023226053,Unf,-0.2871575004618263,1.994605400587254,1.1717105255820226,Ex,Sbrkr,1.0180887914659205,-0.8058476456345897,-0.11183896233236511,-0.030527529731886424,0.20923762540902602,-0.23862605398781578,Typ,Attchd,0.9438958268014691,0.4033288092841152,0.7522065418842638,Ta,Ta,-0.7459116674968221,-0.17072813132608125,-0.37071052595830367,-0.10217939216911985,-0.2698934816491846,-0.07638622508638289,-0.11841568718311837,0.8927965977552895,Wd,Normal,187100.0
783,0.12923367044801504,0.6443603306628706,Rl,0.057770470950840196,0.0010722858330643183,Corner,Mitchel,Norm,Norm,1fam,Sfoyer,-0.8154008244853307,0.35434574153267734,0.23487742142639906,-0.32865002144704586,Gable,Compshg,Plywood,Plywood,0.09549397460982502,Gd,Pconc,Glq,1.7258075686651873,Unf,-0.2871575004618263,-1.3525867062175287,0.2046053967569037,Ex,Sbrkr,0.00794700553860623,-0.8058476456345897,-0.11183896233236511,-0.7835069686228754,-2.3885435209735695,-1.6261123859984203,Typ,Attchd,-0.009940161885141366,0.4033288092841152,0.7371906121700885,Ta,Ta,1.8261052767916832,-0.22040785251132003,-0.37071052595830367,-0.10217939216911985,-0.2698934816491846,-0.07638622508638289,0.2500205308079403,0.8927965977552895,Wd,Normal,165500.0
784,0.13159866612612747,0.4101634632037308,Rm,-1.7685622901506073,-0.8879998898549704,Inside,Oldtown,Norm,Norm,1fam,2.5unf,-0.014950053313711128,0.35434574153267734,-1.875503780158546,0.7921959725371894,Gable,Compshg,Wdsdng,Wdshng,-0.5718951461336651,Ta,Cblock,Unf,-1.0478669023226053,Unf,-0.2871575004618263,0.4051036994789672,-0.881857643537138,Ex,Sbrkr,-1.153716048277805,1.0021191921374806,-0.11183896233236511,0.09653775058096796,0.20923762540902602,1.842603444028091,Typ,Attchd,0.07300209800065086,-2.368208730448975,-2.2760059504744388,Ta,Ta,-0.7459116674968221,4.101727890604454,1.8735987864937147,-0.10217939216911985,-0.2698934816491846,-0.07638622508638289,-0.11841568718311837,0.1385272827549204,Wd,Normal,128000.0
785,0.1339636618042399,-0.8779193078215382,Rl,0.057770470950840196,0.21976944008120997,Inside,Nwames,Feedr,Norm,1fam,1story,-0.014950053313711128,-0.5526946526296532,-0.12784434759601337,-0.8647068011786366,Gable,Compshg,Brkface,Wdsdng,-0.5718951461336651,Ta,Cblock,Rec,-0.41323400148583594,Lwq,3.758021633993375,-0.18947890406526532,1.0462316955762319,Ta,Sbrkr,0.740299800335909,-0.8058476456345897,-0.11183896233236511,-0.23759687542690838,0.20923762540902602,0.45511711201748645,Typ,Attchd,-0.46612259125699856,0.4033288092841152,0.011420675984944837,Ta,Ta,-0.7459116674968221,-0.7172050643637078,-0.37071052595830367,-0.10217939216911985,3.5152691450590057,-0.07638622508638289,0.9868929667900576,0.8927965977552895,Wd,Normal,161500.0
786,0.13632865748235234,-0.17532870544411872,Rm,-0.42567055404660176,0.5403559796902478,Inside,Oldtown,Artery,Norm,1fam,1.5fin,-0.8154008244853307,0.35434574153267734,-1.8425290738837812,-1.6931581880365496,Gable,Compshg,Metalsd,Metalsd,-0.5718951461336651,Gd,Pconc,Lwq,0.6866277987691227,Unf,-0.2871575004618263,-1.3525867062175287,-1.0532433625694375,Ta,Sbrkr,-0.44661679812868516,0.8656688647584563,-0.11183896233236511,0.49185195599873716,1.5081281986003237,0.45511711201748645,Typ,Detchd,-0.7149493709143753,-0.9824399605824299,-0.19379703010878543,Ta,Ta,-0.7459116674968221,-0.7172050643637078,2.9120105579267386,-0.10217939216911985,-0.2698934816491846,2.536238188967437,-0.11841568718311837,1.6470659127556586,Wd,Normal,139000.0
787,0.13869365316046478,0.05886816201502109,Rl,0.4337801570599617,0.3314986103211915,Inside,Sawyerw,Norm,Norm,1fam,2story,0.7855007178579084,-0.5526946526296532,1.092219784570283,0.9383932761003505,Gable,Compshg,Vinylsd,Vinylsd,-0.5718951461336651,Ta,Pconc,Glq,0.6107752608205049,Unf,-0.2871575004618263,-0.64193020795749,-0.2269193600922791,Ex,Sbrkr,-0.47818372893891375,1.9426518058571827,-0.11183896233236511,1.5083741985015722,1.5081281986003237,1.1488602780227886,Typ,Builtin,1.0683092166301575,0.4033288092841152,0.8172755706456906,Ta,Ta,-0.7459116674968221,0.027990753414873847,-0.37071052595830367,-0.10217939216911985,-0.2698934816491846,-0.07638622508638289,-1.9605967771384116,1.6470659127556586,Wd,Normal,233000.0
788,0.14105864883857722,-0.8779193078215382,Rm,-0.962827248488204,-0.9832236144913183,Corner,Oldtown,Norm,Norm,1fam,1story,-1.6158515956569501,1.2613861356950078,-0.5565155291679553,0.7434635380161356,Gable,Compshg,Metalsd,Metalsd,-0.5718951461336651,Ta,Cblock,Unf,-1.0478669023226053,Unf,-0.2871575004618263,0.7817516435567877,-0.3952446198561447,Ex,Sbrkr,-0.6518018483951709,-0.8058476456345897,-0.11183896233236511,-1.2752966646485526,-1.0896529477822716,-1.6261123859984203,Typ,Detchd,-1.005247280514648,-0.9824399605824299,-0.8695138672466778,Fa,Ta,-0.7459116674968221,-0.7172050643637078,-0.37071052595830367,-0.10217939216911985,-0.2698934816491846,-0.07638622508638289,0.6184567487989989,0.1385272827549204,Wd,Normal,107900.0
789,0.14342364451668965,0.05886816201502109,Rl,0.057770470950840196,0.9863204234038104,Inside,Clearcr,Norm,Norm,1fam,2story,-0.014950053313711128,2.168426529857338,-0.16081905387077813,1.0845905796635116,Gable,Compshg,Hdboard,Hdboard,0.43560573806564207,Ta,Cblock,Lwq,0.38827448283789257,Unf,-0.2871575004618263,-0.7272089877486947,-0.6064163093780852,Gd,Sbrkr,-0.4150498673184566,1.9012293850456932,-0.11183896233236511,1.5154333807411753,2.8070187717916215,1.842603444028091,Typ,Attchd,-0.5075937211998947,0.4033288092841152,-0.053648352776481834,Ta,Ta,0.38305946646479905,2.0648593220096636,-0.37071052595830367,-0.10217939216911985,-0.2698934816491846,-0.07638622508638289,0.2500205308079403,-0.6157420322454488,Wd,Normal,187500.0
790,0.14578864019480212,1.46404936676986,Rl,-1.3388369345973254,-1.8776918012420794,Inside,Blmngtn,Norm,Norm,Twnhse,1story,0.7855007178579084,-0.5526946526296532,1.1251944908450477,1.035858145142458,Gable,Compshg,Vinylsd,Vinylsd,-0.5013059122088729,Ta,Pconc,Glq,-1.0074122154166758,Unf,-0.2871575004618263,1.3218505822344173,0.35150744164173187,Ex,Sbrkr,0.11843126337440622,-0.8058476456345897,-0.11183896233236511,-0.7011498424941734,-1.0896529477822716,-0.9323692199931181,Typ,Attchd,1.1097803465730536,0.4033288092841152,-0.2888979182985629,Ta,Ta,0.10293880916605094,-0.45224655137576764,-0.37071052595830367,-0.10217939216911985,-0.2698934816491846,-0.07638622508638289,0.9868929667900576,0.8927965977552895,Wd,Normal,160200.0
791,0.14815363587291455,0.5272618969333007,Rl,0.057770470950840196,0.7095367971274925,Corner,Mitchel,Norm,Norm,1fam,Slvl,-0.014950053313711128,-0.5526946526296532,0.1689280088768695,-0.42611489048915324,Gable,Compshg,Hdboard,Hdboard,-0.5718951461336651,Ta,Pconc,Alq,0.31495036282089534,Unf,-0.2871575004618263,-0.19184775905946544,-0.003505833496602891,Ta,Sbrkr,-0.1435742623504909,-0.8058476456345897,-0.11183896233236511,-0.8964538844565237,0.20923762540902602,-0.9323692199931181,Typ,Attchd,-0.09288242177093359,0.4033288092841152,0.4218560881724054,Ta,Ta,0.27270890449862556,-0.7172050643637078,-0.37071052595830367,-0.10217939216911985,-0.2698934816491846,-0.07638622508638289,-0.48685190517417704,-0.6157420322454488,Wd,Normal,146800.0
792,0.150518631551027,0.05886816201502109,Rl,1.2932308681665252,0.26103305409029404,Culdsac,Noridge,Norm,Norm,1fam,2story,0.7855007178579084,-0.5526946526296532,0.8284221343721648,0.5972662344529746,Gable,Compshg,Metalsd,Metalsd,-0.5718951461336651,Ta,Pconc,Glq,1.1316293547343474,Unf,-0.2871575004618263,-0.7485286826964959,0.2658145821255821,Ex,Sbrkr,0.0616107879159948,1.3529914625406854,-0.11183896233236511,1.341306885497634,0.20923762540902602,1.1488602780227886,Typ,Attchd,0.7780113070298847,0.4033288092841152,0.0014100561754945805,Ta,Ta,0.7820191904963494,1.435582853663306,-0.37071052595830367,-0.10217939216911985,-0.2698934816491846,-0.07638622508638289,-0.11841568718311837,-0.6157420322454488,Wd,Normal,269790.0
793,0.15288362722913942,-0.8779193078215382,Rl,0.4337801570599617,0.019164793513970418,Inside,Somerst,Norm,Norm,1fam,1story,1.5859514890295279,-0.5526946526296532,1.1911439033945772,1.0845905796635116,Gable,Compshg,Cemntbd,Cmentbd,0.32651328563641774,Ta,Pconc,Unf,-1.0478669023226053,Unf,-0.2871575004618263,2.1912203651058646,1.4257286448620379,Ex,Sbrkr,1.226430534813429,-0.8058476456345897,-0.11183896233236511,0.12477447953938005,0.20923762540902602,0.45511711201748645,Typ,Attchd,1.1927226064588459,0.4033288092841152,0.09651094436527202,Ta,Ta,0.6801571332968046,1.435582853663306,-0.37071052595830367,-0.10217939216911985,-0.2698934816491846,-0.07638622508638289,-0.11841568718311837,-0.6157420322454488,New,Partial,225000.0
794,0.15524862290725186,0.05886816201502109,Rl,0.057770470950840196,0.5505131769847916,Corner,Gilbert,Norm,Norm,1fam,2story,0.7855007178579084,-0.5526946526296532,0.7624727218226353,0.5485337999319209,Gable,Compshg,Metalsd,Metalsd,-0.5718951461336651,Ta,Pconc,Unf,-1.0478669023226053,Unf,-0.2871575004618263,0.3340380496529633,-0.9736714215901556,Ex,Sbrkr,-0.06781362840594234,1.1653722623945273,-0.11183896233236511,1.0636457174065819,0.20923762540902602,0.45511711201748645,Typ,Attchd,0.6535979172011964,0.4033288092841152,-0.22883419944186134,Ta,Ta,0.46794451413108634,0.0445506604766201,-0.37071052595830367,-0.10217939216911985,-0.2698934816491846,1.0122072807693752,1.3553291847811162,0.1385272827549204,Wd,Normal,194500.0
795,0.1576136185853643,0.05886816201502109,Rl,0.11148614039500042,-0.22143381740053522,Inside,Sawyerw,Norm,Norm,1fam,2story,-0.014950053313711128,0.35434574153267734,0.3008268339759286,-0.18245271788388473,Gable,Compshg,Hdboard,Hdboard,0.26234125479569753,Ta,Cblock,Unf,-1.0478669023226053,Unf,-0.2871575004618263,0.18716904001255527,-1.1634198962330586,Ta,Sbrkr,-0.692838858448468,0.8413027348693448,-0.11183896233236511,0.2847826103037152,0.20923762540902602,0.45511711201748645,Typ,Attchd,0.07300209800065086,0.4033288092841152,0.10652156417472228,Ta,Ta,-0.7459116674968221,0.11079028872360513,-0.37071052595830367,-0.10217939216911985,3.649767309459804,-0.07638622508638289,-0.8552881231652357,1.6470659127556586,Wd,Normal,171000.0
796,0.15997861426347673,-0.8779193078215382,Rl,0.16520180983916063,-0.2858685377377973,Inside,Sawyer,Norm,Norm,1fam,1story,-0.014950053313711128,-0.5526946526296532,0.20190271515163427,-0.37738245596809955,Gable,Compshg,Plywood,Plywood,0.37785091030899387,Ta,Cblock,Unf,-1.0478669023226053,Unf,-0.2871575004618263,0.21085758995455656,-1.1328153035487196,Ex,Sbrkr,0.5603682947176062,-0.8058476456345897,-0.11183896233236511,-0.3717213379793658,0.20923762540902602,0.45511711201748645,Typ,Attchd,-0.05141129182803748,0.4033288092841152,0.366797679220429,Ta,Ta,0.4255019902979427,-0.7172050643637078,-0.37071052595830367,-0.10217939216911985,-0.2698934816491846,-0.07638622508638289,-0.8552881231652357,-0.6157420322454488,Wd,Normal,143500.0
797,0.16234360994158917,-0.8779193078215382,Rl,-0.5868175623790824,-0.45092299377413364,Inside,Names,Norm,Norm,1fam,1story,-0.8154008244853307,-0.5526946526296532,-0.5894902354427201,-1.5469608844733884,Gable,Compshg,Vinylsd,Vinylsd,-0.5718951461336651,Ta,Cblock,Blq,0.39333131870113375,Unf,-0.2871575004618263,-0.8717091423949026,-0.7869834062156865,Gd,Sbrkr,-1.0558585627660966,-0.8058476456345897,-0.11183896233236511,-1.5764884402049482,-1.0896529477822716,-1.6261123859984203,Typ,Attchd,-1.0467184104575442,-0.9824399605824299,-1.0747315733404081,Ta,Ta,-0.7459116674968221,-0.7172050643637078,-0.37071052595830367,-0.10217939216911985,-0.2698934816491846,-0.07638622508638289,-0.8552881231652357,0.1385272827549204,Wd,Abnorml,110000.0
799,0.16707360129781404,-0.17532870544411872,Rl,-0.42567055404660176,-0.6023287159459267,Corner,Swisu,Feedr,Norm,1fam,1.5fin,-0.8154008244853307,1.2613861356950078,-1.1170855358389562,-1.6931581880365496,Gable,Compshg,Wdsdng,Wdsdng,1.0452400310524839,Ta,Brktil,Alq,0.3908029007695132,Unf,-0.2871575004618263,-0.9688321971571079,-0.9155226954899112,Ex,Sbrkr,-0.39926640191334234,1.111766776638482,-0.11183896233236511,0.7648070025967206,0.20923762540902602,0.45511711201748645,Typ,Detchd,-1.6273142296580896,-0.9824399605824299,-1.0747315733404081,Ta,Ta,-0.7459116674968221,-0.7172050643637078,4.050913791111345,-0.10217939216911985,-0.2698934816491846,-0.07638622508638289,-0.11841568718311837,-0.6157420322454488,Wd,Normal,175000.0
800,0.16943859697592648,0.05886816201502109,Rl,0.5949271653924424,1.1745459857683247,Inside,Clearcr,Feedr,Norm,1fam,2story,-0.014950053313711128,-0.5526946526296532,0.8613968406469296,0.5972662344529746,Gable,Compshg,Vinylsd,Vinylsd,-0.5718951461336651,Ta,Pconc,Glq,0.12026218208610953,Unf,-0.2871575004618263,-0.9877830371107089,-1.267475511359812,Gd,Sbrkr,-1.551459376486685,1.8062014784781586,-0.11183896233236511,0.5765621428739734,1.5081281986003237,1.1488602780227886,Typ,Attchd,0.7780113070298847,0.4033288092841152,0.7421959220748137,Ta,Ta,2.6749557534545567,1.1706243406753658,2.7277762113821695,-0.10217939216911985,-0.2698934816491846,0.7944885795982236,-0.48685190517417704,0.1385272827549204,Wd,Normal,200000.0
801,0.17180359265403894,-0.6437224403623983,Rm,-1.499983942929806,-1.3641185130367097,Inside,Idotrr,Norm,Norm,1fam,1story,-1.6158515956569501,1.2613861356950078,-1.8095543676090164,0.2561391928055986,Gable,Compshg,Metalsd,Metalsd,-0.5718951461336651,Ta,Cblock,Lwq,-0.5497685697933481,Unf,-0.2871575004618263,1.0138994329884004,0.5075908643318618,Ex,Fusea,0.2794226105065719,-0.8058476456345897,-0.11183896233236511,-0.5811437444209221,-1.0896529477822716,-0.9323692199931181,Typ,Detchd,-0.8808338906859596,0.4033288092841152,-0.07366959239538234,Ta,Ta,-0.7459116674968221,-0.7172050643637078,-0.37071052595830367,-0.10217939216911985,-0.2698934816491846,-0.07638622508638289,0.2500205308079403,-0.6157420322454488,Wd,Normal,109900.0
802,0.17416858833215138,0.05886816201502109,Rl,-0.2645235457141211,-0.2852337129068883,Inside,Collgcr,Norm,Norm,1fam,2story,0.7855007178579084,-0.5526946526296532,1.1251944908450477,0.9871257106214042,Gable,Compshg,Wdshing,Wdshng,-0.5718951461336651,Ta,Pconc,Glq,0.5905479173675402,Unf,-0.2871575004618263,-1.1630783066815185,-0.924704073295213,Ex,Sbrkr,-1.197909751412125,0.9680066102927245,-0.11183896233236511,0.03065204967800643,0.20923762540902602,0.45511711201748645,Typ,Attchd,1.1097803465730536,0.4033288092841152,-0.2238288895371362,Ta,Ta,-0.4403254958981878,-0.4191267372522751,-0.37071052595830367,-0.10217939216911985,-0.2698934816491846,-0.07638622508638289,1.3553291847811162,0.1385272827549204,Wd,Normal,189000.0
804,0.17889857968837625,-0.8779193078215382,Rl,0.3800644876158015,-0.03098636812783947,Inside,Names,Norm,Norm,1fam,1story,-0.8154008244853307,-0.5526946526296532,-0.5565155291679553,-1.4982284499523348,Gable,Compshg,Wdsdng,Wdsdng,-0.5718951461336651,Ta,Cblock,Lwq,1.0052084581533176,Unf,-0.2871575004618263,-1.0588486869367129,-0.2881285454609575,Ta,Sbrkr,0.06476748099701765,-0.8058476456345897,-0.11183896233236511,-0.7411518751852573,-1.0896529477822716,-0.9323692199931181,Min1,Attchd,-1.005247280514648,-0.9824399605824299,-0.8444873177230522,Ta,Ta,-0.7459116674968221,-0.7172050643637078,-0.37071052595830367,-0.10217939216911985,-0.2698934816491846,-0.07638622508638289,-0.11841568718311837,-1.370011347245818,Wd,Family,118000.0
805,0.18126357536648868,-0.8779193078215382,Rl,1.239515198722365,1.0082218800701703,Fr2,Somerst,Norm,Norm,1fam,1story,0.7855007178579084,-0.5526946526296532,1.224118609669342,1.1333230141845654,Gable,Compshg,Vinylsd,Vinylsd,1.070908843388772,Ta,Pconc,Unf,-1.0478669023226053,Unf,-0.2871575004618263,2.0040808205640546,1.1839523626557582,Ex,Sbrkr,1.0117754053038748,-0.8058476456345897,-0.11183896233236511,-0.03523365122495511,0.20923762540902602,-0.23862605398781578,Typ,Attchd,1.234193736401742,0.4033288092841152,0.49693573674328234,Ta,Ta,-0.7459116674968221,0.27638935934106773,-0.37071052595830367,-0.10217939216911985,-0.2698934816491846,-0.07638622508638289,0.2500205308079403,0.1385272827549204,New,Partial,227680.0
806,0.18362857104460112,0.5272618969333007,Rl,0.3800644876158015,0.20707294346303023,Inside,Names,Norm,Norm,1fam,Slvl,-0.8154008244853307,-0.5526946526296532,-0.12784434759601337,-0.8647068011786366,Gable,Compshg,Vinylsd,Vinylsd,-0.5718951461336651,Ta,Pconc,Alq,-0.036499729674367334,Rec,2.7948837448373745,-1.1157012067975158,-0.15346833764986498,Gd,Sbrkr,-0.4024230949943652,-0.8058476456345897,-0.11183896233236511,-1.0894048656723396,0.20923762540902602,-0.23862605398781578,Typ,Attchd,-0.46612259125699856,-0.9824399605824299,-0.35396694705998955,Ta,Ta,-0.16869334336606842,-0.7172050643637078,-0.37071052595830367,-0.10217939216911985,-0.2698934816491846,-0.07638622508638289,1.3553291847811162,-1.370011347245818,Wd,Normal,135500.0
808,0.188358562400826,0.5272618969333007,Rl,0.9172211820574037,1.3656282598719294,Inside,Names,Norm,Norm,1fam,Slvl,-0.8154008244853307,-0.5526946526296532,-0.16081905387077813,-0.9134392356996903,Gable,Compshg,Vinylsd,Vinylsd,6.14691648288974,Ta,Cblock,Alq,0.25679675039362165,Blq,0.5347201649512939,-0.45242180842147967,-0.018808129838772492,Ta,Sbrkr,-0.06781362840594234,-0.8058476456345897,-0.11183896233236511,-0.8399804265396995,0.20923762540902602,-0.23862605398781578,Typ,Attchd,-0.5075937211998947,0.4033288092841152,0.1465640434125233,Ta,Ta,-0.7459116674968221,-0.7172050643637078,-0.37071052595830367,-0.10217939216911985,-0.2698934816491846,-0.07638622508638289,-0.11841568718311837,-1.370011347245818,Wd,Normal,159950.0
809,0.19072355807893843,0.4101634632037308,Rm,1.1857995292782049,-0.3166575420368831,Corner,Oldtown,Norm,Norm,1fam,2.5unf,-0.8154008244853307,-0.5526946526296532,-2.403099080554782,-0.962171670220744,Hip,Compshg,Asbshng,Asbshng,-0.5718951461336651,Ta,Pconc,Unf,-1.0478669023226053,Unf,-0.2871575004618263,0.658571183858381,-0.5543885018147086,Ta,Fusea,-0.10253725229719376,1.7842719615779583,-0.11183896233236511,1.6354394788144266,-1.0896529477822716,3.2300897760386955,Typ,Detchd,-2.829976998002077,0.4033288092841152,-0.47409438477339266,Fa,Po,-0.4063714768316729,1.8661404372687085,-0.37071052595830367,-0.10217939216911985,-0.2698934816491846,-0.07638622508638289,1.723765402772175,0.8927965977552895,Wd,Normal,106000.0
810,0.19308855375705086,-0.8779193078215382,Rl,0.5412114959482822,0.3308637854902825,Inside,Nwames,Norm,Norm,1fam,1story,-0.014950053313711128,0.35434574153267734,0.10297859632734,0.6947311034950819,Hip,Compshg,Hdboard,Hdboard,0.06340795918946492,Ta,Cblock,Alq,0.628474186341849,Lwq,2.1335290609502544,-1.3525867062175287,0.030159218456170235,Fa,Sbrkr,0.6361289286621548,-0.8058476456345897,-0.11183896233236511,-0.3152478800625416,0.20923762540902602,-0.9323692199931181,Typ,Attchd,-0.1758246816567258,0.4033288092841152,0.1465640434125233,Ta,Ta,1.5035420956597916,-0.7172050643637078,-0.37071052595830367,-0.10217939216911985,-0.2698934816491846,-0.07638622508638289,-1.9605967771384116,-1.370011347245818,Wd,Normal,181000.0
811,0.1954535494351633,1.46404936676986,Rm,0.057770470950840196,-1.4790218074312362,Inside,Collgcr,Norm,Norm,Twnhse,1story,-0.014950053313711128,-0.5526946526296532,1.092219784570283,0.9383932761003505,Gable,Compshg,Vinylsd,Vinylsd,0.5126121750745063,Ta,Pconc,Glq,0.6259457684102285,Unf,-0.2871575004618263,-0.9119796772963048,-0.5574489610831425,Ex,Sbrkr,-0.8191065816893823,-0.8058476456345897,-0.11183896233236511,-1.4000088842148726,-2.3885435209735695,-1.6261123859984203,Typ,Attchd,1.0683092166301575,0.4033288092841152,-0.17377579048988492,Ta,Ta,0.44247899983120015,-0.7172050643637078,-0.37071052595830367,-0.10217939216911985,-0.2698934816491846,-0.07638622508638289,-0.11841568718311837,0.1385272827549204,Conld,Normal,144500.0
812,0.19781854511327573,-0.8779193078215382,C(all),-0.10337653738164046,-0.12240114377873344,Inside,Idotrr,Norm,Norm,1fam,1story,-0.8154008244853307,-0.5526946526296532,-0.6224649417174848,-1.5956933189944422,Hip,Compshg,Wdsdng,Wdsdng,-0.5718951461336651,Ta,Cblock,Unf,-1.0478669023226053,Unf,-0.2871575004618263,-0.07340500934945897,-1.50007041576079,Ta,Fusea,-0.20039473780890232,-0.8058476456345897,-0.11183896233236511,-0.9388089778941419,-1.0896529477822716,-1.6261123859984203,Typ,Basment,-1.0881895404004402,0.4033288092841152,0.24667024150702588,Ta,Ta,-0.7459116674968221,-0.7172050643637078,-0.37071052595830367,-0.10217939216911985,-0.2698934816491846,0.04118187354603899,-0.11841568718311837,1.6470659127556586,Wd,Alloca,55993.0
813,0.2001835407913882,-0.8779193078215382,Rl,0.3800644876158015,0.20707294346303023,Inside,Names,Norm,Norm,1fam,1story,-0.014950053313711128,0.35434574153267734,-0.42461670406889623,-1.3032987118681199,Gable,Compshg,Metalsd,Metalsd,0.9874852032958357,Ta,Cblock,Rec,0.4894112001027164,Unf,-0.2871575004618263,0.6230383589453791,1.2604638443666063,Gd,Sbrkr,1.0559691084381948,-0.8058476456345897,-0.11183896233236511,-0.0022908007734743384,1.5081281986003237,0.45511711201748645,Typ,Attchd,-0.8393627607430636,-0.9824399605824299,-0.7694076691521752,Ta,Ta,-0.7459116674968221,-0.7172050643637078,4.235148137655913,-0.10217939216911985,-0.2698934816491846,1.0122072807693752,-0.8552881231652357,-0.6157420322454488,Cod,Normal,157900.0
814,0.20254853646950063,-0.17532870544411872,Rl,-1.231405595709005,-0.26968050454961817,Inside,Edwards,Norm,Norm,1fam,1.5fin,-0.8154008244853307,1.2613861356950078,-1.7436049550594868,-1.6931581880365496,Gable,Compshg,Stucco,Stucco,-0.5718951461336651,Ta,Brktil,Unf,-1.0478669023226053,Unf,-0.2871575004618263,0.2724478198037599,-1.0532433625694375,Gd,Sbrkr,-1.3304908608150852,0.5684020801112966,-0.11183896233236511,-0.45407846410806774,0.20923762540902602,0.45511711201748645,Typ,Detchd,-0.9637761505717519,-0.9824399605824299,-0.8745191771514029,Ta,Ta,1.011208819195325,-0.7172050643637078,1.237152862067023,-0.10217939216911985,-0.2698934816491846,-0.07638622508638289,0.2500205308079403,-1.370011347245818,Wd,Normal,116000.0
815,0.20491353214761307,-0.8779193078215382,Rl,-1.0702585873765245,0.9647363791529049,Culdsac,Collgcr,Norm,Norm,1fam,1story,0.7855007178579084,-0.5526946526296532,0.8943715469216943,0.6459986689740282,Gable,Compshg,Vinylsd,Vinylsd,2.2645086170261677,Ta,Pconc,Unf,-1.0478669023226053,Unf,-0.2871575004618263,2.5536551792184845,1.8939789129324278,Ex,Sbrkr,1.7472848931822005,-0.8058476456345897,-0.11183896233236511,0.5130295027175462,0.20923762540902602,-0.23862605398781578,Typ,Attchd,0.8194824369727808,0.4033288092841152,0.717169372551188,Ta,Ta,-0.7459116674968221,-0.154168224264335,-0.37071052595830367,-0.10217939216911985,-0.2698934816491846,-0.07638622508638289,-0.48685190517417704,1.6470659127556586,Wd,Normal,224900.0
816,0.2072785278257255,-0.8779193078215382,Rl,0.057770470950840196,0.7387387393493059,Corner,Names,Norm,Norm,1fam,1story,-0.8154008244853307,0.35434574153267734,-0.5565155291679553,-1.4982284499523348,Gable,Compshg,Brkface,Brkface,-0.5718951461336651,Ta,Cblock,Blq,0.1809442124450038,Unf,-0.2871575004618263,-0.1160443992450613,-0.06777547813371522,Gd,Sbrkr,-0.3140356887257252,-0.8058476456345897,-0.11183896233236511,-1.0235191647693782,-1.0896529477822716,-1.6261123859984203,Typ,Attchd,-1.005247280514648,-0.9824399605824299,-0.8995457266750285,Ta,Ta,-0.7459116674968221,-0.7172050643637078,1.6391187090733546,-0.10217939216911985,-0.2698934816491846,-0.07638622508638289,0.2500205308079403,-1.370011347245818,Wd,Normal,137000.0
817,0.20964352350383794,-0.8779193078215382,Rl,0.057770470950840196,1.3227775837855729,Culdsac,Mitchel,Norm,Norm,1fam,1story,1.5859514890295279,-0.5526946526296532,1.0262703720207533,0.8409284070582431,Hip,Compshg,Cemntbd,Cmentbd,0.37785091030899387,Ta,Pconc,Glq,2.0317461383912794,Unf,-0.2871575004618263,-0.5234874582474836,1.6460817121892801,Ex,Sbrkr,1.8356722994508403,-0.8058476456345897,-0.11183896233236511,0.5789152036205077,0.20923762540902602,0.45511711201748645,Typ,Attchd,0.9853669567443653,1.7890975791506603,2.0135446378749964,Ta,Ta,0.5273640474974874,0.25982945227932147,-0.37071052595830367,-0.10217939216911985,-0.2698934816491846,-0.07638622508638289,0.2500205308079403,0.1385272827549204,Wd,Normal,271000.0
818,0.21200851918195038,0.5272618969333007,Rl,0.6486428348366026,-0.08939025257146617,Inside,Clearcr,Norm,Norm,1fam,Slvl,-0.014950053313711128,1.2613861356950078,0.004054477503045694,-0.6697770630944218,Gable,Compshg,Hdboard,Hdboard,-0.05851889940790347,Ta,Cblock,Glq,0.2264557352141745,Unf,-0.2871575004618263,-0.15394607915226338,-0.06165455959684738,Gd,Sbrkr,-0.17514119316071947,-0.8058476456345897,-0.11183896233236511,-0.9199844919218672,0.20923762540902602,-0.23862605398781578,Typ,Attchd,-0.30023807148541415,0.4033288092841152,-0.07366959239538234,Ta,Ta,-0.7459116674968221,-0.7172050643637078,-0.37071052595830367,-0.10217939216911985,-0.2698934816491846,-0.07638622508638289,-0.11841568718311837,1.6470659127556586,Wd,Normal,155000.0
819,0.2143735148600628,1.46404936676986,Rl,-1.2851212651531654,-0.8654636083577014,Inside,Nridght,Norm,Norm,Twnhse,1story,0.7855007178579084,-0.5526946526296532,1.2570933159441067,1.2307878832266728,Gable,Compshg,Vinylsd,Vinylsd,0.24950684862755348,Ta,Pconc,Glq,0.8054634415552907,Unf,-0.2871575004618263,0.12794766515755202,1.003385265818157,Ex,Sbrkr,0.7908068896322747,-0.8058476456345897,-0.11183896233236511,-0.19994790348235894,-1.0896529477822716,-0.23862605398781578,Typ,Attchd,1.3171359962875342,0.4033288092841152,0.1465640434125233,Ta,Ta,0.8838812476958942,-0.13760831720258873,-0.37071052595830367,-0.10217939216911985,-0.2698934816491846,-0.07638622508638289,-0.11841568718311837,1.6470659127556586,New,Partial,224000.0
820,0.21673851053817525,0.05886816201502109,Rl,0.21891747928332086,-0.59407599314411,Culdsac,Collgcr,Norm,Norm,1fam,2story,0.7855007178579084,-0.5526946526296532,1.059245078295518,0.8896608415792968,Gable,Compshg,Vinylsd,Vinylsd,-0.5718951461336651,Ta,Pconc,Unf,-1.0478669023226053,Unf,-0.2871575004618263,0.5377595791541744,-0.7104719245048385,Ex,Sbrkr,-0.9769412357405252,1.245780491028595,-0.11183896233236511,0.4636152270403251,0.20923762540902602,-0.23862605398781578,Typ,Attchd,1.0268380866872613,0.4033288092841152,0.7021534428370126,Ta,Ta,-0.7459116674968221,0.027990753414873847,-0.37071052595830367,-0.10217939216911985,-0.2698934816491846,-0.07638622508638289,-0.11841568718311837,0.1385272827549204,Wd,Normal,183000.0
821,0.21910350621628769,-0.8779193078215382,Rm,-0.42567055404660176,-0.9832236144913183,Inside,Oldtown,Norm,Norm,2fmcon,1story,-1.6158515956569501,-1.4597350467919836,-0.5894902354427201,-1.5469608844733884,Gable,Compshg,Metalsd,Metalsd,-0.5718951461336651,Ta,Cblock,Unf,-1.0478669023226053,Unf,-0.2871575004618263,0.8646615683537923,-0.2881285454609575,Ta,Sbrkr,-0.5413175905593709,-0.8058476456345897,-0.11183896233236511,-1.1929395385198507,-1.0896529477822716,-1.6261123859984203,Min2,Detchd,-0.1758246816567258,0.4033288092841152,0.6070525546472352,Ta,Ta,-0.7459116674968221,-0.1872880383878275,1.5051300934045773,-0.10217939216911985,-0.2698934816491846,-0.07638622508638289,-1.592160559147353,0.8927965977552895,Wd,Normal,93000.0
822,0.22146850189440012,0.05886816201502109,Rl,0.057770470950840196,1.0463113699247095,Corner,Gilbert,Norm,Norm,1fam,2story,0.7855007178579084,-0.5526946526296532,1.059245078295518,0.8896608415792968,Gable,Compshg,Vinylsd,Vinylsd,-0.5718951461336651,Ta,Pconc,Unf,-1.0478669023226053,Unf,-0.2871575004618263,0.6538334738699808,-0.5605094203515764,Ex,Sbrkr,-0.8222632747704052,1.3529914625406854,-0.11183896233236511,0.6824498764680188,0.20923762540902602,0.45511711201748645,Typ,Builtin,1.0268380866872613,0.4033288092841152,-0.10870676172845825,Ta,Ta,0.10293880916605094,0.07767047460011262,-0.37071052595830367,-0.10217939216911985,-0.2698934816491846,-0.07638622508638289,1.3553291847811162,-0.6157420322454488,Wd,Family,225000.0
823,0.22383349757251256,-0.17532870544411872,Rl,-0.42567055404660176,0.25468480578120417,Inside,Swisu,Norm,Norm,1fam,1.5fin,-0.014950053313711128,1.2613861356950078,-1.018161417014662,-1.6931581880365496,Gable,Compshg,Vinylsd,Vinylsd,-0.5718951461336651,Ta,Brktil,Unf,-1.0478669023226053,Unf,-0.2871575004618263,0.4903824792701718,-0.7716811098735169,Ta,Sbrkr,-0.516064045911188,0.5221064333219848,-0.11183896233236511,0.10830305431363967,0.20923762540902602,0.45511711201748645,Typ,Detchd,-1.5858430997151935,-0.9824399605824299,-1.0747315733404081,Ta,Ta,2.0977374293238027,-0.7172050643637078,-0.37071052595830367,-0.10217939216911985,-0.2698934816491846,-0.07638622508638289,0.2500205308079403,0.8927965977552895,Wd,Normal,139500.0
824,0.22619849325062502,-0.8779193078215382,Fv,0.7023585042807629,0.6723995445193169,Inside,Somerst,Norm,Norm,1fam,1story,1.5859514890295279,-0.5526946526296532,1.1581691971198125,1.035858145142458,Gable,Compshg,Vinylsd,Vinylsd,-0.5718951461336651,Ta,Pconc,Unf,-1.0478669023226053,Unf,-0.2871575004618263,2.174638380146464,1.4043054299830005,Ex,Sbrkr,1.204333683246269,-0.8058476456345897,-0.11183896233236511,0.10830305431363967,0.20923762540902602,0.45511711201748645,Typ,Attchd,1.1512514765159496,0.4033288092841152,1.6081145355922608,Ta,Ta,-0.7459116674968221,1.6011819242807686,-0.37071052595830367,-0.10217939216911985,-0.2698934816491846,-0.07638622508638289,-0.11841568718311837,-1.370011347245818,New,Partial,232600.0
826,0.2309284846068499,-0.2924271391736886,Rm,-0.962827248488204,-0.9419600004822342,Inside,Brkside,Norm,Norm,1fam,1.5unf,-0.8154008244853307,0.35434574153267734,-1.5457567174108982,-1.6931581880365496,Gable,Compshg,Metalsd,Metalsd,-0.5718951461336651,Ta,Brktil,Alq,0.934412756067941,Unf,-0.2871575004618263,-1.3525867062175287,-0.7533183542629134,Gd,Sbrkr,-1.0211349388748452,-0.8058476456345897,-0.11183896233236511,-1.5506047719930705,-1.0896529477822716,-0.9323692199931181,Typ,Attchd,0.07300209800065086,-2.368208730448975,-2.2760059504744388,Ta,Ta,-0.7459116674968221,-0.7172050643637078,1.572124401238966,-0.10217939216911985,-0.2698934816491846,-0.07638622508638289,-0.48685190517417704,0.1385272827549204,Wd,Normal,109500.0
827,0.23329348028496233,-0.8779193078215382,Rl,-0.1570922068258007,-0.18048761580690564,Inside,Sawyerw,Norm,Norm,1fam,1story,0.7855007178579084,-0.5526946526296532,0.9932956657459886,0.7921959725371894,Gable,Compshg,Vinylsd,Vinylsd,-0.5718951461336651,Ta,Pconc,Glq,-0.9972985436901933,Unf,-0.2871575004618263,2.044351355465457,1.2971893555878133,Ex,Sbrkr,1.0307155637900118,-0.8058476456345897,-0.11183896233236511,-0.021115286745749064,0.20923762540902602,-0.23862605398781578,Typ,Attchd,0.9438958268014691,0.4033288092841152,0.36179236931570385,Ta,Ta,1.7157547148255097,-0.07136868895560369,-0.37071052595830367,-0.10217939216911985,-0.2698934816491846,-0.07638622508638289,-0.8552881231652357,0.8927965977552895,Wd,Normal,189000.0
829,0.2380234716411872,2.4008368366064192,Fv,-2.3594346540363698,-2.080200922302046,Inside,Somerst,Norm,Norm,Twnhs,2story,0.7855007178579084,-0.5526946526296532,1.1251944908450477,0.9871257106214042,Gable,Compshg,Metalsd,Metalsd,-0.5718951461336651,Ta,Pconc,Unf,-1.0478669023226053,Unf,-0.2871575004618263,0.06872629030254879,-1.3164428596547548,Ex,Sbrkr,-1.8545019122648794,0.7121622464570542,1.7652296626092077,-0.5176111042644949,-1.0896529477822716,-1.6261123859984203,Typ,Detchd,1.1097803465730536,0.4033288092841152,0.1265428037936228,Ta,Ta,-0.7459116674968221,2.0317395078861713,-0.37071052595830367,-0.10217939216911985,-0.2698934816491846,-0.07638622508638289,0.2500205308079403,-1.370011347245818,Wd,Normal,147400.0
830,0.24038846731929964,-0.8779193078215382,Rl,0.6486428348366026,0.8895096366901901,Corner,Names,Norm,Norm,1fam,1story,-0.014950053313711128,-0.5526946526296532,-0.457591410343661,-1.3520311463891737,Gable,Compshg,Hdboard,Hdboard,1.9115624474022066,Ta,Cblock,Rec,1.5816877465628134,Unf,-0.2871575004618263,-0.5187497482590833,1.10744088094491,Ta,Fusea,0.8981344543870519,-0.8058476456345897,-0.11183896233236511,-0.11994383810019137,0.20923762540902602,-0.23862605398781578,Typ,Attchd,-0.8808338906859596,0.4033288092841152,0.016425985889669967,Ta,Ta,-0.7459116674968221,-0.7172050643637078,-0.37071052595830367,-0.10217939216911985,3.419199027629864,-0.07638622508638289,-0.11841568718311837,0.1385272827549204,Wd,Normal,166000.0
831,0.24275346299741207,2.4008368366064192,Fv,-2.0371406373714085,-1.8783266260729885,Inside,Somerst,Norm,Norm,Twnhse,2story,0.7855007178579084,-0.5526946526296532,1.1251944908450477,0.9871257106214042,Gable,Compshg,Metalsd,Metalsd,-0.5718951461336651,Ta,Pconc,Unf,-1.0478669023226053,Unf,-0.2871575004618263,0.06872629030254879,-1.3164428596547548,Ex,Sbrkr,-1.8545019122648794,0.6561201477120978,1.7652296626092077,-0.5717315014347848,-1.0896529477822716,-1.6261123859984203,Typ,Detchd,1.1097803465730536,0.4033288092841152,0.1265428037936228,Ta,Ta,-0.7459116674968221,2.0317395078861713,-0.37071052595830367,-0.10217939216911985,-0.2698934816491846,-0.07638622508638289,-0.11841568718311837,-1.370011347245818,Wd,Normal,151000.0
832,0.2451184586755245,0.05886816201502109,Rl,-1.2851212651531654,0.14295563554122268,Culdsac,Collgcr,Norm,Norm,1fam,2story,0.7855007178579084,0.35434574153267734,1.059245078295518,0.8896608415792968,Gable,Compshg,Vinylsd,Vinylsd,0.8591411416143953,Ta,Pconc,Glq,0.17335895865014203,Unf,-0.2871575004618263,-0.2676511188738696,-0.2728262491187879,Ex,Sbrkr,-0.5255341251542566,1.3578646885185077,-0.11183896233236511,0.9083437081353154,0.20923762540902602,0.45511711201748645,Typ,Attchd,1.0268380866872613,0.4033288092841152,0.7922490211220649,Ta,Ta,0.8838812476958942,-0.07136868895560369,-0.37071052595830367,-0.10217939216911985,-0.2698934816491846,-0.07638622508638289,-1.9605967771384116,1.6470659127556586,Wd,Normal,237000.0
833,0.24748345435363694,-0.8779193078215382,Rl,1.722956223719807,0.28769569698847147,Inside,Names,Norm,Norm,1fam,1story,-0.014950053313711128,0.35434574153267734,-0.22676846642030765,-1.0109041047417977,Gable,Compshg,Hdboard,Plywood,0.5832014089992985,Ta,Cblock,Rec,-0.5522969877249687,Blq,1.9280596445969744,0.9570469131275973,1.4869378302307164,Ta,Sbrkr,1.289564396433886,-0.8058476456345897,-0.11183896233236511,0.17183569447006686,0.20923762540902602,-0.23862605398781578,Typ,Attchd,-0.590535981085687,0.4033288092841152,0.08650032455582177,Ta,Ta,-0.7459116674968221,-0.7172050643637078,-0.37071052595830367,-0.10217939216911985,2.650638088196729,-0.07638622508638289,-1.592160559147353,0.8927965977552895,Wd,Normal,167000.0
834,0.24984845003174938,-0.8779193078215382,Rl,0.3800644876158015,-0.388075335514144,Inside,Names,Norm,Norm,1fam,1story,-0.8154008244853307,0.35434574153267734,-0.32569258524460193,-1.157101408304959,Gable,Compshg,Vinylsd,Vinylsd,0.30084447330012964,Ta,Cblock,Rec,0.39838815456437493,Unf,-0.2871575004618263,0.0023983504649451684,0.34844698237329796,Gd,Sbrkr,0.11527457029338337,-0.8058476456345897,-0.11183896233236511,-0.7035029032407079,0.20923762540902602,-0.23862605398781578,Typ,Attchd,-0.7149493709143753,0.4033288092841152,0.006415366080219709,Ta,Ta,-0.7459116674968221,-0.7172050643637078,-0.37071052595830367,-0.10217939216911985,-0.2698934816491846,-0.07638622508638289,0.9868929667900576,0.1385272827549204,Wd,Normal,139950.0
835,0.2522134457098618,-0.8779193078215382,Rl,-0.42567055404660176,0.1594610811448563,Inside,Sawyer,Norm,Norm,1fam,1story,-1.6158515956569501,1.2613861356950078,-0.6884143542670144,0.49980136541086717,Gable,Compshg,Vinylsd,Hdboard,-0.5718951461336651,Ta,Cblock,Blq,0.06969382345369764,Unf,-0.2871575004618263,0.12794766515755202,0.11279161870388608,Ta,Sbrkr,-0.12779079694537662,-0.8058476456345897,-0.11183896233236511,-0.884688580723852,-1.0896529477822716,-1.6261123859984203,Min2,Attchd,0.7365401770869886,0.4033288092841152,-0.09369083201428287,Ta,Ta,1.7157547148255097,-0.7172050643637078,-0.37071052595830367,-0.10217939216911985,-0.2698934816491846,-0.07638622508638289,-1.592160559147353,1.6470659127556586,Wd,Normal,128000.0
836,0.25457844138797425,-0.6437224403623983,Rm,1.1857995292782049,-0.3166575420368831,Inside,Oldtown,Norm,Norm,1fam,1story,-0.8154008244853307,0.35434574153267734,-0.7543637668165439,-0.5723121940523144,Gable,Compshg,Vinylsd,Vinylsd,-0.5718951461336651,Ta,Brktil,Rec,-0.1932616414348442,Unf,-0.2871575004618263,1.539785241700829,1.618537578773375,Gd,Sbrkr,1.425302198917869,-0.8058476456345897,-0.11183896233236511,0.2730173065710435,-1.0896529477822716,-0.9323692199931181,Min2,Detchd,-1.2540740601720246,0.4033288092841152,1.7883056921623655,Ta,Ta,-0.7459116674968221,1.2037441547988583,3.4814621745190415,-0.10217939216911985,-0.2698934816491846,-0.07638622508638289,-0.11841568718311837,-0.6157420322454488,Cod,Normal,153500.0
837,0.2569434370660867,2.4008368366064192,Rm,-2.5205816623688504,-2.3544452492547276,Inside,Brdale,Norm,Norm,Twnhs,2story,-0.014950053313711128,-0.5526946526296532,0.07000389005257522,-0.5723121940523144,Gable,Compshg,Hdboard,Hdboard,0.4420229411497141,Ta,Cblock,Blq,-0.21348898488780896,Unf,-0.2871575004618263,-0.9901518921049091,-1.6745165940615234,Ta,Sbrkr,-1.9712995562627251,0.4222053007766278,-0.11183896233236511,-1.0729334404465993,-1.0896529477822716,-0.9323692199931181,Typ,Detchd,-0.2172958115996219,-0.9824399605824299,-0.954604135627005,Ta,Ta,-0.7459116674968221,-0.7172050643637078,-0.37071052595830367,-0.10217939216911985,-0.2698934816491846,-0.07638622508638289,1.723765402772175,0.1385272827549204,Wd,Normal,100000.0
838,0.2593084327441991,-0.8779193078215382,Rl,0.3800644876158015,0.13565514998576933,Inside,Collgcr,Norm,Norm,1fam,1story,-0.8154008244853307,0.35434574153267734,0.7954474280974001,1.035858145142458,Gable,Compshg,Vinylsd,Vinylsd,-0.5718951461336651,Ta,Pconc,Unf,-1.0478669023226053,Unf,-0.2871575004618263,1.2507849324084133,0.21072631529377153,Ex,Sbrkr,-0.026776618352645196,-0.8058476456345897,-0.11183896233236511,-0.8093906368347531,0.20923762540902602,-0.23862605398781578,Typ,Attchd,0.8609535669156769,-0.9824399605824299,-0.5141368640111936,Ta,Ta,1.613892657625965,-0.7172050643637078,-0.37071052595830367,-0.10217939216911985,-0.2698934816491846,-0.07638622508638289,-0.11841568718311837,0.1385272827549204,Wd,Normal,144000.0
839,0.26167342842231156,-0.17532870544411872,Rl,0.11148614039500042,0.8472937854347425,Inside,Edwards,Norm,Norm,1fam,1.5fin,-0.8154008244853307,0.35434574153267734,-0.8203131793660734,0.49980136541086717,Gable,Compshg,Metalsd,Metalsd,-0.5718951461336651,Ta,Cblock,Blq,-0.1578637903921559,Unf,-0.2871575004618263,-0.36714302863027504,-0.8022857025578561,Ex,Sbrkr,-1.071642028171211,0.24676916557502532,-0.11183896233236511,-0.5717315014347848,0.20923762540902602,-0.23862605398781578,Typ,Detchd,-1.337016320057817,-0.9824399605824299,-1.0747315733404081,Ta,Ta,-0.7459116674968221,-0.7172050643637078,-0.37071052595830367,-0.10217939216911985,-0.2698934816491846,-0.07638622508638289,-0.48685190517417704,0.1385272827549204,Wd,Normal,130500.0
840,0.264038424100424,0.2930650294741609,Rh,0.057770470950840196,0.9704498026310857,Inside,Swisu,Norm,Norm,1fam,2story,-0.014950053313711128,2.168426529857338,-1.5127820111361334,-1.6931581880365496,Gable,Compshg,Wdsdng,Wdsdng,-0.5718951461336651,Ta,Brktil,Blq,-0.6534337049897925,Unf,-0.2871575004618263,-0.13025752921026207,-1.0960897923275126,Ta,Sbrkr,-0.9390609187682508,0.8315562829137003,-0.11183896233236511,0.09183162908789928,1.5081281986003237,0.45511711201748645,Typ,Detchd,-1.8346698793725702,-0.9824399605824299,-0.2738819885843875,Ta,Ta,-0.7459116674968221,-0.7172050643637078,3.8834280215253734,-0.10217939216911985,-0.2698934816491846,-0.07638622508638289,-1.2237243411562944,0.1385272827549204,Wd,Normal,140000.0
841,0.2664034197785365,0.2930650294741609,Rm,-0.42567055404660176,0.4260875101266304,Inside,Oldtown,Norm,Norm,1fam,2story,-0.8154008244853307,2.168426529857338,-2.2052508429061937,0.8409284070582431,Gable,Compshg,Metalsd,Metalsd,-0.5718951461336651,Ta,Pconc,Unf,-1.0478669023226053,Unf,-0.2871575004618263,0.18716904001255527,-1.1634198962330586,Gd,Sbrkr,-0.471870342776868,0.6098245009227861,-0.11183896233236511,0.22595609164035668,0.20923762540902602,1.1488602780227886,Typ,Detchd,0.19741548782933918,0.4033288092841152,1.1576366441669992,Gd,Ta,-0.15171633383281097,0.5744676864525003,0.7681927072263027,-0.10217939216911985,-0.2698934816491846,-0.07638622508638289,-0.11841568718311837,0.1385272827549204,Wd,Normal,157500.0
842,0.2687684154566489,0.5272618969333007,Rl,0.756074173724923,-0.02463811981874961,Inside,Names,Norm,Norm,1fam,Slvl,-0.014950053313711128,1.2613861356950078,-0.16081905387077813,-0.9134392356996903,Gable,Compshg,Hdboard,Hdboard,0.6024530182515145,Ta,Cblock,Rec,-0.2590005076569797,Alq,3.1737179812387346,-0.6987827278182931,0.2964191748099213,Ta,Sbrkr,0.18156512499486335,-0.8058476456345897,-0.11183896233236511,-0.6540886275634866,0.20923762540902602,-0.23862605398781578,Typ,Attchd,-0.5075937211998947,0.4033288092841152,0.1765959028408741,Gd,Gd,-0.7459116674968221,1.4190229466015596,-0.37071052595830367,-0.10217939216911985,-0.2698934816491846,-0.07638622508638289,-0.48685190517417704,0.1385272827549204,Wd,Normal,174900.0
843,0.27113341113476136,0.7614587643924405,Rl,0.6486428348366026,-0.3483987835823324,Corner,Names,Artery,Norm,Duplex,1story,-0.8154008244853307,-1.4597350467919836,-0.32569258524460193,-1.157101408304959,Gable,Compshg,Brkface,Brkface,-0.5718951461336651,Ta,Cblock,Unf,-1.0478669023226053,Unf,-0.2871575004618263,2.911352283342704,2.3561082624659497,Ex,Sbrkr,2.1860652314443776,-0.8058476456345897,-0.11183896233236511,0.8401049464858196,4.105909344982919,2.536346610033393,Typ,Attchd,0.07300209800065086,-2.368208730448975,-2.2760059504744388,Ta,Ta,-0.7459116674968221,-0.7172050643637078,-0.37071052595830367,-0.10217939216911985,-0.2698934816491846,-0.07638622508638289,0.2500205308079403,-0.6157420322454488,Wd,Normal,141000.0
844,0.2734984068128738,-0.17532870544411872,Rm,1.722956223719807,1.1323301345128771,Inside,Oldtown,Artery,Norm,1fam,1.5fin,-0.8154008244853307,2.168426529857338,-1.8425290738837812,-1.6931581880365496,Gable,Compshg,Wdsdng,Wdsdng,-0.5718951461336651,Ta,Brktil,Unf,-1.0478669023226053,Unf,-0.2871575004618263,0.7225302687017845,-0.4717561015669927,Gd,Sbrkr,-0.7307191754207423,0.509923368377429,-0.11183896233236511,-0.06347038018336719,1.5081281986003237,0.45511711201748645,Typ,Detchd,-1.2126029302291286,1.7890975791506603,1.3278171809276538,Ta,Ta,2.8022833249539874,-0.7172050643637078,2.878513404009544,-0.10217939216911985,-0.2698934816491846,-0.07638622508638289,-0.11841568718311837,0.1385272827549204,Wd,Normal,153900.0
845,0.27586340249098623,0.6443603306628706,Rl,0.057770470950840196,2.396266372852668,Culdsac,Sawyer,Rrae,Norm,1fam,Sfoyer,-0.8154008244853307,-0.5526946526296532,0.13595330260210475,-0.18245271788388473,Gable,Compshg,Hdboard,Hdboard,-0.5718951461336651,Ta,Cblock,Alq,2.4666340226300214,Unf,-0.2871575004618263,-1.3525867062175287,1.1013199624080423,Ta,Sbrkr,1.8735526164231147,-0.8058476456345897,-0.11183896233236511,0.6071519325789199,0.20923762540902602,-0.23862605398781578,Min2,Basment,-0.1343535517138297,0.4033288092841152,0.7822384013126147,Ta,Ta,-0.7459116674968221,-0.7172050643637078,-0.37071052595830367,-0.10217939216911985,-0.2698934816491846,-0.07638622508638289,-1.9605967771384116,-0.6157420322454488,Wd,Normal,171000.0
846,0.27822839816909867,0.05886816201502109,Rl,0.3800644876158015,0.0696333675712348,Inside,Sawyerw,Norm,Norm,1fam,2story,0.7855007178579084,-0.5526946526296532,0.7294980155478705,0.40233649636875973,Gable,Compshg,Hdboard,Hdboard,0.30726167638420165,Ta,Pconc,Alq,0.24921149659875988,Unf,-0.2871575004618263,-0.8148566225340995,-0.8879785620740059,Ex,Sbrkr,-0.32034907488777087,1.0679077428380814,-0.11183896233236511,0.781278427822461,0.20923762540902602,0.45511711201748645,Typ,Attchd,0.6121267872583003,0.4033288092841152,-0.14874924096625927,Ta,Ta,1.2403984478943009,0.4751082440820228,2.8450162500923497,-0.10217939216911985,-0.2698934816491846,-0.07638622508638289,0.2500205308079403,0.8927965977552895,Wd,Normal,213000.0
847,0.2805933938472111,-0.8779193078215382,Rl,-1.714846620706447,2.039494817881818,Culdsac,Collgcr,Norm,Norm,1fam,1story,-0.8154008244853307,0.35434574153267734,0.03702918377781046,-0.6210446285733681,Gable,Compshg,Hdboard,Plywood,-0.5718951461336651,Ta,Cblock,Blq,0.11520534622286835,Unf,-0.2871575004618263,-0.3955692885606766,-0.5084816127881998,Ex,Sbrkr,-0.7685994923930166,-0.8058476456345897,-0.11183896233236511,-1.3623599122703232,0.20923762540902602,-0.9323692199931181,Typ,Attchd,-0.258766941542518,-0.9824399605824299,-0.5842112026773455,Ta,Ta,-0.7459116674968221,-0.7172050643637078,-0.37071052595830367,-0.10217939216911985,-0.2698934816491846,-0.07638622508638289,0.6184567487989989,0.8927965977552895,Wd,Normal,133500.0
849,0.285323385203436,0.5272618969333007,Rl,0.6486428348366026,0.1594610811448563,Fr2,Veenker,Feedr,Norm,1fam,Slvl,-0.014950053313711128,1.2613861356950078,0.1689280088768695,0.4510689308898134,Hip,Compshg,Plywood,Plywood,1.738297964132262,Gd,Cblock,Unf,-1.0478669023226053,Unf,-0.2871575004618263,-0.10183126927986053,-1.536795926981997,Ex,Sbrkr,-0.04256008375775948,1.0484148389267922,-0.11183896233236511,0.9695232875452083,0.20923762540902602,0.45511711201748645,Typ,Attchd,-0.09288242177093359,0.4033288092841152,0.2867127207448269,Ta,Ta,0.21328937113222443,0.9387856418109181,-0.37071052595830367,-0.10217939216911985,-0.2698934816491846,-0.07638622508638289,0.6184567487989989,-0.6157420322454488,Wd,Normal,187000.0
850,0.2876883808815484,1.46404936676986,Rm,-1.714846620706447,-1.4799740446775997,Inside,Collgcr,Norm,Norm,Twnhse,1story,-0.014950053313711128,-0.5526946526296532,1.059245078295518,0.8896608415792968,Gable,Compshg,Vinylsd,Vinylsd,0.5190293781585783,Ta,Pconc,Glq,0.6183605146153667,Unf,-0.2871575004618263,-0.9048731123137044,-0.5574489610831425,Ex,Sbrkr,-0.8191065816893823,-0.8058476456345897,-0.11183896233236511,-1.4000088842148726,-2.3885435209735695,-2.3198555520037223,Typ,Attchd,1.0268380866872613,0.4033288092841152,-0.17377579048988492,Ta,Ta,0.44247899983120015,-0.7172050643637078,-0.37071052595830367,-0.10217939216911985,-0.2698934816491846,-0.07638622508638289,1.723765402772175,-0.6157420322454488,Wd,Normal,131500.0
851,0.29005337655966085,1.46404936676986,Rl,0.057770470950840196,-1.8732480274257166,Inside,Blmngtn,Norm,Norm,Twnhse,1story,1.5859514890295279,-0.5526946526296532,1.059245078295518,0.8896608415792968,Gable,Compshg,Vinylsd,Vinylsd,-0.3152070227707843,Ta,Pconc,Unf,-1.0478669023226053,Unf,-0.2871575004618263,1.6629657013992358,0.7432462280012737,Ex,Sbrkr,1.1001628115725148,-0.8058476456345897,-0.11183896233236511,0.03065204967800643,-1.0896529477822716,0.45511711201748645,Typ,Attchd,1.0268380866872613,0.4033288092841152,-0.2738819885843875,Ta,Ta,0.46794451413108634,-0.3860069231287826,-0.37071052595830367,-0.10217939216911985,-0.2698934816491846,-0.07638622508638289,-0.48685190517417704,-1.370011347245818,Wd,Normal,215000.0
852,0.2924183722377733,0.4101634632037308,Rl,-0.8016802401557234,-0.6251824098586503,Inside,Crawfor,Norm,Norm,1fam,2.5unf,0.7855007178579084,-0.5526946526296532,-0.9851867107398973,-1.6931581880365496,Gable,Compshg,Metalsd,Metalsd,-0.5718951461336651,Gd,Cblock,Rec,-0.12752277521270874,Unf,-0.2871575004618263,-0.04024103943065716,-0.34321681229276807,Gd,Sbrkr,-0.5981380660177823,0.9680066102927245,-0.11183896233236511,0.47773359151953115,1.5081281986003237,0.45511711201748645,Typ,Detchd,-1.5443719697722975,-0.9824399605824299,-1.0747315733404081,Ta,Ta,-0.7459116674968221,-0.7172050643637078,-0.37071052595830367,-0.10217939216911985,2.1510734775651907,-0.07638622508638289,0.6184567487989989,-0.6157420322454488,Wd,Normal,164000.0
853,0.2947833679158857,0.5272618969333007,Rl,0.057770470950840196,0.9514050577038162,Corner,Names,Norm,Norm,1fam,Slvl,-0.014950053313711128,0.35434574153267734,-0.22676846642030765,-1.0109041047417977,Gable,Compshg,Metalsd,Hdboard,0.16608320853461722,Gd,Cblock,Rec,0.3781608111114102,Unf,-0.2871575004618263,-0.018921344482855998,0.2964191748099213,Ta,Sbrkr,1.0654391876812632,-0.8058476456345897,-0.11183896233236511,0.004768381466128683,0.20923762540902602,0.45511711201748645,Typ,Attchd,-0.590535981085687,0.4033288092841152,0.952418938073269,Ta,Ta,0.7820191904963494,-0.7172050643637078,-0.37071052595830367,-0.10217939216911985,-0.2698934816491846,-0.07638622508638289,0.6184567487989989,0.8927965977552895,Wd,Normal,158000.0
855,0.2995133592721106,-0.8779193078215382,Rl,0.057770470950840196,-0.6985046778286381,Corner,Sawyer,Norm,Norm,1fam,1story,-0.8154008244853307,2.168426529857338,-0.2927178789698372,1.2307878832266728,Gable,Compshg,Hdboard,Hdboard,-0.5718951461336651,Gd,Cblock,Alq,0.6183605146153667,Unf,-0.2871575004618263,-0.4500529534272795,0.030159218456170235,Ex,Sbrkr,-0.21302151013299375,-0.8058476456345897,-0.11183896233236511,-0.9482212208802793,0.20923762540902602,-0.23862605398781578,Typ,Detchd,-0.6734782409714791,-0.9824399605824299,-0.9746253752459055,Ta,Ta,-0.7459116674968221,1.005025270057903,-0.37071052595830367,-0.10217939216911985,-0.2698934816491846,-0.07638622508638289,-0.8552881231652357,1.6470659127556586,Wd,Normal,127000.0
856,0.301878354950223,0.5272618969333007,Rl,0.057770470950840196,0.5943160903175116,Inside,Collgcr,Norm,Norm,1fam,Slvl,-0.014950053313711128,0.35434574153267734,0.23487742142639906,-0.32865002144704586,Gable,Compshg,Plywood,Hdboard,-0.5718951461336651,Ta,Cblock,Glq,0.22898415314579512,Lwq,2.5059423780905745,-1.3525867062175287,-0.2758867083872218,Ta,Sbrkr,-0.2572152132673137,-0.8058476456345897,-0.11183896233236511,-0.98116407133176,0.20923762540902602,-0.9323692199931181,Typ,Detchd,0.11447322794354696,0.4033288092841152,0.6070525546472352,Ta,Fa,-0.7459116674968221,-0.7172050643637078,0.19874109063399953,-0.10217939216911985,-0.2698934816491846,-0.07638622508638289,1.3553291847811162,0.1385272827549204,Wd,Normal,147000.0
857,0.30424335062833546,0.05886816201502109,Rl,-0.1570922068258007,-0.3087222316505208,Inside,Gilbert,Norm,Norm,1fam,2story,-0.014950053313711128,-0.5526946526296532,0.7624727218226353,0.49980136541086717,Gable,Compshg,Hdboard,Hdboard,-0.5718951461336651,Ta,Pconc,Unf,-1.0478669023226053,Unf,-0.2871575004618263,0.310349499710962,-1.0042760142744949,Gd,Sbrkr,-1.2799837715187194,1.0922738727271928,-0.11183896233236511,0.08947856834136494,0.20923762540902602,-0.23862605398781578,Typ,Attchd,0.6535979172011964,0.4033288092841152,-0.5591846531537198,Ta,Ta,-0.7459116674968221,-0.12104841014084247,-0.37071052595830367,-0.10217939216911985,-0.2698934816491846,-0.07638622508638289,-1.2237243411562944,0.8927965977552895,Wd,Normal,174000.0
858,0.3066083463064479,-0.8779193078215382,Rl,0.6486428348366026,0.41339101350845064,Inside,Nwames,Norm,Norm,1fam,1story,0.7855007178579084,-0.5526946526296532,0.1689280088768695,-0.42611489048915324,Gable,Compshg,Hdboard,Hdboard,0.6409562367559467,Ta,Cblock,Unf,-1.0478669023226053,Unf,-0.2871575004618263,1.229465237460612,0.18318218187786625,Ta,Sbrkr,0.828687206604549,-0.8058476456345897,-0.11183896233236511,-0.17171117452394685,0.20923762540902602,-0.23862605398781578,Typ,Attchd,-0.09288242177093359,0.4033288092841152,0.12153749388889767,Ta,Ta,-0.7459116674968221,-0.7172050643637078,-0.37071052595830367,-0.10217939216911985,-0.2698934816491846,-0.07638622508638289,-0.11841568718311837,0.8927965977552895,Wd,Family,152000.0
859,0.30897334198456033,0.05886816201502109,Rl,0.057770470950840196,0.6130434228293267,Corner,Nwames,Posa,Norm,1fam,2story,-0.014950053313711128,1.2613861356950078,-0.0948696413212486,-0.036255414320723614,Gable,Compshg,Hdboard,Hdboard,0.8398895323621792,Ta,Cblock,Blq,0.5172237973505429,Unf,-0.2871575004618263,-0.32213478374047255,0.07300564821424511,Ta,Sbrkr,1.2769376241097947,1.9767643877019387,-0.11183896233236511,2.8496188240261464,1.5081281986003237,1.842603444028091,Typ,Attchd,-0.4246514613141025,0.4033288092841152,0.8222808805504157,Ta,Ta,-0.7459116674968221,0.35918889464979903,-0.37071052595830367,-0.10217939216911985,3.995619732204715,-0.07638622508638289,0.6184567487989989,-1.370011347245818,Wd,Normal,250000.0
860,0.31133833766267277,-0.17532870544411872,Rl,-0.6942489012674029,-0.4620324283150409,Corner,Crawfor,Norm,Norm,1fam,1.5fin,0.7855007178579084,2.168426529857338,-1.7436049550594868,0.6459986689740282,Gable,Compshg,Wdsdng,Wdsdng,-0.5718951461336651,Ta,Brktil,Unf,-1.0478669023226053,Unf,-0.2871575004618263,0.8078090484929892,-0.3615795679033716,Gd,Sbrkr,-0.6170782245039195,0.44657143066573923,-0.11183896233236511,-0.039939772718023785,0.20923762540902602,0.45511711201748645,Typ,Detchd,-2.2079100488586354,-0.9824399605824299,-1.194859011053811,Ta,Ta,-0.7459116674968221,3.2571726304553943,-0.37071052595830367,-0.10217939216911985,-0.2698934816491846,-0.07638622508638289,-0.11841568718311837,-0.6157420322454488,Wd,Normal,189950.0
861,0.3137033333407852,3.103427438983839,Rl,0.3800644876158015,0.8022212224402046,Inside,Sawyer,Norm,Norm,2fmcon,1story,-0.8154008244853307,-1.4597350467919836,-0.1937937601455429,-0.962171670220744,Hip,Compshg,Plywood,Hdboard,-0.5718951461336651,Ta,Pconc,Blq,1.078532578170315,Unf,-0.2871575004618263,-0.8835534173659032,0.027098759187736313,Ex,Sbrkr,-0.21617820321401662,-0.8058476456345897,-0.11183896233236511,-0.9505742816268136,0.20923762540902602,-0.23862605398781578,Typ,Attchd,-0.5490648511427908,0.4033288092841152,0.24667024150702588,Ta,Ta,-0.7459116674968221,-0.7172050643637078,-0.37071052595830367,-0.10217939216911985,-0.2698934816491846,-0.07638622508638289,-0.8552881231652357,1.6470659127556586,Wd,Normal,131500.0
862,0.31606832901889764,-0.8779193078215382,Rl,0.7023585042807629,0.1823147750575798,Corner,Sawyerw,Norm,Norm,1fam,1story,-0.014950053313711128,-0.5526946526296532,0.4327256590749876,0.01247702020033009,Hip,Compshg,Hdboard,Plywood,-0.5718951461336651,Ta,Pconc,Glq,-0.1932616414348442,Unf,-0.2871575004618263,0.310349499710962,0.030159218456170235,Ta,Sbrkr,-0.03309000451469091,-0.8058476456345897,-0.11183896233236511,-0.8140967583278218,0.20923762540902602,-0.23862605398781578,Typ,Attchd,0.32182887765802753,0.4033288092841152,0.1265428037936228,Ta,Ta,-0.7459116674968221,-0.7172050643637078,-0.37071052595830367,-0.10217939216911985,-0.2698934816491846,-0.07638622508638289,-0.48685190517417704,1.6470659127556586,Wd,Normal,152000.0
863,0.3184333246970101,-0.8779193078215382,Rl,0.11148614039500042,-0.3703002402486924,Inside,Names,Norm,Norm,1fam,1story,-0.8154008244853307,-0.5526946526296532,-0.3916419977941315,-1.2545662773470663,Hip,Compshg,Brkface,Plywood,-0.5718951461336651,Ta,Cblock,Blq,1.8547568831778376,Unf,-0.2871575004618263,-1.3525867062175287,0.3606888194470336,Ta,Sbrkr,0.1279013426174748,-0.8058476456345897,-0.11183896233236511,-0.6940906602545704,0.20923762540902602,-0.23862605398781578,Typ,Attchd,-0.7978916308001675,-0.9824399605824299,1.0875623055008474,Ta,Ta,-0.7459116674968221,-0.7172050643637078,-0.37071052595830367,-0.10217939216911985,-0.2698934816491846,-0.07638622508638289,0.2500205308079403,0.8927965977552895,Wd,Normal,132500.0
864,0.32079832037512257,-0.8779193078215382,Fv,0.21891747928332086,-0.14525483769145692,Inside,Somerst,Norm,Norm,1fam,1story,0.7855007178579084,-0.5526946526296532,1.1911439033945772,1.1333230141845654,Gable,Compshg,Vinylsd,Vinylsd,-0.5718951461336651,Ta,Pconc,Unf,-1.0478669023226053,Unf,-0.2871575004618263,1.8974823458250487,1.0462316955762319,Ex,Sbrkr,0.8350005927665948,-0.8058476456345897,-0.11183896233236511,-0.16700505303087818,0.20923762540902602,-0.23862605398781578,Typ,Attchd,1.234193736401742,0.4033288092841152,0.3718029891251541,Ta,Ta,-0.7459116674968221,1.6011819242807686,-0.37071052595830367,-0.10217939216911985,-0.2698934816491846,-0.07638622508638289,-0.48685190517417704,0.1385272827549204,New,Partial,250580.0
865,0.323163316053235,-0.8779193078215382,Rl,0.057770470950840196,-0.1103394719914627,Inside,Names,Norm,Norm,1fam,1story,-0.8154008244853307,0.35434574153267734,-0.02892022877171907,-0.7185094976154754,Gable,Compshg,Metalsd,Metalsd,-0.08418771174419155,Ta,Cblock,Blq,1.0456631450592473,Unf,-0.2871575004618263,-0.9404059372267063,-0.08613823374431874,Ta,Sbrkr,-0.3329758472118623,-0.8058476456345897,-0.11183896233236511,-1.0376375292485842,0.20923762540902602,-0.9323692199931181,Typ,Detchd,-0.2172958115996219,0.4033288092841152,2.238783583587627,Ta,Ta,-0.7459116674968221,-0.7172050643637078,-0.37071052595830367,-0.10217939216911985,-0.2698934816491846,-0.07638622508638289,0.6184567487989989,0.8927965977552895,Wd,Normal,148500.0
866,0.32552831173134744,-0.8779193078215382,Rl,-0.049660867937480244,0.49464859186480087,Inside,Timber,Norm,Norm,1fam,1story,1.5859514890295279,-0.5526946526296532,1.1581691971198125,1.0845905796635116,Gable,Compshg,Vinylsd,Vinylsd,1.1864184989020683,Ta,Pconc,Unf,-1.0478669023226053,Unf,-0.2871575004618263,2.5275977742822833,1.8603138609796546,Ex,Sbrkr,1.6999344969668575,-0.8058476456345897,-0.11183896233236511,0.47773359151953115,0.20923762540902602,-0.23862605398781578,Typ,Attchd,1.1927226064588459,1.7890975791506603,2.0786136666364228,Ta,Ta,0.8838812476958942,0.6075875005759929,-0.37071052595830367,-0.10217939216911985,-0.2698934816491846,-0.07638622508638289,1.723765402772175,-0.6157420322454488,New,Partial,248900.0
867,0.3278933074094599,-0.8779193078215382,Rl,0.9172211820574037,-0.6753335715004601,Corner,Sawyer,Feedr,Norm,1fam,1story,-1.6158515956569501,-0.5526946526296532,-0.32569258524460193,-1.157101408304959,Gable,Compshg,Vinylsd,Vinylsd,-0.5718951461336651,Ta,Cblock,Alq,1.3086186099477892,Unf,-0.2871575004618263,-1.096750366843915,0.030159218456170235,Ta,Sbrkr,0.0395139363488348,-0.8058476456345897,-0.11183896233236511,-0.759976361157532,0.20923762540902602,-0.9323692199931181,Typ,Attchd,-0.7149493709143753,0.4033288092841152,0.44688263769603104,Ta,Ta,0.6801571332968046,-0.7172050643637078,-0.37071052595830367,-0.10217939216911985,-0.2698934816491846,0.7944885795982236,-0.48685190517417704,-0.6157420322454488,Wd,Normal,129000.0
869,0.33262329876568475,0.05886816201502109,Rl,0.6486428348366026,0.2667464775684749,Inside,Sawyerw,Norm,Norm,1fam,2story,0.7855007178579084,-0.5526946526296532,0.7294980155478705,0.4510689308898134,Gable,Compshg,Metalsd,Metalsd,1.0067368125480518,Ta,Pconc,Glq,0.8484465463928408,Unf,-0.2871575004618263,-0.64193020795749,0.06076381114050944,Ex,Sbrkr,-0.1435742623504909,1.3554280755295967,-0.11183896233236511,1.1907109977194363,0.20923762540902602,1.1488602780227886,Typ,Attchd,0.6121267872583003,0.4033288092841152,0.5970419348377849,Ta,Ta,0.5782950760972598,0.7731865711934555,-0.37071052595830367,-0.10217939216911985,-0.2698934816491846,-0.07638622508638289,-0.11841568718311837,1.6470659127556586,Wd,Normal,236000.0
870,0.3349882944437972,-0.8779193078215382,Rl,-0.42567055404660176,-0.7927761652186225,Inside,Names,Posn,Norm,1fam,1story,-0.8154008244853307,-0.5526946526296532,-0.2927178789698372,-1.108368973783905,Hip,Compshg,Metalsd,Metalsd,-0.5718951461336651,Ta,Cblock,Unf,-1.0478669023226053,Unf,-0.2871575004618263,0.7651696585973868,-0.41666783473518215,Gd,Sbrkr,-0.6738986999623309,-0.8058476456345897,-0.11183896233236511,-1.291768089874293,-1.0896529477822716,-0.9323692199931181,Typ,Detchd,-0.6734782409714791,-0.9824399605824299,-0.7343704998190993,Ta,Ta,-0.7459116674968221,-0.7172050643637078,-0.37071052595830367,-0.10217939216911985,-0.2698934816491846,-0.07638622508638289,0.6184567487989989,0.8927965977552895,Wd,Normal,109500.0
871,0.3373532901219096,0.05886816201502109,Rl,0.11148614039500042,-0.1103394719914627,Inside,Collgcr,Norm,Norm,1fam,2story,-0.014950053313711128,-0.5526946526296532,0.8943715469216943,0.6459986689740282,Gable,Compshg,Vinylsd,Vinylsd,0.17250041161868926,Ta,Pconc,Glq,0.22898415314579512,Unf,-0.2871575004618263,-0.6442990629516901,-0.692109168894235,Ex,Sbrkr,-0.958001077254388,1.3334985586293964,-0.11183896233236511,0.5624437783947673,0.20923762540902602,0.45511711201748645,Typ,Attchd,0.8194824369727808,0.4033288092841152,0.34177112969680334,Ta,Ta,-0.7459116674968221,0.5579077793907541,-0.37071052595830367,-0.10217939216911985,-0.2698934816491846,-0.07638622508638289,-0.11841568718311837,1.6470659127556586,Wd,Normal,200500.0
872,0.33971828580002206,-0.8779193078215382,Rl,0.3263488181716413,-0.06526690899692471,Corner,Names,Norm,Norm,1fam,1story,-0.8154008244853307,1.2613861356950078,-0.5894902354427201,0.5485337999319209,Gable,Compshg,Wdshing,Wdshng,-0.5718951461336651,Ta,Stone,Unf,-1.0478669023226053,Unf,-0.2871575004618263,-1.1038569318265152,-2.8313701975295453,Gd,Sbrkr,-0.6233916106659652,-0.8058476456345897,-0.11183896233236511,-1.2541191179297435,0.20923762540902602,-0.9323692199931181,Typ,Attchd,-1.0467184104575442,0.4033288092841152,-0.2038076499182357,Ta,Ta,0.9178352667624091,-0.7172050643637078,2.141576017831269,-0.10217939216911985,-0.2698934816491846,-0.07638622508638289,1.3553291847811162,0.1385272827549204,Wd,Normal,116000.0
873,0.3420832814781345,-0.40952557290325853,Rl,-0.42567055404660176,0.9669582660610864,Inside,Names,Norm,Norm,1fam,1story,-0.8154008244853307,1.2613861356950078,-0.7213890605417791,-1.6931581880365496,Gable,Compshg,Hdboard,Hdboard,-0.5718951461336651,Ta,Cblock,Rec,-0.0997101779648822,Unf,-0.2871575004618263,-0.2700199738680697,-0.6064163093780852,Gd,Sbrkr,-0.22564828245708518,-0.8058476456345897,5.331660049998196,-0.41172337067044956,0.20923762540902602,-0.23862605398781578,Typ,Attchd,-1.2126029302291286,-0.9824399605824299,-0.8344766979136019,Ta,Ta,-0.7459116674968221,-0.2535276666348125,-0.37071052595830367,-0.10217939216911985,-0.2698934816491846,-0.07638622508638289,0.9868929667900576,0.8927965977552895,Wd,Normal,133000.0
874,0.34444827715624693,-0.17532870544411872,Rm,-0.8553959095998835,-1.0720990908185764,Inside,Oldtown,Artery,Norm,1fam,1.5fin,-0.8154008244853307,0.35434574153267734,-0.9851867107398973,-1.6931581880365496,Gable,Compshg,Wdsdng,Wdsdng,-0.5718951461336651,Ta,Cblock,Unf,-1.0478669023226053,Unf,-0.2871575004618263,0.24875926986175861,-1.0838479552537768,Ex,Sbrkr,-1.3620577916253136,0.3028112643199817,-0.11183896233236511,-0.7340926929456543,0.20923762540902602,-0.9323692199931181,Typ,Detchd,-1.5443719697722975,-0.9824399605824299,-1.2749439695294131,Ta,Ta,-0.5252105435644752,-0.7172050643637078,-0.37071052595830367,-0.10217939216911985,-0.2698934816491846,-0.07638622508638289,0.6184567487989989,0.8927965977552895,Wd,Abnorml,66500.0
875,0.34681327283435937,0.05886816201502109,Fv,0.3800644876158015,-0.03098636812783947,Inside,Somerst,Norm,Norm,1fam,2story,1.5859514890295279,-0.5526946526296532,1.1911439033945772,1.0845905796635116,Gable,Compshg,Cemntbd,Cmentbd,-0.5718951461336651,Ta,Pconc,Glq,-0.8860481546988872,Unf,-0.2871575004618263,1.3005308872866161,0.47086535311065475,Ex,Sbrkr,0.24154229353429765,2.668762476552704,-0.11183896233236511,2.7460841511786356,1.5081281986003237,3.2300897760386955,Typ,Builtin,1.1927226064588459,0.4033288092841152,0.4769144971243818,Ta,Ta,1.0196973239619538,5.31060110611193,-0.37071052595830367,-0.10217939216911985,-0.2698934816491846,-0.07638622508638289,0.6184567487989989,-0.6157420322454488,New,Partial,303477.0
878,0.3539082598686967,0.6443603306628706,Rl,1.0783681903898843,0.8520549716665599,Inside,Sawyer,Norm,Norm,1fam,Sfoyer,-0.8154008244853307,1.2613861356950078,-0.32569258524460193,0.49980136541086717,Gable,Compshg,Hdboard,Hdboard,-0.5718951461336651,Ta,Cblock,Alq,1.2251808182043094,Unf,-0.2871575004618263,-0.8551271574355017,0.24133090797811074,Ta,Sbrkr,0.14999819418463478,-0.8058476456345897,-0.11183896233236511,-0.67761923502883,0.20923762540902602,-0.23862605398781578,Min2,Detchd,0.3633000076009236,0.4033288092841152,0.6070525546472352,Ta,Ta,0.8838812476958942,-0.7172050643637078,-0.37071052595830367,-0.10217939216911985,-0.2698934816491846,0.7944885795982236,-0.11841568718311837,1.6470659127556586,Wd,Normal,148000.0
879,0.3562732555468091,-0.8779193078215382,Rl,0.057770470950840196,-0.6658111990368254,Culdsac,Collgcr,Norm,Norm,1fam,1story,-0.8154008244853307,2.168426529857338,0.23487742142639906,0.9871257106214042,Gable,Compshg,Vinylsd,Vinylsd,0.005653131432816733,Gd,Cblock,Alq,0.585491081504299,Unf,-0.2871575004618263,-0.8361763174819007,-0.5084816127881998,Ex,Sbrkr,-0.7685994923930166,-0.8058476456345897,-0.11183896233236511,-1.3623599122703232,0.20923762540902602,-0.23862605398781578,Typ,Attchd,-0.009940161885141366,-0.9824399605824299,-0.5942218224867958,Ta,Ta,-0.7459116674968221,-0.7172050643637078,-0.37071052595830367,-0.10217939216911985,-0.2698934816491846,-0.07638622508638289,0.2500205308079403,0.8927965977552895,Wd,Normal,136500.0
880,0.35863825122492154,-0.8779193078215382,Rl,-0.42567055404660176,-0.6581933010659176,Inside,Edwards,Norm,Norm,1fam,1story,-0.8154008244853307,-0.5526946526296532,1.1251944908450477,1.035858145142458,Gable,Compshg,Vinylsd,Vinylsd,-0.5718951461336651,Ta,Pconc,Alq,1.4299826706655778,Unf,-0.2871575004618263,-1.0920126568555146,0.18318218187786625,Gd,Sbrkr,-0.05518685608185091,-0.8058476456345897,-0.11183896233236511,-0.8305681835535622,-1.0896529477822716,-0.9323692199931181,Typ,Attchd,1.1097803465730536,0.4033288092841152,-0.023616493348131064,Ta,Ta,-0.7459116674968221,0.09423038166185888,-0.37071052595830367,-0.10217939216911985,-0.2698934816491846,-0.07638622508638289,-0.11841568718311837,-0.6157420322454488,Wd,Normal,157000.0
881,0.361003246903034,-0.17532870544411872,Rl,-1.2851212651531654,1.479261904604638,Culdsac,Timber,Norm,Norm,1fam,1.5fin,0.7855007178579084,-0.5526946526296532,0.6305738967235762,0.30487162732665235,Gable,Compshg,Hdboard,Hdboard,0.17891761470276127,Gd,Cblock,Lwq,1.2327660719991713,Unf,-0.2871575004618263,-0.750897537690696,0.385172493594505,Ex,Sbrkr,0.2510123727773662,0.4855572384883176,-0.11183896233236511,0.6448009045234693,0.20923762540902602,0.45511711201748645,Typ,Attchd,0.48771339742961195,0.4033288092841152,-0.2738819885843875,Ta,Ta,0.6801571332968046,-0.12104841014084247,-0.37071052595830367,-0.10217939216911985,-0.2698934816491846,-0.07638622508638289,-0.8552881231652357,-0.6157420322454488,Wd,Normal,187500.0
882,0.3633682425811464,0.05886816201502109,Rl,0.057770470950840196,0.17088792810121806,Corner,Gilbert,Norm,Norm,1fam,2story,-0.014950053313711128,-0.5526946526296532,0.6965233092731058,0.40233649636875973,Gable,Compshg,Vinylsd,Vinylsd,-0.5718951461336651,Ta,Pconc,Unf,-1.0478669023226053,Unf,-0.2871575004618263,0.5614481290961757,-0.6798673318204993,Gd,Sbrkr,-0.9453743049302965,1.1068935506606596,-0.11183896233236511,0.3530213719532111,0.20923762540902602,0.45511711201748645,Typ,Builtin,0.6121267872583003,0.4033288092841152,-0.3289403975363639,Ta,Ta,2.1571569626902036,-0.05480878189385744,-0.37071052595830367,-0.10217939216911985,-0.2698934816491846,-0.07638622508638289,2.0922016207632335,0.8927965977552895,Wd,Normal,178000.0
883,0.36573323825925885,0.4101634632037308,Rl,-0.42567055404660176,-0.9184714817386017,Inside,Swisu,Norm,Norm,1fam,2.5fin,-1.6158515956569501,-0.5526946526296532,-1.9414531927080754,-1.6931581880365496,Gable,Compshg,Wdsdng,Wdsdng,-0.5718951461336651,Ta,Pconc,Unf,-1.0478669023226053,Unf,-0.2871575004618263,0.5306530141715741,-0.7196533023101402,Ta,Sbrkr,-0.48449711510095944,1.1312596805497712,11.174036145128841,1.851921067495586,2.8070187717916215,2.536346610033393,Typ,Detchd,0.7780113070298847,-0.9824399605824299,-0.07366959239538234,Ta,Gd,-0.7459116674968221,2.396057463244589,-0.37071052595830367,-0.10217939216911985,-0.2698934816491846,-0.07638622508638289,-1.2237243411562944,-1.370011347245818,Wd,Normal,118500.0
884,0.3680982339373713,-0.8779193078215382,Rl,-0.1570922068258007,-0.6181993367186515,Inside,Names,Norm,Norm,1fam,1story,-0.8154008244853307,-0.5526946526296532,-0.12784434759601337,-0.8647068011786366,Gable,Compshg,Hdboard,Hdboard,-0.18686296108934386,Ta,Cblock,Blq,0.0444096441374917,Unf,-0.2871575004618263,-0.2629134088854693,-0.42278875327205,Ta,Sbrkr,-0.6802120861243766,-0.8058476456345897,-0.11183896233236511,-1.2964742113673615,0.20923762540902602,-0.9323692199931181,Typ,Attchd,-0.46612259125699856,-0.9824399605824299,-0.8344766979136019,Ta,Ta,-0.7459116674968221,-0.7172050643637078,-0.37071052595830367,-0.10217939216911985,-0.2698934816491846,-0.07638622508638289,0.2500205308079403,0.8927965977552895,Wd,Normal,100000.0
885,0.3704632296154837,1.46404936676986,Fv,-0.962827248488204,-1.2628639525067267,Culdsac,Somerst,Norm,Norm,Twnhse,1story,2.386402260201147,-0.5526946526296532,0.9273462531964591,0.7434635380161356,Gable,Compshg,Metalsd,Metalsd,-0.18686296108934386,Ta,Pconc,Glq,2.0823144970236913,Unf,-0.2871575004618263,-0.2629134088854693,2.0439414170856898,Ex,Sbrkr,1.8988061610712976,-0.8058476456345897,-0.11183896233236511,0.6259764185511946,-1.0896529477822716,-0.9323692199931181,Typ,Attchd,0.8609535669156769,0.4033288092841152,0.25668086131647616,Ta,Ta,0.07747329486616475,0.35918889464979903,-0.37071052595830367,-0.10217939216911985,-0.2698934816491846,-0.07638622508638289,-1.9605967771384116,0.1385272827549204,Cwd,Abnorml,328900.0
886,0.37282822529359616,0.7614587643924405,Rl,0.11148614039500042,-0.22365570430871667,Corner,Names,Norm,Norm,Duplex,1story,-0.8154008244853307,-0.5526946526296532,-0.3916419977941315,0.9871257106214042,Gable,Compshg,Metalsd,Metalsd,0.21100363012312137,Ta,Cblock,Lwq,0.2871377655730688,Unf,-0.2871575004618263,1.2484160774142132,1.8235883497584475,Ex,Sbrkr,1.908276240314366,-0.8058476456345897,-0.11183896233236511,0.6330356007907976,1.5081281986003237,1.1488602780227886,Typ,Attchd,1.1097803465730536,0.4033288092841152,0.6671162735039367,Ta,Ta,1.5629616290261925,0.17702991697059017,-0.37071052595830367,-0.10217939216911985,-0.2698934816491846,-0.07638622508638289,-0.11841568718311837,-1.370011347245818,Wd,Family,145000.0
887,0.37519322097170865,-0.17532870544411872,Rl,-0.479386223490762,2.338814725655405,Inside,Edwards,Norm,Norm,1fam,1.5fin,-0.8154008244853307,1.2613861356950078,-0.5235408228931906,-1.449496015431281,Gable,Compshg,Metalsd,Metalsd,-0.5718951461336651,Gd,Pconc,Unf,-1.0478669023226053,Unf,-0.2871575004618263,0.5803989690497767,-0.655383657673028,Ta,Sbrkr,-0.7433459477448338,0.46362772158811727,-0.11183896233236511,-0.11759077735365703,0.20923762540902602,1.1488602780227886,Typ,Attchd,-0.9637761505717519,-0.9824399605824299,-0.7744129790569003,Ta,Ta,0.2811974092652543,-0.7172050643637078,-0.37071052595830367,-0.10217939216911985,4.8218227420953355,-0.07638622508638289,-0.8552881231652357,0.1385272827549204,Wd,Normal,135500.0
889,0.3799232123279335,-0.8779193078215382,Rl,3.2269949681562933,0.9720368647083583,Inside,Names,Feedr,Norm,1fam,1story,-0.014950053313711128,-1.4597350467919836,-0.5894902354427201,-1.5469608844733884,Hip,Compshg,Wdsdng,Wdsdng,0.005653131432816733,Ta,Cblock,Blq,1.541233059656884,Unf,-0.2871575004618263,-0.2131674540072666,1.4532727782779433,Ex,Sbrkr,1.2548407725426347,-0.8058476456345897,-0.11183896233236511,0.14595202625818912,-1.0896529477822716,-0.23862605398781578,Typ,Attchd,-1.0467184104575442,0.4033288092841152,0.251675551411751,Ta,Ta,-0.7459116674968221,-0.7172050643637078,-0.37071052595830367,5.854326927586041,-0.2698934816491846,-0.07638622508638289,-1.592160559147353,0.8927965977552895,Wd,Normal,149500.0
890,0.38228820800604596,-0.17532870544411872,Rl,-0.42567055404660176,-0.3280843889932449,Corner,Names,Artery,Norm,1fam,1.5fin,-0.8154008244853307,1.2613861356950078,-0.7213890605417791,1.035858145142458,Gable,Compshg,Metalsd,Metalsd,-0.5718951461336651,Gd,Cblock,Unf,-1.0478669023226053,Unf,-0.2871575004618263,0.2392838498849581,-1.0960897923275126,Ex,Sbrkr,-1.3746845639494052,-0.19182117242898092,-0.11183896233236511,-1.2211762674782627,0.20923762540902602,-0.23862605398781578,Typ,Detchd,1.0268380866872613,0.4033288092841152,0.6070525546472352,Ta,Ta,-0.7459116674968221,-0.7172050643637078,-0.37071052595830367,-0.10217939216911985,-0.2698934816491846,4.27798779833665,0.2500205308079403,-0.6157420322454488,Wd,Normal,122900.0
891,0.3846532036841584,0.05886816201502109,Rl,0.11148614039500042,0.6622423472247732,Inside,Sawyer,Norm,Norm,1fam,2story,-0.014950053313711128,-0.5526946526296532,0.23487742142639906,-0.32865002144704586,Hip,Compshg,Hdboard,Hdboard,0.018487537600960773,Ta,Cblock,Lwq,-0.4764444497763508,Rec,2.9233021300581745,-0.8977665473311041,-0.34321681229276807,Gd,Sbrkr,-0.5981380660177823,1.058161290882437,-0.11183896233236511,0.5647968391413017,0.20923762540902602,0.45511711201748645,Typ,Attchd,-0.009940161885141366,0.4033288092841152,-0.07366959239538234,Ta,Ta,1.3167949907939593,-0.7172050643637078,-0.37071052595830367,-0.10217939216911985,-0.2698934816491846,-0.07638622508638289,0.2500205308079403,0.8927965977552895,Wd,Normal,172500.0
892,0.38701819936227083,-0.8779193078215382,Rl,0.11148614039500042,-0.21699004358417234,Inside,Sawyer,Norm,Norm,1fam,1story,-0.014950053313711128,2.168426529857338,-0.2597431726950724,0.8896608415792968,Hip,Compshg,Hdboard,Hdboard,-0.5718951461336651,Ta,Cblock,Glq,0.628474186341849,Unf,-0.2871575004618263,-0.4145201285142776,0.08830794455641472,Ta,Sbrkr,-0.12463410386435377,-0.8058476456345897,-0.11183896233236511,-0.8823355199773177,0.20923762540902602,-0.23862605398781578,Typ,Attchd,-0.632007111028583,-0.9824399605824299,-0.954604135627005,Ta,Ta,0.8838812476958942,-0.7172050643637078,-0.37071052595830367,-0.10217939216911985,-0.2698934816491846,-0.07638622508638289,-1.592160559147353,-1.370011347245818,Wd,Normal,154500.0
893,0.38938319504038327,-0.8779193078215382,Rl,0.057770470950840196,1.3288084196792083,Inside,Sawyer,Posn,Norm,1fam,1story,-0.8154008244853307,-0.5526946526296532,-0.5565155291679553,-1.4982284499523348,Gable,Compshg,Wdsdng,Plywood,-0.5718951461336651,Ta,Pconc,Blq,1.6423697769217076,Unf,-0.2871575004618263,-0.5969219630676875,1.0798967475290049,Ta,Sbrkr,0.8697242166578462,-0.8058476456345897,-0.11183896233236511,-0.14112138481900044,0.20923762540902602,-0.23862605398781578,Typ,Attchd,-1.005247280514648,-0.9824399605824299,-0.5041262442017435,Ta,Ta,3.5917142682504593,1.2037441547988583,-0.37071052595830367,-0.10217939216911985,-0.2698934816491846,-0.07638622508638289,-0.11841568718311837,0.1385272827549204,Wd,Normal,165000.0
895,0.39411318639660814,0.05886816201502109,Rl,0.16520180983916063,-0.6480361037713738,Inside,Names,Norm,Norm,1fam,2story,-0.014950053313711128,-0.5526946526296532,-0.2597431726950724,-1.0596365392628515,Hip,Compshg,Hdboard,Hdboard,2.091244133756223,Ta,Cblock,Blq,-0.036499729674367334,Unf,-0.2871575004618263,-0.45242180842147967,-0.7655601913366491,Ta,Sbrkr,-0.3929530157512966,1.1751187143501718,-0.11183896233236511,0.8306927034996822,1.5081281986003237,1.1488602780227886,Typ,Attchd,-0.632007111028583,0.4033288092841152,0.14155873350779818,Ta,Ta,-0.7459116674968221,0.11079028872360513,-0.37071052595830367,-0.10217939216911985,-0.2698934816491846,-0.07638622508638289,1.3553291847811162,0.1385272827549204,Wd,Normal,140000.0
896,0.3964781820747206,-0.6437224403623983,Rm,-0.962827248488204,-0.10557828575964531,Inside,Idotrr,Norm,Norm,1fam,1story,-1.6158515956569501,0.35434574153267734,-1.1500602421137212,-1.6931581880365496,Gable,Compshg,Wdsdng,Wdsdng,-0.5718951461336651,Ta,Brktil,Alq,-0.32726779181073573,Unf,-0.2871575004618263,0.22507071991975733,-0.24222165643444868,Ex,Sbrkr,-0.493967194344028,-0.8058476456345897,-0.11183896233236511,-1.1576436273218356,-1.0896529477822716,-0.23862605398781578,Typ,Detchd,-1.751727619486778,-0.9824399605824299,-0.6392696116293218,Ta,Ta,-0.7459116674968221,-0.2535276666348125,-0.37071052595830367,-0.10217939216911985,-0.2698934816491846,-0.07638622508638289,-0.8552881231652357,-1.370011347245818,Wd,Abnorml,106500.0
899,0.4035731691090579,-0.8779193078215382,Rl,-0.1570922068258007,-0.6680330859450068,Inside,Sawyer,Feedr,Norm,1fam,1story,-0.8154008244853307,1.2613861356950078,-0.32569258524460193,0.4510689308898134,Gable,Compshg,Hdboard,Plywood,-0.5718951461336651,Ta,Cblock,Blq,0.12784743588097133,Unf,-0.2871575004618263,-0.293708523810071,-0.3615795679033716,Ta,Sbrkr,0.4056903337474862,-0.8058476456345897,-0.11183896233236511,-0.4870213145595485,0.20923762540902602,-0.23862605398781578,Typ,Attchd,-0.7149493709143753,-0.9824399605824299,-0.8344766979136019,Ta,Ta,-0.7459116674968221,-0.7172050643637078,-0.37071052595830367,-0.10217939216911985,-0.2698934816491846,-0.07638622508638289,-0.11841568718311837,-1.370011347245818,Wd,Normal,135000.0
900,0.4059381647871703,-0.8779193078215382,Rl,0.057770470950840196,-0.5578909777822978,Inside,Names,Norm,Norm,1fam,1story,-1.6158515956569501,0.35434574153267734,0.004054477503045694,-0.6697770630944218,Gable,Compshg,Hdboard,Hdboard,-0.5718951461336651,Ta,Cblock,Alq,-0.23371632834077372,Unf,-0.2871575004618263,-0.0828804293262595,-0.5268443683988033,Ta,Sbrkr,-0.7875396508791537,-0.8058476456345897,-0.11183896233236511,-1.3764782767495292,-1.0896529477822716,-1.6261123859984203,Typ,Detchd,0.031530968057754745,-0.9824399605824299,1.1476260243575491,Ta,Ta,-0.7459116674968221,-0.7172050643637078,-0.37071052595830367,-0.10217939216911985,-0.2698934816491846,-0.07638622508638289,-0.11841568718311837,-0.6157420322454488,Wd,Normal,110000.0
901,0.40830316046528276,-0.8779193078215382,Rl,-0.2108078762699609,-0.12240114377873344,Inside,Names,Norm,Norm,1fam,1story,-0.8154008244853307,1.2613861356950078,-0.457591410343661,0.7434635380161356,Hip,Compshg,Metalsd,Metalsd,-0.5718951461336651,Gd,Cblock,Blq,1.1265725188711062,Unf,-0.2871575004618263,-1.0398978469831117,-0.11674282642865795,Ta,Sbrkr,0.6266588494190862,-0.8058476456345897,-0.11183896233236511,-0.3223070623021447,-1.0896529477822716,-0.9323692199931181,Typ,Detchd,-0.4246514613141025,-0.9824399605824299,1.5080083374977582,Ta,Ta,-0.7459116674968221,-0.7172050643637078,-0.37071052595830367,-0.10217939216911985,-0.2698934816491846,-0.07638622508638289,-0.48685190517417704,0.8927965977552895,Wd,Normal,153000.0
902,0.4106681561433952,0.05886816201502109,Rl,-0.2645235457141211,-0.388075335514144,Inside,Gilbert,Norm,Norm,1fam,2story,0.7855007178579084,-0.5526946526296532,1.059245078295518,0.8896608415792968,Gable,Compshg,Vinylsd,Vinylsd,-0.5718951461336651,Ta,Pconc,Unf,-1.0478669023226053,Unf,-0.2871575004618263,0.5022267542411725,-0.7563788135313473,Ex,Sbrkr,-0.9485309980113195,0.9046546725810346,-0.11183896233236511,0.15536426924432648,0.20923762540902602,1.1488602780227886,Typ,Attchd,1.0268380866872613,0.4033288092841152,-0.3089191579174634,Ta,Ta,-0.7459116674968221,0.5247879652672616,-0.37071052595830367,-0.10217939216911985,-0.2698934816491846,-0.07638622508638289,0.2500205308079403,-1.370011347245818,Wd,Normal,180000.0
903,0.4130331518215076,-0.8779193078215382,Rl,-0.962827248488204,1.8287329740200347,Culdsac,Gilbert,Norm,Norm,1fam,1story,0.7855007178579084,-0.5526946526296532,1.1581691971198125,1.035858145142458,Hip,Compshg,Vinylsd,Vinylsd,-0.3986306628637205,Ta,Pconc,Unf,-1.0478669023226053,Unf,-0.2871575004618263,2.6034011340966874,1.95824855756954,Ex,Sbrkr,1.7756951309114062,-0.8058476456345897,-0.11183896233236511,0.5342070494363553,0.20923762540902602,0.45511711201748645,Typ,Attchd,1.1512514765159496,1.7890975791506603,1.1776578837858998,Ta,Ta,0.4764330188977151,0.27638935934106773,-0.37071052595830367,-0.10217939216911985,-0.2698934816491846,-0.07638622508638289,0.6184567487989989,-1.370011347245818,New,Partial,240000.0
904,0.41539814749962006,-0.8779193078215382,Rl,0.057770470950840196,-0.928311266617691,Inside,Sawyer,Norm,Norm,1fam,1story,-0.8154008244853307,0.35434574153267734,-0.12784434759601337,-0.8647068011786366,Gable,Compshg,Hdboard,Wdsdng,-0.09060491482826356,Ta,Cblock,Glq,0.46665543871813103,Unf,-0.2871575004618263,-0.6964138728240931,-0.4717561015669927,Ta,Sbrkr,-0.648645155314148,-0.8058476456345897,-0.11183896233236511,-1.272943603902018,0.20923762540902602,-0.23862605398781578,Typ,Attchd,-0.46612259125699856,-0.9824399605824299,-0.8344766979136019,Ta,Ta,-0.7459116674968221,-0.7172050643637078,-0.37071052595830367,-0.10217939216911985,-0.2698934816491846,-0.07638622508638289,0.6184567487989989,-0.6157420322454488,Wd,Normal,125500.0
905,0.4177631431777325,-0.8779193078215382,Rl,0.6486428348366026,0.26103305409029404,Inside,Names,Norm,Norm,1fam,1story,-0.8154008244853307,-0.5526946526296532,-0.5565155291679553,-1.4982284499523348,Gable,Compshg,Hdboard,Hdboard,0.13399719311425715,Ta,Cblock,Rec,-0.15280695452891468,Lwq,1.5749090852397742,-0.37661844860707555,0.07912656675111296,Ta,Sbrkr,-0.14041756926946805,-0.8058476456345897,-0.11183896233236511,-0.8941008237099894,0.20923762540902602,-0.23862605398781578,Typ,Attchd,-1.005247280514648,-0.9824399605824299,-0.8745191771514029,Ta,Ta,-0.7459116674968221,-0.7172050643637078,2.3760560952516294,-0.10217939216911985,-0.2698934816491846,-0.07638622508638289,-1.592160559147353,1.6470659127556586,Wd,Normal,128000.0
906,0.42012813885584493,-0.8779193078215382,Rl,2.5824069348263703,1.3976869138328332,Corner,Somerst,Norm,Norm,1fam,1story,1.5859514890295279,-0.5526946526296532,1.1581691971198125,1.035858145142458,Gable,Compshg,Vinylsd,Vinylsd,0.7628830953533151,Ta,Pconc,Glq,-0.8885765726305077,Unf,-0.2871575004618263,2.342827084734673,1.814406971953146,Ex,Sbrkr,1.668367566156629,-0.8058476456345897,-0.11183896233236511,0.45420298405418774,0.20923762540902602,1.1488602780227886,Typ,Attchd,1.1512514765159496,1.7890975791506603,2.0535871171127975,Ta,Ta,-0.7459116674968221,0.27638935934106773,-0.37071052595830367,-0.10217939216911985,-0.2698934816491846,-0.07638622508638289,-0.11841568718311837,-0.6157420322454488,Wd,Normal,255000.0
907,0.42249313453395737,-0.17532870544411872,Rl,0.970936851501564,0.7625446705083929,Inside,Crawfor,Norm,Norm,1fam,1.5fin,0.7855007178579084,1.2613861356950078,-1.1500602421137212,0.1099418892424375,Gable,Compshg,Brkface,Brkface,-0.5718951461336651,Ta,Cblock,Rec,-0.4840297035712126,Unf,-0.2871575004618263,0.5282841591773739,-0.04023134471780994,Gd,Sbrkr,-0.2761553717534509,1.7209200238662685,-0.11183896233236511,1.444841558345145,0.20923762540902602,-0.23862605398781578,Typ,Attchd,-1.751727619486778,-0.9824399605824299,-1.3750501676239157,Fa,Ta,-0.7459116674968221,-0.7172050643637078,-0.37071052595830367,-0.10217939216911985,5.917022080787553,-0.07638622508638289,-0.11841568718311837,-1.370011347245818,Wd,Normal,250000.0
908,0.4248581302120698,-0.8779193078215382,Rl,0.057770470950840196,-0.06748879590510616,Inside,Mitchel,Norm,Norm,1fam,1story,-0.8154008244853307,-0.5526946526296532,0.3997509528002229,-0.08498784884177732,Gable,Compshg,Hdboard,Hdboard,-0.5718951461336651,Ta,Cblock,Blq,-0.2868131049048062,Alq,1.7932203401151343,-0.7864303626036979,-0.5084816127881998,Ta,Sbrkr,-0.648645155314148,-0.8058476456345897,-0.11183896233236511,-1.272943603902018,-1.0896529477822716,-0.9323692199931181,Typ,Attchd,0.19741548782933918,0.4033288092841152,0.1465640434125233,Ta,Ta,0.6462031142302896,-0.7172050643637078,-0.37071052595830367,-0.10217939216911985,-0.2698934816491846,-0.07638622508638289,-0.11841568718311837,-1.370011347245818,Wd,Normal,131000.0
909,0.42722312589018224,0.05886816201502109,Rl,4.355024026483658,1.1082067909383357,Inside,Gilbert,Norm,Norm,1fam,2story,-0.014950053313711128,-0.5526946526296532,1.1251944908450477,0.9871257106214042,Gable,Compshg,Vinylsd,Vinylsd,-0.5718951461336651,Ta,Pconc,Unf,-1.0478669023226053,Unf,-0.2871575004618263,0.4051036994789672,-0.881857643537138,Ex,Sbrkr,-1.153716048277805,1.0021191921374806,-0.11183896233236511,0.09653775058096796,0.20923762540902602,1.1488602780227886,Typ,Attchd,1.1097803465730536,0.4033288092841152,-0.3239350876316388,Ta,Ta,-0.4403254958981878,-0.31976729488179756,-0.37071052595830367,-0.10217939216911985,-0.2698934816491846,-0.07638622508638289,-0.11841568718311837,0.8927965977552895,Wd,Normal,174000.0
910,0.42958812156829473,0.7614587643924405,Rl,0.6486428348366026,0.7942859120538421,Corner,Names,Feedr,Norm,Duplex,2story,-0.8154008244853307,-0.5526946526296532,-0.3586672915193667,-1.2058338428260125,Gable,Compshg,Metalsd,Metalsd,1.7447151672163341,Ta,Cblock,Rec,0.07222224138531824,Unf,-0.2871575004618263,0.21559529994295681,0.22908907090437505,Ta,Fusea,-0.007836459866508053,2.04255293840254,-0.11183896233236511,1.955455740343097,2.8070187717916215,3.9238329420439975,Typ,Detchd,-0.7564205008572713,0.4033288092841152,0.1265428037936228,Ta,Ta,-0.7459116674968221,-0.7172050643637078,-0.37071052595830367,-0.10217939216911985,-0.2698934816491846,-0.07638622508638289,-1.9605967771384116,1.6470659127556586,Wd,Normal,154300.0
911,0.43195311724640717,-0.8779193078215382,Rl,0.057770470950840196,0.05979358269214551,Culdsac,Collgcr,Norm,Norm,1fam,1story,-0.8154008244853307,1.2613861356950078,0.20190271515163427,0.2074067582845449,Gable,Compshg,Hdboard,Plywood,-0.5718951461336651,Ta,Cblock,Alq,-0.5522969877249687,Unf,-0.2871575004618263,1.18682584756501,0.7279439316591041,Ta,Sbrkr,0.5067045123402176,-0.8058476456345897,-0.11183896233236511,-0.41172337067044956,0.20923762540902602,-0.9323692199931181,Typ,Detchd,-0.009940161885141366,-0.9824399605824299,-1.0146678544837064,Ta,Ta,0.7225996571299482,-0.7172050643637078,-0.37071052595830367,-0.10217939216911985,-0.2698934816491846,-0.07638622508638289,1.3553291847811162,0.8927965977552895,Wd,Normal,143500.0
912,0.4343181129245196,-0.6437224403623983,Rm,-0.9091115790440437,-0.9451341246367791,Inside,Brkside,Norm,Norm,1fam,1story,-0.8154008244853307,1.2613861356950078,-1.5127820111361334,-1.6931581880365496,Gable,Compshg,Metalsd,Metalsd,-0.5718951461336651,Ta,Brktil,Rec,0.1885294662398656,Unf,-0.2871575004618263,-0.6916761628356928,-0.8022857025578561,Ta,Sbrkr,-0.29193883715856517,-0.8058476456345897,-0.11183896233236511,-1.0070477395436377,0.20923762540902602,-0.23862605398781578,Min1,Detchd,-2.2079100488586354,-0.9824399605824299,-0.023616493348131064,Ta,Ta,-0.7459116674968221,-0.7172050643637078,1.5051300934045773,-0.10217939216911985,2.0357893366502204,1.2734697221747573,0.2500205308079403,-1.370011347245818,Wd,Abnorml,88000.0
913,0.43668310860263204,0.7614587643924405,Rh,0.756074173724923,-0.8975222623186052,Inside,Crawfor,Norm,Norm,Duplex,2story,-0.8154008244853307,0.35434574153267734,-0.7213890605417791,-1.6931581880365496,Gable,Compshg,Metalsd,Metalsd,-0.5718951461336651,Ta,Cblock,Blq,-0.32979620974235635,Unf,-0.2871575004618263,0.34588232462396395,-0.08919869301275266,Ta,Fusea,-0.3361325402928852,1.6332019562654672,-0.11183896233236511,1.3154232172857563,1.5081281986003237,1.1488602780227886,Typ,2types,-1.2126029302291286,1.7890975791506603,2.083618976541148,Ta,Ta,-0.7459116674968221,-0.7172050643637078,-0.37071052595830367,-0.10217939216911985,-0.2698934816491846,-0.07638622508638289,0.6184567487989989,-0.6157420322454488,Wd,Normal,145000.0
914,0.4390481042807445,2.4008368366064192,Fv,-2.0371406373714085,-1.9354608608547972,Inside,Somerst,Norm,Norm,Twnhse,2story,-0.014950053313711128,-0.5526946526296532,1.2570933159441067,1.182055448705619,Gable,Compshg,Vinylsd,Vinylsd,-0.08418771174419155,Ta,Pconc,Glq,-0.3045120304261504,Unf,-0.2871575004618263,-0.5992908180618877,-1.2797173484335478,Ex,Sbrkr,-1.5640861488107765,0.6853595035790315,-0.11183896233236511,-0.5152580435179606,-1.0896529477822716,-1.6261123859984203,Typ,Detchd,1.275664866344638,0.4033288092841152,0.366797679220429,Ta,Ta,-0.7459116674968221,3.1578131880849165,-0.37071052595830367,-0.10217939216911985,-0.2698934816491846,-0.07638622508638289,-0.11841568718311837,0.8927965977552895,New,Partial,173733.0
915,0.4414130999588569,2.4008368366064192,Rm,-2.5205816623688504,-2.2525558638938357,Inside,Meadowv,Norm,Norm,Twnhs,2story,-1.6158515956569501,-0.5526946526296532,-0.02892022877171907,-0.7185094976154754,Gable,Compshg,Cemntbd,Cmentbd,-0.05851889940790347,Ta,Cblock,Unf,-1.0478669023226053,Unf,-0.2871575004618263,-0.0591918793842582,-1.4817076601501864,Fa,Sbrkr,-1.772427892158285,0.5245430463108959,-0.11183896233236511,-0.8258620620604935,0.20923762540902602,-0.23862605398781578,Typ,Attchd,-0.34170920142831024,-0.9824399605824299,-0.8444873177230522,Ta,Ta,-0.7459116674968221,-0.7172050643637078,-0.37071052595830367,-0.10217939216911985,-0.2698934816491846,-0.07638622508638289,-1.9605967771384116,-0.6157420322454488,Wd,Normal,75000.0
916,0.44377809563696935,-0.8779193078215382,C(all),-0.962827248488204,-0.03098636812783947,Inside,Idotrr,Norm,Norm,1fam,1story,-3.2167531380001892,-2.366775440954314,-0.7213890605417791,-1.6931581880365496,Gable,Compshg,Asbshng,Asbshng,-0.5718951461336651,Ta,Cblock,Blq,-0.9214460057415755,Unf,-0.2871575004618263,-0.3339790587114732,-1.6836979718668252,Ta,Fusea,-1.9807696355057935,-0.8058476456345897,-0.11183896233236511,-2.2659352389395098,-2.3885435209735695,-1.6261123859984203,Typ,Detchd,-0.8393627607430636,-0.9824399605824299,-0.7343704998190993,Ta,Ta,-0.7459116674968221,-0.7172050643637078,-0.37071052595830367,-0.10217939216911985,-0.2698934816491846,-0.07638622508638289,1.3553291847811162,-1.370011347245818,Wd,Abnorml,35311.0
917,0.4461430913150818,-0.8779193078215382,Rl,0.057770470950840196,2.552750693671733,Inside,Edwards,Norm,Norm,1fam,1story,-1.6158515956569501,0.35434574153267734,-0.49056611661842575,-1.4007635809102275,Gable,Compshg,Vinylsd,Vinylsd,-0.5718951461336651,Ta,Cblock,Alq,1.6297276872636048,Unf,-0.2871575004618263,-1.174922581652519,0.3178423896889587,Ex,Fusea,0.3835934821803262,-0.8058476456345897,-0.11183896233236511,-0.5034927397852889,0.20923762540902602,-0.23862605398781578,Typ,Attchd,-0.9223050206288558,-0.9824399605824299,-0.8544979375325024,Ta,Ta,-0.7459116674968221,-0.7172050643637078,-0.37071052595830367,-0.10217939216911985,-0.2698934816491846,-0.07638622508638289,-0.8552881231652357,0.8927965977552895,Wd,Normal,135000.0
918,0.4485080869931942,0.05886816201502109,Rl,1.8841032320522877,1.278339845621944,Corner,Sawyerw,Norm,Norm,1fam,2story,0.7855007178579084,-0.5526946526296532,0.663548602998341,0.30487162732665235,Gable,Compshg,Hdboard,Hdboard,-0.5718951461336651,Ta,Pconc,Blq,-0.9265028416048167,Glq,3.7837053110375347,-0.35292989866507424,0.22602861163594115,Ex,Sbrkr,-0.6170782245039195,2.1546371358924525,-0.11183896233236511,1.609555810602549,1.5081281986003237,1.1488602780227886,Typ,Attchd,0.5291845273725081,1.7890975791506603,1.8934172001615932,Ta,Ta,-0.13473932429955351,2.462297091491574,3.3809707127674584,-0.10217939216911985,-0.2698934816491846,-0.07638622508638289,1.723765402772175,-0.6157420322454488,Wd,Normal,238000.0
919,0.45087308267130666,-0.8779193078215382,Rl,1.0246525209457242,0.6130434228293267,Corner,Names,Norm,Norm,1fam,1story,-0.014950053313711128,2.168426529857338,-0.42461670406889623,0.8409284070582431,Hip,Compshg,Metalsd,Metalsd,-0.5718951461336651,Ta,Cblock,Alq,0.2871377655730688,Blq,2.3518403158256147,-0.7722172326384972,0.47086535311065475,Ex,Sbrkr,0.9675817021695547,-0.8058476456345897,-0.11183896233236511,-0.06817650167643587,0.20923762540902602,-0.23862605398781578,Min1,Attchd,0.48771339742961195,0.4033288092841152,0.7321853022653634,Ta,Ta,-0.7459116674968221,0.1273501957853514,-0.37071052595830367,-0.10217939216911985,3.380770980658207,-0.07638622508638289,-0.48685190517417704,0.1385272827549204,Wd,Normal,176500.0
920,0.4532380783494191,0.05886816201502109,Rl,0.11148614039500042,-0.20175424764235667,Inside,Sawyerw,Norm,Norm,1fam,2story,-0.014950053313711128,-0.5526946526296532,0.7624727218226353,0.4510689308898134,Gable,Compshg,Hdboard,Hdboard,0.10191117769389703,Gd,Pconc,Glq,1.0102652940165588,Unf,-0.2871575004618263,-1.082537236878714,-0.31261221960842883,Ex,Sbrkr,-0.5413175905593709,1.1068935506606596,-0.11183896233236511,0.6542131475096067,0.20923762540902602,0.45511711201748645,Typ,Attchd,0.6535979172011964,0.4033288092841152,0.08149501465109664,Ta,Ta,1.8006397624917971,0.7235068500082167,-0.37071052595830367,-0.10217939216911985,-0.2698934816491846,-0.07638622508638289,0.2500205308079403,-0.6157420322454488,Wd,Normal,201000.0
921,0.45560307402753153,0.7614587643924405,Rl,-0.049660867937480244,-0.1017693367741914,Inside,Edwards,Feedr,Norm,Duplex,1.5fin,-0.8154008244853307,1.2613861356950078,-2.3371496680052526,0.8896608415792968,Gable,Compshg,Metalsd,Metalsd,-0.5718951461336651,Ta,Cblock,Alq,1.6929381355541195,Unf,-0.2871575004618263,-0.9072419673079045,0.7401857687328398,Gd,Sbrkr,0.519331284664309,1.4553292080749536,-0.11183896233236511,1.7813292450995557,1.5081281986003237,1.842603444028091,Typ,Attchd,0.07300209800065086,-2.368208730448975,-2.2760059504744388,Ta,Ta,-0.7459116674968221,0.44198842995853027,-0.37071052595830367,-0.10217939216911985,-0.2698934816491846,-0.07638622508638289,0.9868929667900576,0.1385272827549204,Wd,Normal,145900.0
922,0.45796806970564397,-0.8779193078215382,Rl,-0.1570922068258007,0.3616527897893683,Inside,Gilbert,Rran,Norm,1fam,1story,-0.014950053313711128,-0.5526946526296532,1.1251944908450477,1.035858145142458,Gable,Compshg,Vinylsd,Vinylsd,-0.5718951461336651,Ta,Pconc,Glq,-0.9770712002372286,Unf,-0.2871575004618263,1.6984985263122379,0.8748459765439323,Ex,Sbrkr,0.6582257802293148,-0.8058476456345897,-0.11183896233236511,-0.29877645483680126,0.20923762540902602,-0.23862605398781578,Typ,Attchd,1.1097803465730536,0.4033288092841152,-0.2888979182985629,Ta,Ta,0.10293880916605094,-0.7172050643637078,-0.37071052595830367,0.7434974310059955,-0.2698934816491846,-0.07638622508638289,1.3553291847811162,-1.370011347245818,New,Partial,169990.0
923,0.4603330653837564,1.46404936676986,Rl,-0.962827248488204,-0.3445898345968785,Inside,Sawyerw,Norm,Norm,Twnhse,1story,-0.014950053313711128,-0.5526946526296532,0.7294980155478705,0.4510689308898134,Gable,Compshg,Plywood,Plywood,-0.5718951461336651,Ta,Pconc,Lwq,-0.6306779436052071,Glq,5.112835598072816,0.06398858031414853,1.7562582458529012,Ex,Sbrkr,1.6083903976171947,-0.8058476456345897,-0.11183896233236511,0.40949482987003527,-1.0896529477822716,-0.9323692199931181,Typ,Attchd,0.6121267872583003,0.4033288092841152,0.3918242287440546,Ta,Ta,-0.7459116674968221,0.425428522896784,-0.37071052595830367,-0.10217939216911985,-0.2698934816491846,-0.07638622508638289,0.2500205308079403,0.1385272827549204,Wd,Normal,193000.0
924,0.46269806106186884,-0.8779193078215382,Rl,0.5949271653924424,0.3626050270357318,Inside,Nwames,Norm,Norm,1fam,1story,-0.014950053313711128,0.35434574153267734,0.3008268339759286,-0.23118515240493845,Gable,Compshg,Plywood,Plywood,0.43560573806564207,Gd,Cblock,Blq,0.5323943049402665,Lwq,6.525437835501616,-1.3525867062175287,2.007215905864483,Ta,Sbrkr,1.826202220207772,-0.8058476456345897,-0.11183896233236511,0.5718560213809047,0.20923762540902602,0.45511711201748645,Typ,Attchd,0.07300209800065086,0.4033288092841152,0.7872437112173398,Ta,Ta,2.5136741628886106,1.452142760725052,-0.37071052595830367,-0.10217939216911985,-0.2698934816491846,-0.07638622508638289,-0.48685190517417704,-1.370011347245818,Wd,Normal,207500.0
925,0.4650630567399813,-0.8779193078215382,Rl,0.057770470950840196,2.0674271104418134,Corner,Nwames,Norm,Norm,1fam,1story,-0.8154008244853307,0.35434574153267734,0.20190271515163427,-0.37738245596809955,Gable,Compshg,Vinylsd,Vinylsd,-0.5718951461336651,Ta,Pconc,Alq,0.891429651230391,Lwq,0.30998799081489387,-0.7224712777602944,0.2933587155414874,Ta,Sbrkr,0.058454094834971944,-0.8058476456345897,-0.11183896233236511,-0.745857996678326,0.20923762540902602,-0.23862605398781578,Typ,Attchd,-0.05141129182803748,0.4033288092841152,0.4268613980771305,Ta,Ta,0.7820191904963494,-0.7172050643637078,-0.37071052595830367,-0.10217939216911985,-0.2698934816491846,-0.07638622508638289,-1.2237243411562944,0.1385272827549204,Wd,Abnorml,175000.0
926,0.4674280524180937,0.05886816201502109,Rl,1.3469465376106855,0.9209334658201849,Inside,Nridght,Norm,Norm,1fam,2story,1.5859514890295279,-0.5526946526296532,1.059245078295518,0.9383932761003505,Hip,Compshg,Vinylsd,Vinylsd,1.6099539024508216,Ta,Pconc,Unf,-1.0478669023226053,Unf,-0.2871575004618263,1.445031041932824,0.461683975305353,Ex,Sbrkr,0.3993769475854405,1.9718911617241164,-0.11183896233236511,2.190761814996531,1.5081281986003237,2.536346610033393,Typ,Builtin,1.0268380866872613,1.7890975791506603,1.0074773470252454,Ta,Ta,0.13689282823256588,0.9387856418109181,-0.37071052595830367,-0.10217939216911985,-0.2698934816491846,-0.07638622508638289,-0.48685190517417704,-0.6157420322454488,Wd,Normal,285000.0
927,0.46979304809620615,0.05886816201502109,Rl,0.057770470950840196,0.25468480578120417,Inside,Nwames,Feedr,Norm,1fam,2story,0.7855007178579084,-0.5526946526296532,-0.0948696413212486,-0.8159743666575829,Gable,Compshg,Metalsd,Metalsd,1.6227883086189656,Ta,Cblock,Blq,0.34781979593196305,Unf,-0.2871575004618263,-0.6893073078414926,-0.6064163093780852,Gd,Sbrkr,-0.029933311433668053,1.3383717846072185,-0.11183896233236511,1.2589497593689323,1.5081281986003237,1.842603444028091,Typ,Attchd,-0.4246514613141025,0.4033288092841152,0.15657466322197358,Ta,Ta,-0.7459116674968221,-0.005129060708618667,-0.37071052595830367,-0.10217939216911985,-0.2698934816491846,-0.07638622508638289,-0.8552881231652357,0.1385272827549204,Wd,Normal,176000.0
928,0.4721580437743186,-0.8779193078215382,Rl,0.057770470950840196,0.8698300669320115,Inside,Collgcr,Norm,Norm,1fam,1story,1.5859514890295279,-0.5526946526296532,0.9932956657459886,0.7921959725371894,Hip,Compshg,Vinylsd,Vinylsd,-0.5718951461336651,Ta,Pconc,Unf,-1.0478669023226053,Unf,-0.2871575004618263,2.800016098615298,2.2122666768495556,Ex,Sbrkr,2.148184914472103,-0.8058476456345897,-0.11183896233236511,0.8118682175274075,0.20923762540902602,0.45511711201748645,Typ,Attchd,0.9438958268014691,0.4033288092841152,0.3367658197920782,Ta,Ta,0.9687662953621815,1.7833409019599773,-0.37071052595830367,-0.10217939216911985,-0.2698934816491846,-0.07638622508638289,-0.11841568718311837,0.8927965977552895,Wd,Normal,236500.0
929,0.474523039452431,0.05886816201502109,Rl,0.057770470950840196,1.2405677681828593,Corner,Gilbert,Norm,Norm,1fam,2story,0.7855007178579084,-0.5526946526296532,0.8613968406469296,0.5972662344529746,Gable,Compshg,Hdboard,Hdboard,1.2570077328268605,Ta,Pconc,Unf,-1.0478669023226053,Unf,-0.2871575004618263,0.9309895081913959,-0.2024356859448077,Gd,Sbrkr,-0.36138608494106805,2.2228622995819647,-0.11183896233236511,1.866039431974792,1.5081281986003237,1.1488602780227886,Typ,Builtin,0.7780113070298847,0.4033288092841152,0.9374030083590936,Ta,Ta,-0.7459116674968221,-0.7172050643637078,-0.37071052595830367,-0.10217939216911985,-0.2698934816491846,-0.07638622508638289,1.723765402772175,-1.370011347245818,Wd,Normal,222000.0
930,0.47688803513054345,-0.8779193078215382,Rl,0.27263314872748107,-0.05479229928692644,Inside,Timber,Norm,Norm,1fam,1story,1.5859514890295279,-0.5526946526296532,1.1911439033945772,1.0845905796635116,Gable,Compshg,Vinylsd,Vinylsd,-0.5718951461336651,Ta,Pconc,Glq,-1.0074122154166758,Unf,-0.2871575004618263,2.0822530353726587,1.3339148668090204,Ex,Sbrkr,1.1317297423827433,-0.8058476456345897,-0.11183896233236511,0.054182657143349834,0.20923762540902602,0.45511711201748645,Typ,Attchd,1.1927226064588459,1.7890975791506603,0.7772330914078895,Ta,Ta,0.10293880916605094,-0.4191267372522751,-0.37071052595830367,-0.10217939216911985,-0.2698934816491846,-0.07638622508638289,0.2500205308079403,0.8927965977552895,Wd,Normal,201000.0
931,0.4792530308086559,-0.8779193078215382,Rl,0.11148614039500042,0.0007548734176098254,Inside,Names,Norm,Norm,1fam,1story,-0.8154008244853307,0.35434574153267734,-0.1937937601455429,-0.962171670220744,Gable,Compshg,Vinylsd,Vinylsd,-0.5718951461336651,Ta,Cblock,Blq,-0.1932616414348442,Rec,2.7049908751828147,-1.0659552519193132,-0.3217935974137306,Ex,Sbrkr,-0.5760412144506223,-0.8058476456345897,-0.11183896233236511,-1.2188232067317284,-1.0896529477822716,-0.9323692199931181,Typ,Detchd,-0.5490648511427908,-0.9824399605824299,-0.12872800134735876,Ta,Ta,-0.7459116674968221,-0.7172050643637078,-0.37071052595830367,-0.10217939216911985,-0.2698934816491846,-0.07638622508638289,0.2500205308079403,0.8927965977552895,Wd,Normal,117500.0
932,0.4816180264867684,-0.8779193078215382,Rl,0.8635055126132435,0.8165047811356567,Corner,Somerst,Rrnn,Norm,1fam,1story,2.386402260201147,-0.5526946526296532,1.1581691971198125,1.035858145142458,Hip,Compshg,Vinylsd,Imstucc,1.3661001852560848,Ta,Pconc,Unf,-1.0478669023226053,Unf,-0.2871575004618263,3.160082057733718,2.6774564856515113,Ex,Sbrkr,2.5175180049517776,-0.8058476456345897,-0.11183896233236511,1.0871763248719253,0.20923762540902602,1.1488602780227886,Typ,Attchd,1.1512514765159496,1.7890975791506603,1.6681782544489625,Ta,Ta,-0.7459116674968221,2.4457371844298277,-0.37071052595830367,-0.10217939216911985,-0.2698934816491846,-0.07638622508638289,-1.2237243411562944,-0.6157420322454488,Wd,Normal,320000.0
933,0.4839830221648808,-0.8779193078215382,Rl,-0.2645235457141211,-0.19381893725599436,Fr2,Collgcr,Norm,Norm,1fam,1story,0.7855007178579084,-0.5526946526296532,1.092219784570283,0.9383932761003505,Gable,Compshg,Vinylsd,Vinylsd,0.7757175015214591,Ta,Pconc,Glq,-0.9972985436901933,Unf,-0.2871575004618263,2.1533186851986628,1.4379704819357737,Ex,Sbrkr,1.2390573071375204,-0.8058476456345897,-0.11183896233236511,0.13418672252551742,0.20923762540902602,-0.23862605398781578,Typ,Attchd,1.0683092166301575,0.4033288092841152,0.5770206952188843,Ta,Ta,0.8838812476958942,-0.12104841014084247,-0.37071052595830367,-0.10217939216911985,-0.2698934816491846,-0.07638622508638289,0.6184567487989989,0.8927965977552895,Wd,Normal,190000.0
935,0.4887130135211057,-0.6437224403623983,Rl,-0.8553959095998835,-1.0387707871958545,Inside,Brkside,Norm,Norm,1fam,1story,-1.6158515956569501,-0.5526946526296532,-1.4798073048613687,-1.5469608844733884,Gable,Compshg,Metalsd,Metalsd,0.1211627869461131,Gd,Pconc,Unf,-1.0478669023226053,Unf,-0.2871575004618263,0.06872629030254879,-1.3164428596547548,Gd,Sbrkr,-1.1379325828726907,-0.8058476456345897,-0.11183896233236511,-1.637668019614841,-2.3885435209735695,-0.9323692199931181,Typ,Detchd,-1.0467184104575442,0.4033288092841152,0.366797679220429,Ta,Ta,-0.7459116674968221,-0.7172050643637078,0.1652439367168052,-0.10217939216911985,-0.2698934816491846,-0.07638622508638289,-0.11841568718311837,-1.370011347245818,Wd,Normal,79900.0
936,0.4910780091992181,-0.8779193078215382,Rl,-0.049660867937480244,0.3127712778093764,Inside,Sawyerw,Norm,Norm,1fam,1story,0.7855007178579084,-0.5526946526296532,1.059245078295518,0.8896608415792968,Gable,Compshg,Vinylsd,Vinylsd,-0.5718951461336651,Ta,Pconc,Glq,1.0583052347173503,Unf,-0.2871575004618263,-0.5400694432068844,0.4463816789631834,Ex,Sbrkr,0.29204938283066334,-0.8058476456345897,-0.11183896233236511,-0.5717315014347848,-1.0896529477822716,-0.9323692199931181,Typ,Attchd,1.0268380866872613,0.4033288092841152,0.5019410466480074,Ta,Ta,-0.7459116674968221,-0.03824887483211118,-0.37071052595830367,-0.10217939216911985,-0.2698934816491846,-0.07638622508638289,0.6184567487989989,0.8927965977552895,Wd,Normal,184900.0
937,0.49344300487733056,0.05886816201502109,Rl,0.3800644876158015,0.18326701230394327,Inside,Somerst,Norm,Norm,1fam,2story,0.7855007178579084,-0.5526946526296532,1.1251944908450477,0.9871257106214042,Gable,Compshg,Vinylsd,Vinylsd,-0.5718951461336651,Ta,Pconc,Glq,-0.18567638763998243,Unf,-0.2871575004618263,0.47616934930497107,0.2535727450518464,Ex,Sbrkr,0.0174170847816748,1.2847662988511734,-0.11183896233236511,1.2424783341431918,0.20923762540902602,1.1488602780227886,Typ,Attchd,1.1097803465730536,0.4033288092841152,1.1726525738811746,Ta,Ta,-0.7459116674968221,0.07767047460011262,-0.37071052595830367,-0.10217939216911985,-0.2698934816491846,-0.07638622508638289,-1.592160559147353,0.8927965977552895,Wd,Normal,253000.0
938,0.495808000555443,0.05886816201502109,Rl,0.27263314872748107,-0.10716534783691778,Inside,Collgcr,Norm,Norm,1fam,2story,0.7855007178579084,-0.5526946526296532,1.1581691971198125,1.035858145142458,Gable,Compshg,Vinylsd,Vinylsd,-0.5718951461336651,Ta,Pconc,Glq,0.12531901794935071,Unf,-0.2871575004618263,0.8433418734059911,1.1043804216764763,Ex,Sbrkr,0.894977761306029,0.5854583710336746,-0.11183896233236511,1.2213007874243826,0.20923762540902602,0.45511711201748645,Typ,Attchd,1.1512514765159496,1.7890975791506603,2.0686030468269725,Ta,Ta,-0.7459116674968221,0.7731865711934555,-0.37071052595830367,-0.10217939216911985,-0.2698934816491846,-0.07638622508638289,0.6184567487989989,-1.370011347245818,New,Partial,239799.0
940,0.5005379919116678,0.7614587643924405,Rl,-0.6942489012674029,1.124394824126515,Inside,Mitchel,Norm,Norm,Duplex,1story,-0.014950053313711128,-0.5526946526296532,0.1689280088768695,-0.42611489048915324,Gable,Compshg,Plywood,Plywood,-0.5718951461336651,Ta,Cblock,Rec,1.3187322816742715,Lwq,2.2555265269100144,-0.4145201285142776,2.1357551951387075,Ta,Sbrkr,1.9587833296107318,-0.8058476456345897,-0.11183896233236511,0.6706845727353471,1.5081281986003237,1.1488602780227886,Typ,Attchd,-0.09288242177093359,0.4033288092841152,0.5970419348377849,Ta,Ta,-0.4063714768316729,-0.7172050643637078,-0.37071052595830367,-0.10217939216911985,-0.2698934816491846,-0.07638622508638289,0.2500205308079403,-1.370011347245818,Wd,Normal,150900.0
941,0.5029029875897802,0.05886816201502109,Rl,0.057770470950840196,-0.10875240991419025,Fr2,Gilbert,Rrnn,Norm,1fam,2story,0.7855007178579084,-0.5526946526296532,0.9273462531964591,0.6947311034950819,Gable,Compshg,Vinylsd,Vinylsd,1.3404313729197967,Ta,Pconc,Alq,0.9040717408884938,Unf,-0.2871575004618263,-0.8314386074935004,-0.11674282642865795,Ex,Sbrkr,-0.26984198559140515,1.7233566368551796,-0.11183896233236511,1.4519007405847482,0.20923762540902602,1.1488602780227886,Typ,Builtin,0.8609535669156769,0.4033288092841152,-0.3239350876316388,Ta,Ta,-0.7459116674968221,-0.7172050643637078,-0.37071052595830367,6.074938272762158,-0.2698934816491846,-0.07638622508638289,-0.11841568718311837,0.8927965977552895,Wd,Normal,214000.0
942,0.5052679832678927,0.7614587643924405,Rl,-1.3925526040414857,-0.44013097164868087,Inside,Edwards,Norm,Norm,Duplex,1story,-1.6158515956569501,-2.366775440954314,0.20190271515163427,-0.37738245596809955,Gable,Compshg,Metalsd,Metalsd,-0.5718951461336651,Ta,Pconc,Glq,2.5930549192110512,Unf,-0.2871575004618263,-1.3525867062175287,1.2543429258297385,Ta,Sbrkr,1.0496557222761491,-0.8058476456345897,-0.11183896233236511,-0.0069969222665430195,1.5081281986003237,1.1488602780227886,Typ,Attchd,0.07300209800065086,-2.368208730448975,-2.2760059504744388,Ta,Ta,1.9788983625910004,-0.7172050643637078,-0.37071052595830367,-0.10217939216911985,-0.2698934816491846,-0.07638622508638289,0.6184567487989989,-0.6157420322454488,Oth,Abnorml,150000.0
944,0.5099979746241177,-0.8779193078215382,Rl,0.057770470950840196,1.67510536494006,Culdsac,Timber,Norm,Norm,1fam,Slvl,-0.014950053313711128,0.35434574153267734,-0.42461670406889623,-1.3032987118681199,Gable,Compshg,Hdboard,Hdboard,2.899811722349298,Ta,Cblock,Glq,-0.7672125119127192,Rec,1.9858479179463344,-0.5140120382706831,-0.6462022798677262,Gd,Fusea,0.7466131864979547,-0.8058476456345897,-0.11183896233236511,-0.2328907539338397,0.20923762540902602,0.45511711201748645,Typ,Basment,-0.8393627607430636,0.4033288092841152,0.35178174950625357,Ta,Ta,-0.7459116674968221,1.2368639689223508,-0.37071052595830367,-0.10217939216911985,4.2069739905488275,-0.07638622508638289,-1.9605967771384116,0.8927965977552895,Cod,Abnorml,137500.0
945,0.5123629703022301,-0.17532870544411872,Rm,1.6155248848314865,-0.0881206029096482,Corner,Oldtown,Norm,Norm,1fam,1.5fin,-0.8154008244853307,0.35434574153267734,-2.6668967307529003,0.5485337999319209,Hip,Compshg,Vinylsd,Vinylsd,-0.5718951461336651,Ta,Brktil,Lwq,1.703051807280602,Unf,-0.2871575004618263,-1.3525867062175287,0.17706126334099842,Ta,Sbrkr,0.25416906585838905,0.5610922411445631,2.703763975079994,1.002466137996689,-1.0896529477822716,0.45511711201748645,Typ,Detchd,-0.632007111028583,0.4033288092841152,0.006415366080219709,Ta,Ta,-0.33846343869864304,-0.7172050643637078,3.715942251939402,-0.10217939216911985,-0.2698934816491846,-0.07638622508638289,0.9868929667900576,0.8927965977552895,Wd,Normal,124900.0
946,0.5147279659803425,0.5272618969333007,Rl,0.11148614039500042,-0.2966605598632501,Inside,Names,Norm,Norm,1fam,Slvl,-0.8154008244853307,0.35434574153267734,-0.3916419977941315,-1.2545662773470663,Gable,Compshg,Hdboard,Hdboard,0.24950684862755348,Gd,Cblock,Alq,0.8433897105295997,Blq,1.6005927622839342,-1.1109634968091155,0.34844698237329796,Ta,Sbrkr,0.11527457029338337,-0.8058476456345897,-0.11183896233236511,-0.7035029032407079,0.20923762540902602,-0.23862605398781578,Typ,Attchd,-0.7978916308001675,-0.9824399605824299,1.7082207336867634,Ta,Ta,-0.015900257566751282,-0.7172050643637078,-0.37071052595830367,-0.10217939216911985,-0.2698934816491846,-0.07638622508638289,-1.2237243411562944,-1.370011347245818,Wd,Normal,143000.0
947,0.517092961658455,-0.8779193078215382,Rl,0.9172211820574037,1.7262087638282335,Inside,Timber,Norm,Norm,1fam,1story,1.5859514890295279,-0.5526946526296532,1.0262703720207533,0.8896608415792968,Hip,Compshg,Vinylsd,Vinylsd,0.9425647817073316,Ta,Pconc,Glq,2.239076408784168,Unf,-0.2871575004618263,-0.604028528050288,1.7929837570741083,Ex,Sbrkr,1.646270714589469,-0.8058476456345897,-0.11183896233236511,0.43773155882844733,0.20923762540902602,1.842603444028091,Typ,Attchd,0.9853669567443653,1.7890975791506603,1.768284452543465,Ta,Ta,-0.7459116674968221,3.4558915151963494,-0.37071052595830367,-0.10217939216911985,-0.2698934816491846,-0.07638622508638289,1.723765402772175,-0.6157420322454488,Wd,Normal,270000.0
948,0.5194579573365674,0.05886816201502109,Rl,-0.1570922068258007,1.5579801836373521,Inside,Collgcr,Norm,Norm,1fam,2story,0.7855007178579084,-0.5526946526296532,1.0262703720207533,0.8409284070582431,Gable,Compshg,Vinylsd,Vinylsd,0.35218209797270583,Ta,Pconc,Unf,-1.0478669023226053,Unf,-0.2871575004618263,0.8646615683537923,-0.2881285454609575,Ex,Sbrkr,-0.5413175905593709,1.2409072650507729,-0.11183896233236511,0.7836314885689954,0.20923762540902602,0.45511711201748645,Typ,Attchd,0.9853669567443653,0.4033288092841152,0.09651094436527202,Ta,Ta,0.4764330188977151,0.872546013563933,-0.37071052595830367,-0.10217939216911985,-0.2698934816491846,-0.07638622508638289,-1.592160559147353,-1.370011347245818,Wd,Normal,192500.0
949,0.5218229530146798,-0.8779193078215382,Rl,0.5412114959482822,0.083282101435778,Inside,Nwames,Norm,Norm,1fam,1story,-0.014950053313711128,1.2613861356950078,0.03702918377781046,1.035858145142458,Hip,Compshg,Plywood,Plywood,-0.5718951461336651,Ta,Cblock,Alq,1.4350395065288188,Unf,-0.2871575004618263,-0.9285616622557057,0.4004747899366746,Ta,Sbrkr,0.8634108304958005,-0.8058476456345897,-0.11183896233236511,-0.14582750631206912,0.20923762540902602,-0.9323692199931181,Typ,Attchd,-0.258766941542518,0.4033288092841152,1.107583545119748,Ta,Ta,-0.7459116674968221,-0.7172050643637078,-0.37071052595830367,-0.10217939216911985,-0.2698934816491846,-0.07638622508638289,-1.2237243411562944,1.6470659127556586,Wd,Normal,197500.0
950,0.5241879486927923,-0.8779193078215382,Rl,-0.42567055404660176,-0.6023287159459267,Inside,Names,Norm,Norm,1fam,1story,-0.8154008244853307,2.168426529857338,-0.6884143542670144,0.8409284070582431,Gable,Compshg,Vinylsd,Vinylsd,-0.5718951461336651,Ta,Cblock,Alq,-0.041556565537608524,Blq,0.6695594694331339,-0.6016596730560878,-0.5084816127881998,Gd,Sbrkr,-0.7685994923930166,-0.8058476456345897,-0.11183896233236511,-1.3623599122703232,0.20923762540902602,-0.9323692199931181,Typ,Detchd,0.07300209800065086,0.4033288092841152,1.3278171809276538,Ta,Ta,0.9008582572291516,-0.7172050643637078,-0.37071052595830367,-0.10217939216911985,-0.2698934816491846,-0.07638622508638289,0.2500205308079403,-0.6157420322454488,Wd,Normal,129000.0
951,0.5265529443709047,-0.8779193078215382,Rh,-0.42567055404660176,-0.411881266673231,Corner,Sawyerw,Norm,Norm,1fam,1story,-0.8154008244853307,-0.5526946526296532,-0.1937937601455429,-0.962171670220744,Gable,Compshg,Vinylsd,Vinylsd,-0.5718951461336651,Ta,Cblock,Blq,0.572848991846196,Unf,-0.2871575004618263,-0.9096108223021047,-0.6186581464518209,Gd,Sbrkr,-0.449773491209708,-0.8058476456345897,-0.11183896233236511,-1.1247007768703547,0.20923762540902602,-0.23862605398781578,Typ,Detchd,0.031530968057754745,-0.9824399605824299,-0.7744129790569003,Ta,Ta,2.8277488392538737,-0.7172050643637078,-0.37071052595830367,-0.10217939216911985,-0.2698934816491846,-0.07638622508638289,0.2500205308079403,-1.370011347245818,Wd,Abnorml,119900.0
952,0.5289179400490172,0.6443603306628706,Rl,-0.42567055404660176,-0.6023287159459267,Inside,Collgcr,Norm,Norm,1fam,Sfoyer,-0.8154008244853307,2.168426529857338,0.03702918377781046,0.8896608415792968,Gable,Compshg,Wdshing,Hdboard,-0.5718951461336651,Gd,Cblock,Glq,0.6208889325469873,Unf,-0.2871575004618263,-1.096750366843915,-0.8022857025578561,Gd,Sbrkr,-1.071642028171211,-0.8058476456345897,-0.11183896233236511,-1.5882537439376199,-1.0896529477822716,-0.9323692199931181,Typ,Detchd,-0.1758246816567258,-0.9824399605824299,-0.293903228203288,Ta,Ta,0.8838812476958942,-0.7172050643637078,-0.37071052595830367,-0.10217939216911985,-0.2698934816491846,-0.07638622508638289,-0.8552881231652357,0.8927965977552895,Wd,Normal,133900.0
953,0.5312829357271296,0.05886816201502109,Rl,0.057770470950840196,0.6276443939402334,Inside,Mitchel,Norm,Norm,1fam,2story,-0.8154008244853307,-1.4597350467919836,-0.061894935046483836,-0.7672419321365292,Gable,Compshg,Hdboard,Hdboard,0.9168959693710435,Ta,Cblock,Alq,0.373103975248169,Lwq,0.952079916918894,-1.2838899113857252,-0.7533183542629134,Ex,Sbrkr,0.19103520423793194,1.143442745494327,-0.11183896233236511,1.2354191519035889,1.5081281986003237,0.45511711201748645,Min2,Attchd,-0.38318033137120633,0.4033288092841152,0.3768082990298792,Ta,Ta,1.8430822863249408,2.412617370306335,-0.37071052595830367,-0.10217939216911985,-0.2698934816491846,0.7944885795982236,0.9868929667900576,0.1385272827549204,Wd,Normal,172000.0
954,0.533647931405242,0.7614587643924405,Rl,-1.7685622901506073,0.09597859805395771,Culdsac,Edwards,Norm,Norm,Duplex,Sfoyer,-0.014950053313711128,-0.5526946526296532,0.13595330260210475,-0.474847325010207,Flat,Tar&grv,Wdshing,Plywood,1.0324056248843398,Ta,Cblock,Glq,1.341488043058857,Unf,-0.2871575004618263,-1.3525867062175287,-0.2605844120450522,Ta,Sbrkr,-0.4024230949943652,-0.8058476456345897,-0.11183896233236511,-1.0894048656723396,1.5081281986003237,-1.6261123859984203,Typ,Attchd,0.07300209800065086,-2.368208730448975,-2.2760059504744388,Ta,Ta,-0.7459116674968221,-0.7172050643637078,-0.37071052595830367,-0.10217939216911985,-0.2698934816491846,-0.07638622508638289,1.3553291847811162,-1.370011347245818,Wd,Adjland,127500.0
955,0.5360129270833545,0.7614587643924405,Rh,0.756074173724923,-0.6226431105350143,Inside,Crawfor,Norm,Norm,Duplex,2story,-0.014950053313711128,0.35434574153267734,-0.8203131793660734,-1.6931581880365496,Gable,Compshg,Metalsd,Metalsd,2.142581758428799,Ta,Cblock,Rec,0.17588737658176262,Unf,-0.2871575004618263,-0.18000348408846478,-0.1565287969182989,Ta,Fusef,-0.405579788075388,1.579596470509422,-0.11183896233236511,1.2118885444382455,1.5081281986003237,1.1488602780227886,Typ,Attchd,-1.337016320057817,0.4033288092841152,0.18660652265032435,Ta,Ta,-0.7459116674968221,-0.7172050643637078,-0.37071052595830367,-0.10217939216911985,-0.2698934816491846,-0.07638622508638289,0.6184567487989989,-0.6157420322454488,Wd,Normal,145000.0
957,0.5407429184395793,-0.8779193078215382,Rl,0.11148614039500042,-0.5324979845459383,Inside,Sawyer,Norm,Norm,1fam,1story,-0.8154008244853307,-0.5526946526296532,-0.2927178789698372,-1.108368973783905,Hip,Compshg,Metalsd,Metalsd,-0.5718951461336651,Ta,Cblock,Rec,0.006483375163182774,Unf,-0.2871575004618263,0.16348049007055396,0.08218702601954687,Ta,Sbrkr,-0.1593577277556052,-0.8058476456345897,-0.11183896233236511,-0.9082191881891954,0.20923762540902602,-0.23862605398781578,Typ,Detchd,-0.05141129182803748,0.4033288092841152,0.6070525546472352,Ta,Ta,-0.7459116674968221,-0.7172050643637078,-0.37071052595830367,-0.10217939216911985,-0.2698934816491846,-0.07638622508638289,-0.8552881231652357,-0.6157420322454488,Wd,Normal,132000.0
958,0.5431079141176918,-0.8779193078215382,Rl,-0.1570922068258007,-0.20556319662781058,Inside,Collgcr,Norm,Norm,1fam,1story,0.7855007178579084,-0.5526946526296532,1.059245078295518,0.8896608415792968,Gable,Compshg,Vinylsd,Vinylsd,-0.5718951461336651,Ta,Pconc,Glq,0.7194972318801904,Unf,-0.2871575004618263,0.1587427800821537,0.9391156211810446,Ex,Sbrkr,0.7245163349307947,-0.8058476456345897,-0.11183896233236511,-0.2493621791595801,0.20923762540902602,-0.23862605398781578,Typ,Attchd,1.0268380866872613,0.4033288092841152,0.38181360893460436,Ta,Ta,-0.7459116674968221,-0.07136868895560369,-0.37071052595830367,-0.10217939216911985,-0.2698934816491846,-0.07638622508638289,1.3553291847811162,-0.6157420322454488,Wd,Normal,185000.0
959,0.5454729097958042,2.4008368366064192,Fv,-2.3594346540363698,-2.07131337466932,Fr2,Somerst,Norm,Norm,Twnhs,2story,0.7855007178579084,-0.5526946526296532,0.9273462531964591,0.6947311034950819,Hip,Compshg,Metalsd,Metalsd,-0.5718951461336651,Ta,Pconc,Alq,0.47929752837623396,Unf,-0.2871575004618263,-1.134652046751117,-1.0226387698850983,Ex,Sbrkr,-1.2989239300048565,0.9485137063814353,-0.11183896233236511,-0.06347038018336719,0.20923762540902602,-0.23862605398781578,Typ,Detchd,0.8609535669156769,0.4033288092841152,0.1465640434125233,Ta,Ta,-0.7459116674968221,0.011430846353127591,-0.37071052595830367,-0.10217939216911985,-0.2698934816491846,-0.07638622508638289,-0.48685190517417704,1.6470659127556586,Wd,Normal,155000.0
960,0.5478379054739166,-0.8779193078215382,Rl,-0.962827248488204,-0.6001068290377453,Inside,Brkside,Norm,Norm,1fam,1story,-0.8154008244853307,1.2613861356950078,-0.42461670406889623,1.1333230141845654,Gable,Compshg,Wdsdng,Plywood,-0.5718951461336651,Gd,Cblock,Blq,0.7119119780853287,Unf,-0.2871575004618263,-0.9688321971571079,-0.5268443683988033,Gd,Sbrkr,-0.7875396508791537,-0.8058476456345897,-0.11183896233236511,-1.3764782767495292,-1.0896529477822716,-1.6261123859984203,Typ,Attchd,0.07300209800065086,-2.368208730448975,-2.2760059504744388,Ta,Ta,0.24724339019873937,-0.7172050643637078,-0.37071052595830367,-0.10217939216911985,-0.2698934816491846,-0.07638622508638289,-1.592160559147353,1.6470659127556586,Wd,Normal,116500.0
962,0.5525678968301415,2.4008368366064192,Rl,-2.3594346540363698,-2.1551102523493064,Corner,Npkvill,Norm,Norm,Twnhse,2story,-0.014950053313711128,0.35434574153267734,0.1689280088768695,-0.42611489048915324,Gable,Compshg,Plywood,Brkcmn,-0.5718951461336651,Ta,Cblock,Alq,0.3579334676584454,Unf,-0.2871575004618263,-0.7651106676558967,-0.692109168894235,Ta,Sbrkr,-0.958001077254388,1.0069924181153027,-0.11183896233236511,0.24713363835916577,0.20923762540902602,0.45511711201748645,Typ,Detchd,-0.09288242177093359,0.4033288092841152,-0.07366959239538234,Ta,Ta,-0.33846343869864304,-0.7172050643637078,-0.37071052595830367,-0.10217939216911985,-0.2698934816491846,-0.07638622508638289,0.2500205308079403,-0.6157420322454488,Wd,Normal,155000.0
963,0.554932892508254,-0.8779193078215382,Rl,2.904700951491332,0.8968101222456434,Corner,Collgcr,Norm,Norm,1fam,1story,2.386402260201147,-0.5526946526296532,1.1911439033945772,1.0845905796635116,Gable,Compshg,Vinylsd,Vinylsd,-0.5718951461336651,Ta,Pconc,Unf,-1.0478669023226053,Unf,-0.2871575004618263,2.911352283342704,2.3561082624659497,Ex,Sbrkr,2.1860652314443776,-0.8058476456345897,-0.11183896233236511,0.8401049464858196,-1.0896529477822716,0.45511711201748645,Typ,Attchd,1.1927226064588459,0.4033288092841152,1.2377216026426014,Ta,Ta,1.6987777052922524,1.5349422960337835,-0.37071052595830367,-0.10217939216911985,-0.2698934816491846,-0.07638622508638289,-0.48685190517417704,0.8927965977552895,Wd,Normal,239000.0
964,0.5572978881863664,0.05886816201502109,Rl,0.6486428348366026,0.7041407860647662,Corner,Timber,Norm,Norm,1fam,2story,0.7855007178579084,-0.5526946526296532,1.0262703720207533,0.8896608415792968,Gable,Compshg,Vinylsd,Vinylsd,-0.2895382104344962,Ta,Pconc,Glq,0.5298658870086459,Unf,-0.2871575004618263,-0.8953976923369039,-0.652323198404594,Ex,Sbrkr,-0.8948672156339309,1.8013282525003362,-0.11183896233236511,1.0612926566600476,1.5081281986003237,1.1488602780227886,Typ,Builtin,0.9853669567443653,0.4033288092841152,0.27670210093537667,Ta,Ta,-0.7459116674968221,-0.05480878189385744,-0.37071052595830367,-0.10217939216911985,-0.2698934816491846,-0.07638622508638289,-1.592160559147353,1.6470659127556586,Wd,Normal,214900.0
965,0.5596628838644788,0.05886816201502109,Rl,-0.1570922068258007,0.3616527897893683,Inside,Gilbert,Rran,Norm,1fam,2story,-0.014950053313711128,-0.5526946526296532,1.1251944908450477,1.0845905796635116,Gable,Compshg,Vinylsd,Vinylsd,-0.5718951461336651,Ta,Pconc,Unf,-1.0478669023226053,Unf,-0.2871575004618263,0.5022267542411725,-0.7563788135313473,Ex,Sbrkr,-1.024291631955868,0.9022180595921235,-0.11183896233236511,0.09653775058096796,0.20923762540902602,1.1488602780227886,Typ,Attchd,1.1097803465730536,0.4033288092841152,-0.3089191579174634,Ta,Ta,-0.7459116674968221,0.4751082440820228,-0.37071052595830367,-0.10217939216911985,-0.2698934816491846,-0.07638622508638289,0.2500205308079403,-0.6157420322454488,New,Partial,178900.0
966,0.5620278795425913,-0.17532870544411872,Rl,3.3344263070446134,0.1594610811448563,Inside,Crawfor,Norm,Norm,1fam,1.5fin,-0.8154008244853307,1.2613861356950078,-1.018161417014662,-1.6931581880365496,Gable,Compshg,Metalsd,Metalsd,-0.5718951461336651,Gd,Brktil,Rec,0.03429597241100932,Unf,-0.2871575004618263,-0.64193020795749,-0.924704073295213,Ex,Sbrkr,-0.4150498673184566,0.003107866683910738,-0.11183896233236511,-0.31760094080907597,-1.0896529477822716,0.45511711201748645,Min2,Detchd,-1.5858430997151935,-0.9824399605824299,-0.994646614864806,Ta,Ta,-0.7459116674968221,0.44198842995853027,-0.37071052595830367,-0.10217939216911985,-0.2698934816491846,-0.07638622508638289,-0.11841568718311837,0.8927965977552895,Wd,Normal,160000.0
967,0.5643928752207037,-0.8779193078215382,Rl,0.057770470950840196,-0.5420203570095731,Inside,Names,Norm,Norm,1fam,1story,-0.8154008244853307,1.2613861356950078,-0.5235408228931906,-1.449496015431281,Hip,Compshg,Wdsdng,Wdsdng,0.39710251956120995,Ta,Cblock,Alq,1.2327660719991713,Unf,-0.2871575004618263,-0.8882911273543035,0.2076658560253376,Ta,Sbrkr,-0.029933311433668053,-0.8058476456345897,-0.11183896233236511,-0.8117436975812875,0.20923762540902602,-0.23862605398781578,Typ,Attchd,-0.9637761505717519,-0.9824399605824299,-0.9746253752459055,Ta,Ta,-0.7459116674968221,-0.7172050643637078,-0.37071052595830367,-0.10217939216911985,-0.2698934816491846,-0.07638622508638289,0.2500205308079403,0.1385272827549204,Wd,Normal,135000.0
968,0.5667578708988161,-0.17532870544411872,Rm,-0.962827248488204,-1.0070295456504053,Inside,Oldtown,Norm,Norm,1fam,1.5fin,-2.4163023668285697,0.35434574153267734,-2.007402605257605,-1.6931581880365496,Gable,Compshg,Vinylsd,Vinylsd,-0.5718951461336651,Ta,Brktil,Unf,-1.0478669023226053,Unf,-0.2871575004618263,0.06872629030254879,-1.3164428596547548,Fa,Sbrkr,-1.6019664657830508,0.09082593428471199,-0.11183896233236511,-1.1176415946307516,-1.0896529477822716,-0.23862605398781578,Typ,Attchd,0.07300209800065086,-2.368208730448975,-2.2760059504744388,Ta,Ta,-0.7459116674968221,-0.7172050643637078,-0.37071052595830367,-0.10217939216911985,-0.2698934816491846,-0.07638622508638289,-0.48685190517417704,0.8927965977552895,Wd,Abnorml,37900.0
969,0.5691228665769286,3.103427438983839,Rl,0.3800644876158015,0.40767759003026977,Inside,Names,Norm,Norm,2fmcon,Slvl,-0.014950053313711128,-0.5526946526296532,-0.42461670406889623,-1.3032987118681199,Hip,Compshg,Hdboard,Hdboard,0.10191117769389703,Fa,Cblock,Alq,0.24921149659875988,Unf,-0.2871575004618263,-1.174922581652519,-1.3531683708759619,Ta,Sbrkr,-0.03940339067673662,-0.8058476456345897,-0.11183896233236511,-0.8188028798208905,-1.0896529477822716,-0.23862605398781578,Typ,Attchd,-0.8393627607430636,-0.9824399605824299,-0.954604135627005,Ta,Ta,-0.7459116674968221,-0.7172050643637078,-0.37071052595830367,-0.10217939216911985,-0.2698934816491846,-0.07638622508638289,-1.2237243411562944,-1.370011347245818,Conld,Normal,140000.0
970,0.571487862255041,-0.17532870544411872,Rl,-0.42567055404660176,0.5403559796902478,Inside,Names,Norm,Norm,1fam,1.5fin,-1.6158515956569501,-1.4597350467919836,-0.7213890605417791,-1.6931581880365496,Gable,Compshg,Asbshng,Asbshng,-0.5718951461336651,Ta,Cblock,Unf,-1.0478669023226053,Unf,-0.2871575004618263,0.3529888896065643,-0.9491877474426843,Ta,Fusea,-1.223163296060308,0.3442336851314711,-0.11183896233236511,-0.5905559874070595,1.5081281986003237,-0.23862605398781578,Typ,Attchd,0.07300209800065086,-2.368208730448975,-2.2760059504744388,Ta,Ta,-0.7459116674968221,-0.7172050643637078,-0.37071052595830367,-0.10217939216911985,-0.2698934816491846,-0.07638622508638289,2.0922016207632335,-1.370011347245818,Wd,Abnorml,135000.0
971,0.5738528579331534,2.4008368366064192,Rl,-1.714846620706447,-2.167806748967486,Inside,Nridght,Norm,Norm,Twnhs,2story,0.7855007178579084,-0.5526946526296532,1.059245078295518,0.9383932761003505,Gable,Compshg,Vinylsd,Wdshng,0.10832838077796905,Ta,Pconc,Glq,0.385746064906272,Unf,-0.2871575004618263,-0.8859222723601033,-0.8145275396315917,Ex,Sbrkr,-1.0842688004953023,1.294512750806818,-0.11183896233236511,0.43067237658884433,-1.0896529477822716,-0.23862605398781578,Typ,Builtin,1.0268380866872613,0.4033288092841152,0.09651094436527202,Ta,Ta,-0.7459116674968221,-0.2700875736965588,-0.37071052595830367,-0.10217939216911985,-0.2698934816491846,-0.07638622508638289,0.2500205308079403,0.8927965977552895,Wd,Normal,173000.0
972,0.5762178536112659,1.46404936676986,Rl,-0.6942489012674029,-0.38267932445141767,Inside,Sawyerw,Norm,Norm,Twnhse,1story,-0.014950053313711128,-0.5526946526296532,0.2678521277011638,-0.27991758692599217,Gable,Compshg,Plywood,Plywood,-0.5718951461336651,Ta,Cblock,Unf,-1.0478669023226053,Unf,-0.2871575004618263,0.8220221784581899,-0.34321681229276807,Ta,Sbrkr,-0.5981380660177823,-0.8058476456345897,-0.11183896233236511,-1.2352946319574687,-1.0896529477822716,-0.9323692199931181,Typ,Attchd,0.031530968057754745,-0.9824399605824299,-0.954604135627005,Ta,Ta,-0.5082335340312176,-0.7172050643637078,-0.37071052595830367,-0.10217939216911985,-0.2698934816491846,-0.07638622508638289,-0.8552881231652357,1.6470659127556586,Wd,Normal,99500.0
973,0.5785828492893783,-0.8779193078215382,Fv,1.4543778764990059,0.8066649962565674,Corner,Somerst,Norm,Norm,1fam,1story,0.7855007178579084,-0.5526946526296532,1.1911439033945772,1.1333230141845654,Gable,Compshg,Cemntbd,Cmentbd,-0.5718951461336651,Ta,Pconc,Unf,-1.0478669023226053,Unf,-0.2871575004618263,2.030138225500256,1.2176174146085315,Ex,Sbrkr,1.0117754053038748,-0.8058476456345897,-0.11183896233236511,-0.03523365122495511,0.20923762540902602,-0.23862605398781578,Typ,Attchd,1.1927226064588459,0.4033288092841152,0.1265428037936228,Ta,Ta,-0.7459116674968221,1.2699837830458434,-0.37071052595830367,-0.10217939216911985,-0.2698934816491846,-0.07638622508638289,2.0922016207632335,0.1385272827549204,New,Partial,182000.0
974,0.5809478449674907,0.2930650294741609,Rl,-0.42567055404660176,0.7352472027793064,Corner,Brkside,Rran,Feedr,1fam,2story,0.7855007178579084,2.168426529857338,-2.007402605257605,0.40233649636875973,Gable,Compshg,Hdboard,Hdboard,-0.5718951461336651,Gd,Brktil,Unf,-1.0478669023226053,Unf,-0.2871575004618263,0.37193972956016536,-0.924704073295213,Ta,Sbrkr,0.09002102564520051,1.345681623573952,-0.11183896233236511,1.3554252499768402,0.20923762540902602,1.1488602780227886,Typ,Detchd,0.7780113070298847,0.4033288092841152,0.3868189188393295,Ta,Ta,3.574737258717202,1.5183823889720371,-0.37071052595830367,-0.10217939216911985,-0.2698934816491846,-0.07638622508638289,1.3553291847811162,0.8927965977552895,Wd,Normal,167500.0
975,0.5833128406456032,2.4008368366064192,Fv,0.057770470950840196,-2.046237793848415,Fr2,Somerst,Norm,Norm,Twnhs,2story,0.7855007178579084,-0.5526946526296532,0.9603209594712239,0.7434635380161356,Gable,Compshg,Metalsd,Metalsd,-0.5718951461336651,Ta,Pconc,Glq,0.572848991846196,Unf,-0.2871575004618263,-1.2767833464031246,-1.0930293330590786,Ex,Sbrkr,-1.3715278708683822,0.9217109635034126,-0.11183896233236511,-0.14347444556553476,0.20923762540902602,-0.23862605398781578,Typ,Detchd,0.9024246968585731,0.4033288092841152,0.1765959028408741,Ta,Ta,0.5528295617973736,0.11079028872360513,-0.37071052595830367,-0.10217939216911985,-0.2698934816491846,-0.07638622508638289,-0.8552881231652357,-1.370011347245818,Wd,Normal,165000.0
976,0.5856778363237156,-0.6437224403623983,Rl,-0.9091115790440437,-1.0149648560367677,Inside,Brkside,Norm,Norm,1fam,1story,-1.6158515956569501,1.2613861356950078,-1.578731423685663,-1.3032987118681199,Gable,Compshg,Wdsdng,Wdsdng,-0.5718951461336651,Ta,Pconc,Unf,-1.0478669023226053,Unf,-0.2871575004618263,-0.3102905087694719,-1.806116342604182,Ta,Fusea,-0.7528160269879023,-0.8058476456345897,-0.11183896233236511,-1.3505946085376515,-1.0896529477822716,-1.6261123859984203,Typ,Attchd,0.07300209800065086,-2.368208730448975,-2.2760059504744388,Ta,Ta,-0.7459116674968221,-0.7172050643637078,-0.37071052595830367,-0.10217939216911985,-0.2698934816491846,-0.07638622508638289,0.6184567487989989,-1.370011347245818,Wd,Normal,85500.0
977,0.588042832001828,1.46404936676986,Fv,-1.7685622901506073,-1.531077443565773,Inside,Somerst,Norm,Norm,Twnhse,1story,0.7855007178579084,-0.5526946526296532,1.1581691971198125,1.0845905796635116,Gable,Compshg,Vinylsd,Vinylsd,-0.5718951461336651,Ta,Pconc,Glq,1.7485633300497727,Unf,-0.2871575004618263,-1.0327912820005114,0.6453115314113882,Ex,Sbrkr,0.42147379915260047,-0.8058476456345897,-0.11183896233236511,-0.4752560108268768,-2.3885435209735695,-1.6261123859984203,Typ,Attchd,1.1927226064588459,0.4033288092841152,0.5720153853141593,Ta,Ta,-0.7459116674968221,1.2037441547988583,-0.37071052595830367,-0.10217939216911985,-0.2698934816491846,-0.07638622508638289,1.723765402772175,-0.6157420322454488,New,Partial,199900.0
978,0.5904078276799405,-0.8779193078215382,Rl,0.004054801506679975,0.11184921882668236,Inside,Edwards,Norm,Norm,1fam,1story,-1.6158515956569501,-0.5526946526296532,-0.5565155291679553,-1.4982284499523348,Gable,Compshg,Metalsd,Metalsd,-0.5718951461336651,Ta,Cblock,Lwq,0.34781979593196305,Unf,-0.2871575004618263,-0.5424382982010846,-0.41666783473518215,Ex,Sbrkr,-0.6738986999623309,-0.8058476456345897,-0.11183896233236511,-1.291768089874293,0.20923762540902602,-0.9323692199931181,Typ,Detchd,0.8609535669156769,0.4033288092841152,-0.2738819885843875,Ta,Ta,-0.7459116674968221,-0.7172050643637078,-0.37071052595830367,-0.10217939216911985,-0.2698934816491846,-0.07638622508638289,-0.48685190517417704,-0.6157420322454488,Wd,Abnorml,110000.0
979,0.5927728233580529,-0.8779193078215382,Rl,0.6486428348366026,-0.08939025257146617,Corner,Sawyer,Feedr,Norm,1fam,1story,-0.8154008244853307,0.35434574153267734,-0.2597431726950724,-1.0596365392628515,Gable,Compshg,Vinylsd,Vinylsd,-0.5718951461336651,Ta,Pconc,Rec,0.5981331711624019,Unf,-0.2871575004618263,-0.23922485894346804,0.2780564191993178,Ta,Sbrkr,0.04267062942985766,-0.8058476456345897,-0.11183896233236511,-0.7576233004109977,0.20923762540902602,-0.9323692199931181,Typ,Detchd,-0.632007111028583,0.4033288092841152,0.1265428037936228,Ta,Ta,-0.7459116674968221,0.6075875005759929,-0.37071052595830367,-0.10217939216911985,-0.2698934816491846,-0.07638622508638289,-0.11841568718311837,0.8927965977552895,Wd,Normal,139000.0
980,0.5951378190361654,0.6443603306628706,Rl,0.057770470950840196,0.9599751929210875,Corner,Names,Norm,Norm,1fam,Sfoyer,0.7855007178579084,3.075466924019669,-0.32569258524460193,1.0845905796635116,Gable,Compshg,Cemntbd,Cmentbd,0.7757175015214591,Ta,Cblock,Alq,1.1442714443924504,Unf,-0.2871575004618263,-1.170184871664119,-0.26364487131348613,Gd,Sbrkr,-0.3424459264549309,-0.8058476456345897,-0.11183896233236511,-1.044696711488187,0.20923762540902602,-0.23862605398781578,Typ,Attchd,-0.7149493709143753,0.4033288092841152,0.6671162735039367,Ta,Ta,0.4764330188977151,0.5413478723290078,-0.37071052595830367,-0.10217939216911985,-0.2698934816491846,-0.07638622508638289,0.2500205308079403,0.1385272827549204,Wd,Normal,178400.0
981,0.5975028147142778,0.05886816201502109,Rl,1.6155248848314865,0.9856855985729014,Corner,Noridge,Norm,Norm,1fam,2story,1.5859514890295279,-0.5526946526296532,0.8943715469216943,0.6947311034950819,Hip,Compshg,Vinylsd,Vinylsd,5.684877860836554,Ta,Pconc,Glq,1.1114020112813827,Unf,-0.2871575004618263,-0.47374150336928084,0.5963441831164455,Ex,Sbrkr,0.5319580569884005,2.449467307550701,-0.11183896233236511,2.750790272671704,1.5081281986003237,1.1488602780227886,Typ,Attchd,0.8194824369727808,1.7890975791506603,1.107583545119748,Ta,Ta,1.3762145241603605,-0.7172050643637078,-0.37071052595830367,-0.10217939216911985,-0.2698934816491846,-0.07638622508638289,0.2500205308079403,0.8927965977552895,Wd,Normal,336000.0
982,0.5998678103923902,-0.8779193078215382,Rl,-1.3388369345973254,-1.8776918012420794,Inside,Blmngtn,Norm,Norm,1fam,1story,0.7855007178579084,-0.5526946526296532,1.1911439033945772,1.0845905796635116,Gable,Compshg,Vinylsd,Vinylsd,-0.4692198967885127,Ta,Pconc,Unf,-1.0478669023226053,Unf,-0.2871575004618263,1.646383716439835,0.7218230131222363,Ex,Sbrkr,0.5003911261781719,-0.8058476456345897,-0.11183896233236511,-0.41642949216351827,-1.0896529477822716,-0.23862605398781578,Typ,Attchd,1.1927226064588459,0.4033288092841152,-0.33394570744108903,Ta,Ta,0.10293880916605094,-0.45224655137576764,-0.37071052595830367,-0.10217939216911985,-0.2698934816491846,-0.07638622508638289,-1.2237243411562944,0.1385272827549204,Wd,Normal,159895.0
983,0.6022328060705027,0.05886816201502109,Rl,0.057770470950840196,0.6831915666447697,Corner,Collgcr,Norm,Norm,1fam,2story,1.5859514890295279,-0.5526946526296532,1.0262703720207533,0.8409284070582431,Gable,Compshg,Cemntbd,Cmentbd,-0.5718951461336651,Ta,Pconc,Unf,-1.0478669023226053,Unf,-0.2871575004618263,1.319481727240217,0.2994796340783552,Ex,Sbrkr,0.13105803569849764,1.9743277747130277,-0.11183896233236511,1.9931047122876464,1.5081281986003237,1.842603444028091,Typ,Attchd,0.9853669567443653,0.4033288092841152,1.6231304653064362,Ta,Ta,-0.7459116674968221,-0.7172050643637078,-0.37071052595830367,-0.10217939216911985,-0.2698934816491846,-0.07638622508638289,-0.48685190517417704,0.1385272827549204,Wd,Normal,255900.0
985,0.6069627974267275,3.103427438983839,Rl,0.004054801506679975,0.5657489729266073,Inside,Edwards,Norm,Norm,2fmcon,1story,-0.8154008244853307,-0.5526946526296532,-0.6884143542670144,-1.6931581880365496,Gable,Compshg,Metalsd,Metalsd,-0.5718951461336651,Ta,Cblock,Alq,1.5816877465628134,Unf,-0.2871575004618263,-1.0588486869367129,0.4096561677419764,Ta,Sbrkr,0.1784084319138405,-0.8058476456345897,-0.11183896233236511,-0.656441688310021,0.20923762540902602,-0.9323692199931181,Typ,Detchd,-1.1711318002862325,-0.9824399605824299,-1.0747315733404081,Ta,Ta,-0.7459116674968221,0.07767047460011262,-0.37071052595830367,-0.10217939216911985,-0.2698934816491846,-0.07638622508638289,0.6184567487989989,0.1385272827549204,Conld,Normal,125000.0
986,0.60932779310484,-0.17532870544411872,Rm,-0.479386223490762,-1.2022381811549183,Corner,Oldtown,Feedr,Norm,1fam,1.5fin,-0.014950053313711128,2.168426529857338,-2.007402605257605,0.8896608415792968,Hip,Compshg,Vinylsd,Vinylsd,-0.5718951461336651,Gd,Cblock,Unf,-1.0478669023226053,Unf,-0.2871575004618263,-0.2036920340304661,-1.6683956755246556,Gd,Sbrkr,-0.3361325402928852,0.7389649893350767,-0.11183896233236511,0.4518499233076534,-1.0896529477822716,-0.9323692199931181,Typ,Attchd,-1.1711318002862325,-0.9824399605824299,-0.9996519247695311,Fa,Ta,2.598559210554898,-0.7172050643637078,-0.37071052595830367,-0.10217939216911985,-0.2698934816491846,-0.07638622508638289,-0.11841568718311837,-1.370011347245818,Wd,Normal,117000.0
988,0.6140577844610648,0.05886816201502109,Rl,0.057770470950840196,0.9358518493465461,Inside,Nwames,Norm,Norm,1fam,2story,-0.014950053313711128,0.35434574153267734,0.1689280088768695,-0.42611489048915324,Gable,Compshg,Plywood,Plywood,1.3404313729197967,Ta,Cblock,Lwq,-0.6534337049897925,Unf,-0.2871575004618263,0.28666094976896067,-0.5574489610831425,Ta,Sbrkr,0.033200550186789086,1.4163434002523752,-0.11183896233236511,1.381308918188718,1.5081281986003237,1.1488602780227886,Typ,Attchd,-0.09288242177093359,0.4033288092841152,0.4819198070291069,Ta,Ta,-0.7459116674968221,2.992214117467454,-0.37071052595830367,-0.10217939216911985,-0.2698934816491846,-0.07638622508638289,-0.11841568718311837,-0.6157420322454488,Wd,Normal,195000.0
989,0.6164227801391773,0.05886816201502109,Fv,-0.1570922068258007,-0.3087222316505208,Inside,Somerst,Norm,Norm,1fam,2story,0.7855007178579084,-0.5526946526296532,1.1581691971198125,1.035858145142458,Gable,Compshg,Vinylsd,Vinylsd,-0.5718951461336651,Ta,Pconc,Unf,-1.0478669023226053,Unf,-0.2871575004618263,0.4714316393165708,-0.7961647840209882,Ex,Sbrkr,-1.0400750973609822,1.1385695195165046,-0.11183896233236511,0.31301933926212727,0.20923762540902602,-0.23862605398781578,Typ,Attchd,1.1512514765159496,0.4033288092841152,0.79725433102679,Ta,Ta,-0.7459116674968221,0.11079028872360513,-0.37071052595830367,-0.10217939216911985,-0.2698934816491846,-0.07638622508638289,0.6184567487989989,-1.370011347245818,New,Partial,197000.0
991,0.6211527714954023,0.2930650294741609,Rm,2.8509852820471715,2.7212966862780688,Corner,Oldtown,Artery,Norm,1fam,2story,1.5859514890295279,3.075466924019669,-2.930694380951018,0.061209454721383796,Gable,Compshg,Wdsdng,Wdsdng,-0.5718951461336651,Gd,Brktil,Blq,-0.5017286290925568,Unf,-0.2871575004618263,0.30561178972256176,-0.3493377308296359,Gd,Sbrkr,-0.604451452179828,1.2067946832060168,-0.11183896233236511,0.7036274231868278,1.5081281986003237,1.1488602780227886,Typ,Attchd,-2.2079100488586354,0.4033288092841152,-0.1537545508709844,Ta,Ta,-0.7459116674968221,2.0814192290714097,-0.37071052595830367,-0.10217939216911985,-0.2698934816491846,-0.07638622508638289,1.723765402772175,0.8927965977552895,Wd,Normal,168000.0
992,0.6235177671735147,0.05886816201502109,Rl,0.6486428348366026,0.21024706761757517,Inside,Names,Norm,Norm,1fam,2story,-0.014950053313711128,2.168426529857338,-0.22676846642030765,0.40233649636875973,Hip,Compshg,Wdsdng,Wdsdng,1.6099539024508216,Ta,Cblock,Blq,0.30736510902603353,Rec,0.4640900530798539,-0.952250212197707,-0.6370209020624245,Gd,Sbrkr,-0.2761553717534509,1.2189777481505724,-0.11183896233236511,0.9601110445590709,0.20923762540902602,0.45511711201748645,Typ,Attchd,-0.590535981085687,0.4033288092841152,-0.07366959239538234,Ta,Ta,1.2828409717274445,-0.021688967770364925,-0.37071052595830367,-0.10217939216911985,-0.2698934816491846,-0.07638622508638289,0.2500205308079403,-0.6157420322454488,Wd,Normal,187000.0
993,0.6258827628516271,0.05886816201502109,Rl,0.004054801506679975,-0.07986788010783138,Inside,Collgcr,Norm,Norm,1fam,2story,-0.014950053313711128,-0.5526946526296532,1.1251944908450477,1.035858145142458,Gable,Compshg,Vinylsd,Vinylsd,-0.5718951461336651,Ta,Pconc,Unf,-1.0478669023226053,Unf,-0.2871575004618263,0.4240545394325682,-0.8573739693896667,Ex,Sbrkr,-1.1284625036296223,1.0216120960487696,-0.11183896233236511,0.13418672252551742,0.20923762540902602,-0.23862605398781578,Typ,Attchd,1.1097803465730536,0.4033288092841152,0.5469888357905336,Ta,Ta,-0.7459116674968221,-0.13760831720258873,-0.37071052595830367,-0.10217939216911985,-0.2698934816491846,-0.07638622508638289,0.6184567487989989,-1.370011347245818,New,Partial,173900.0
994,0.6282477585297396,-0.8779193078215382,Rl,1.5080935459431661,1.0659909396828882,Fr2,Nridght,Norm,Norm,1fam,1story,3.1868530313727668,-0.5526946526296532,1.1581691971198125,1.0845905796635116,Hip,Compshg,Cemntbd,Cmentbd,0.9040615632028994,Ta,Pconc,Glq,1.915438913536732,Unf,-0.2871575004618263,-0.10183126927986053,2.050062335622558,Ex,Sbrkr,1.9272163988005033,-0.8058476456345897,-0.11183896233236511,0.6471539652700037,0.20923762540902602,0.45511711201748645,Typ,Attchd,1.234193736401742,1.7890975791506603,1.6581676346395122,Ta,Ta,1.0876053620949837,0.07767047460011262,-0.37071052595830367,-0.10217939216911985,-0.2698934816491846,-0.07638622508638289,0.2500205308079403,0.8927965977552895,Wd,Normal,337500.0
995,0.630612754207852,-0.17532870544411872,Rl,-0.9091115790440437,-1.3920508055967051,Inside,Brkside,Feedr,Norm,1fam,1.5fin,-1.6158515956569501,1.2613861356950078,-0.8203131793660734,-1.6931581880365496,Gable,Compshg,Metalsd,Metalsd,-0.5718951461336651,Ta,Cblock,Alq,-0.07695441658029685,Unf,-0.2871575004618263,-0.49269234332288186,-0.8665553471949684,Ta,Sbrkr,-1.0527018696850736,0.3052478773088928,-0.11183896233236511,-0.5011396790387546,0.20923762540902602,-0.9323692199931181,Typ,Detchd,-1.337016320057817,-0.9824399605824299,-0.7493864295332747,Ta,Ta,-0.7459116674968221,0.22670963815582895,-0.37071052595830367,-0.10217939216911985,0.9405899979580031,-0.07638622508638289,0.6184567487989989,-1.370011347245818,Wd,Abnorml,121600.0
996,0.6329777498859644,-0.8779193078215382,Rl,0.057770470950840196,0.4956008291111643,Inside,Names,Norm,Norm,1fam,1story,-0.8154008244853307,0.35434574153267734,-0.32569258524460193,-1.157101408304959,Hip,Compshg,Wdsdng,Wdsdng,-0.5718951461336651,Ta,Cblock,Rec,1.265635505110239,Unf,-0.2871575004618263,-1.0327912820005114,0.06076381114050944,Ta,Sbrkr,-0.18145457932276518,-0.8058476456345897,-0.11183896233236511,-0.9246906134149359,0.20923762540902602,-0.23862605398781578,Typ,Attchd,-0.7149493709143753,-0.9824399605824299,-0.4340519055355916,Ta,Ta,-0.7459116674968221,4.5654052883333485,-0.37071052595830367,-0.10217939216911985,-0.2698934816491846,-0.07638622508638289,-1.9605967771384116,-1.370011347245818,Cod,Normal,136500.0
997,0.6353427455640769,-0.8779193078215382,Rl,0.057770470950840196,0.8314231646620178,Inside,Nwames,Posa,Norm,1fam,1story,-0.014950053313711128,0.35434574153267734,-0.02892022877171907,-0.7185094976154754,Hip,Compshg,Hdboard,Hdboard,3.0923278148714584,Ta,Cblock,Unf,-1.0478669023226053,Unf,-0.2871575004618263,2.0633021954190576,1.2604638443666063,Ta,Sbrkr,1.0559691084381948,-0.8058476456345897,-0.11183896233236511,-0.0022908007734743384,-1.0896529477822716,-0.23862605398781578,Typ,Attchd,-0.34170920142831024,0.4033288092841152,0.8022596409315151,Ta,Ta,2.403323600922437,-0.7172050643637078,-0.37071052595830367,-0.10217939216911985,-0.2698934816491846,-0.07638622508638289,-1.592160559147353,0.8927965977552895,Wd,Normal,185000.0
998,0.6377077412421893,-0.6437224403623983,Rm,-0.42567055404660176,0.218499790419392,Inside,Idotrr,Norm,Norm,1fam,1story,-2.4163023668285697,-1.4597350467919836,-1.6117061299604278,-1.6931581880365496,Hip,Compshg,Wdsdng,Wdsdng,-0.5718951461336651,Ta,Brktil,Unf,-1.0478669023226053,Unf,-0.2871575004618263,1.0328502729420015,-0.07083593740214914,Fa,Sbrkr,-0.09622386613514805,-0.8058476456345897,-0.11183896233236511,-0.8611579732585086,0.20923762540902602,-0.23862605398781578,Typ,Detchd,-2.3323234386873235,-0.9824399605824299,-1.224890870482162,Ta,Fa,-0.7459116674968221,0.9387856418109181,0.4332211680543596,-0.10217939216911985,-0.2698934816491846,-0.07638622508638289,-0.48685190517417704,-1.370011347245818,Wd,Normal,91000.0
999,0.6400727369203018,-0.8779193078215382,Rl,-0.2108078762699609,-0.7413553539149946,Inside,Collgcr,Norm,Norm,1fam,1story,0.7855007178579084,-0.5526946526296532,1.1581691971198125,1.035858145142458,Gable,Compshg,Vinylsd,Vinylsd,-0.4178822721159366,Ta,Pconc,Glq,0.6866277987691227,Unf,-0.2871575004618263,-0.165790354123264,0.4800467309159565,Ex,Sbrkr,0.3173029274788462,-0.8058476456345897,-0.11183896233236511,-0.55290701546251,-1.0896529477822716,-0.23862605398781578,Typ,Attchd,1.1512514765159496,0.4033288092841152,0.8873499093118423,Ta,Ta,0.1453813329991946,0.292949266402814,-0.37071052595830367,-0.10217939216911985,-0.2698934816491846,-0.07638622508638289,-1.592160559147353,1.6470659127556586,Wd,Normal,206000.0
1001,0.6448027282765266,-0.6437224403623983,Rl,-0.42567055404660176,-1.173671063764014,Corner,Oldtown,Norm,Norm,1fam,1story,-0.8154008244853307,0.35434574153267734,-1.6776555425099573,-1.6931581880365496,Gable,Compshg,Wdsdng,Wdsdng,-0.5718951461336651,Ta,Brktil,Unf,-1.0478669023226053,Unf,-0.2871575004618263,0.2842920947747606,-1.037941066227268,Ex,Fusea,-1.3147073954099708,-0.8058476456345897,-0.11183896233236511,-1.769439421420764,-1.0896529477822716,-1.6261123859984203,Typ,Detchd,-2.4152656985731156,-0.9824399605824299,-1.194859011053811,Fa,Ta,-0.7459116674968221,-0.3860069231287826,1.2036557081498287,-0.10217939216911985,-0.2698934816491846,-0.07638622508638289,-1.9605967771384116,-0.6157420322454488,Wd,Abnorml,86000.0
1002,0.6471677239546391,-0.8779193078215382,Rl,0.3800644876158015,0.9076021443710962,Inside,Somerst,Rran,Norm,1fam,1story,1.5859514890295279,-0.5526946526296532,1.1581691971198125,1.035858145142458,Gable,Compshg,Vinylsd,Vinylsd,-0.231783382677848,Ta,Pconc,Glq,-0.987184871963711,Unf,-0.2871575004618263,2.3191385347926716,1.6644444677998838,Ex,Sbrkr,1.472652595133212,-0.8058476456345897,-0.11183896233236511,0.3083132177690586,0.20923762540902602,0.45511711201748645,Typ,Attchd,1.1512514765159496,1.7890975791506603,1.8483694110190672,Ta,Ta,0.4764330188977151,1.005025270057903,-0.37071052595830367,-0.10217939216911985,-0.2698934816491846,-0.07638622508638289,0.2500205308079403,0.1385272827549204,Wd,Normal,232000.0
1003,0.6495327196327515,0.7614587643924405,Rl,0.057770470950840196,0.7625446705083929,Corner,Nwames,Feedr,Rran,Duplex,1story,-0.8154008244853307,0.35434574153267734,0.1689280088768695,-0.42611489048915324,Gable,Compshg,Vinylsd,Vinylsd,0.4805261596541462,Ta,Cblock,Unf,-1.0478669023226053,Unf,-0.2871575004618263,2.6270896840386886,1.9888531502538793,Fa,Sbrkr,1.8072620617216346,-0.8058476456345897,-0.11183896233236511,0.5577376569016987,1.5081281986003237,1.1488602780227886,Typ,Detchd,-0.09288242177093359,0.4033288092841152,0.366797679220429,Ta,Ta,-0.7459116674968221,-0.7172050643637078,-0.37071052595830367,-0.10217939216911985,-0.2698934816491846,-0.07638622508638289,-0.11841568718311837,-0.6157420322454488,Wd,Normal,136905.0
1004,0.6518977153108639,1.46404936676986,Rl,-1.3388369345973254,-1.8776918012420794,Inside,Blmngtn,Norm,Norm,Twnhse,1story,0.7855007178579084,-0.5526946526296532,1.1251944908450477,1.035858145142458,Gable,Compshg,Vinylsd,Vinylsd,-0.4692198967885127,Ta,Pconc,Glq,-1.0074122154166758,Unf,-0.2871575004618263,1.7979904360686432,0.9666597545969499,Ex,Sbrkr,1.2516840794616118,-0.8058476456345897,-0.11183896233236511,0.14359896551165477,-2.3885435209735695,0.45511711201748645,Typ,Attchd,1.1097803465730536,0.4033288092841152,0.011420675984944837,Ta,Ta,0.5782950760972598,-0.7172050643637078,-0.37071052595830367,-0.10217939216911985,-0.2698934816491846,-0.07638622508638289,-0.48685190517417704,0.8927965977552895,Wd,Normal,181000.0
1005,0.6542627109889764,0.5272618969333007,Rl,-0.1570922068258007,-0.22619500363235262,Inside,Collgcr,Norm,Norm,1fam,Slvl,-0.8154008244853307,2.168426529857338,0.20190271515163427,-0.37738245596809955,Gable,Compshg,Hdboard,Hdboard,0.8398895323621792,Ta,Cblock,Glq,0.4565417669916486,Unf,-0.2871575004618263,-0.4287332584794784,-0.1381660413076954,Ta,Sbrkr,-0.3866396295892509,-0.8058476456345897,-0.11183896233236511,-1.077639561939668,0.20923762540902602,-0.23862605398781578,Typ,Attchd,-0.05141129182803748,-0.9824399605824299,-0.6342643017245968,Ta,Ta,1.0366743334952113,-0.7172050643637078,-0.37071052595830367,-0.10217939216911985,-0.2698934816491846,-0.07638622508638289,1.723765402772175,0.1385272827549204,Wd,Normal,149900.0
1006,0.6566277066670888,-0.8779193078215382,Rl,0.057770470950840196,0.9704498026310857,Inside,Names,Posn,Norm,1fam,1story,-0.014950053313711128,-2.366775440954314,-0.02892022877171907,-0.7185094976154754,Gable,Compshg,Plywood,Plywood,-0.5718951461336651,Ta,Cblock,Lwq,2.0797860790920706,Unf,-0.2871575004618263,-0.3576676086534745,1.918462587079899,Gd,Sbrkr,1.7346581208581089,-0.8058476456345897,-0.11183896233236511,0.5036172597314089,0.20923762540902602,0.45511711201748645,Typ,Attchd,-0.34170920142831024,0.4033288092841152,0.1465640434125233,Ta,Ta,-0.7459116674968221,-0.7172050643637078,-0.37071052595830367,-0.10217939216911985,2.554567970767587,-0.07638622508638289,-1.2237243411562944,-0.6157420322454488,Wd,Normal,163500.0
1007,0.6589927023452012,2.4008368366064192,Rm,-2.5205816623688504,-2.183994782155665,Inside,Meadowv,Norm,Norm,Twnhse,2story,-1.6158515956569501,-1.4597350467919836,-0.02892022877171907,-0.7185094976154754,Gable,Compshg,Cemntbd,Cmentbd,-0.5718951461336651,Ta,Cblock,Blq,-0.3576088069901829,Lwq,1.4657534578020943,-1.3525867062175287,-1.4817076601501864,Ta,Sbrkr,-1.772427892158285,0.5245430463108959,-0.11183896233236511,-0.8258620620604935,0.20923762540902602,-0.23862605398781578,Typ,Attchd,-0.34170920142831024,-0.9824399605824299,-0.8444873177230522,Ta,Ta,1.2743524669608157,-0.7172050643637078,-0.37071052595830367,-0.10217939216911985,-0.2698934816491846,-0.07638622508638289,0.6184567487989989,0.8927965977552895,Wd,Normal,88000.0
1008,0.6613576980233137,-0.8779193078215382,Rl,-1.3388369345973254,0.9587055432592695,Culdsac,Mitchel,Norm,Norm,1fam,1story,0.7855007178579084,-0.5526946526296532,1.092219784570283,0.9871257106214042,Hip,Compshg,Vinylsd,Vinylsd,0.1211627869461131,Ta,Pconc,Unf,-1.0478669023226053,Unf,-0.2871575004618263,2.6981553338646926,2.080666928306897,Ex,Sbrkr,1.9019628541523204,-0.8058476456345897,-0.11183896233236511,0.6283294792977289,0.20923762540902602,0.45511711201748645,Typ,Attchd,1.0683092166301575,0.4033288092841152,0.4769144971243818,Ta,Ta,0.10293880916605094,0.07767047460011262,-0.37071052595830367,-0.10217939216911985,3.1886307457999234,-0.07638622508638289,-0.8552881231652357,0.8927965977552895,Wd,Normal,240000.0
1009,0.6637226937014261,-0.17532870544411872,Rl,-0.42567055404660176,-0.9832236144913183,Inside,Swisu,Norm,Norm,1fam,1.5fin,-0.8154008244853307,-0.5526946526296532,-1.4798073048613687,-1.6931581880365496,Gable,Compshg,Wdsdng,Wdsdng,-0.5718951461336651,Fa,Brktil,Unf,-1.0478669023226053,Unf,-0.2871575004618263,1.0352191279362015,-0.06777547813371522,Ex,Sbrkr,-0.3140356887257252,-0.8058476456345897,11.94832695291724,0.18595405894927292,1.5081281986003237,0.45511711201748645,Typ,Attchd,0.07300209800065086,-2.368208730448975,-2.2760059504744388,Ta,Ta,-0.7459116674968221,-0.7172050643637078,1.9405930943281033,-0.10217939216911985,-0.2698934816491846,-0.07638622508638289,-0.11841568718311837,-1.370011347245818,Wd,Normal,102000.0
1012,0.6708176807357634,0.2930650294741609,Rl,-0.6942489012674029,0.4743341972757133,Inside,Crawfor,Norm,Norm,1fam,2story,-0.014950053313711128,1.2613861356950078,-1.578731423685663,0.5485337999319209,Hip,Compshg,Wdsdng,Wdsdng,-0.5718951461336651,Gd,Pconc,Unf,-1.0478669023226053,Unf,-0.2871575004618263,0.07346400029094904,-1.3103219411178868,Ta,Sbrkr,-0.6549585414761937,0.6609933736899201,-0.11183896233236511,0.1388928440185861,0.20923762540902602,0.45511711201748645,Typ,Detchd,-2.2908523087444275,-0.9824399605824299,-1.3750501676239157,Ta,Ta,0.06898479009953602,-0.7172050643637078,1.5051300934045773,-0.10217939216911985,0.7484497630997193,-0.07638622508638289,0.6184567487989989,-0.6157420322454488,Wd,Normal,165000.0
1013,0.6731826764138759,-0.6437224403623983,Rm,-0.42567055404660176,-0.6023287159459267,Inside,Oldtown,Norm,Norm,1fam,1story,-0.8154008244853307,-1.4597350467919836,-2.007402605257605,1.035858145142458,Hip,Compshg,Metalsd,Stucco,-0.5718951461336651,Ta,Brktil,Alq,-0.4233476732123183,Rec,2.6985699559217746,-0.6182416580154887,-0.024929048375640334,Ta,Sbrkr,-0.26984198559140515,-0.8058476456345897,-0.11183896233236511,-0.9905763143178974,-1.0896529477822716,-1.6261123859984203,Maj2,Detchd,-0.9223050206288558,-0.9824399605824299,-0.8745191771514029,Ta,Ta,-0.7459116674968221,-0.22040785251132003,3.414467866684653,-0.10217939216911985,-0.2698934816491846,-0.07638622508638289,-0.11841568718311837,0.8927965977552895,Wd,Normal,85000.0
1014,0.6755476720919883,-0.8779193078215382,Rl,-0.42567055404660176,0.8146003066429297,Inside,Names,Artery,Norm,1fam,1story,-0.014950053313711128,-0.5526946526296532,-0.7543637668165439,-1.6931581880365496,Gable,Compshg,Metalsd,Metalsd,0.7500486891851711,Ta,Cblock,Blq,-0.1983184772980854,Unf,-0.2871575004618263,0.4145791194557677,0.1586985077303949,Ta,Sbrkr,-0.08044040073003376,-0.8058476456345897,-0.11183896233236511,-0.8493926695258369,-1.0896529477822716,-0.9323692199931181,Typ,Detchd,-1.2540740601720246,-0.9824399605824299,-1.0747315733404081,Ta,Ta,-0.7459116674968221,1.435582853663306,-0.37071052595830367,-0.10217939216911985,-0.2698934816491846,-0.07638622508638289,1.723765402772175,-0.6157420322454488,Wd,Normal,119200.0
1015,0.6779126677701007,0.05886816201502109,Rl,0.11148614039500042,-0.22143381740053522,Inside,Nwames,Norm,Norm,1fam,2story,1.5859514890295279,0.35434574153267734,0.9932956657459886,0.7921959725371894,Gable,Compshg,Vinylsd,Vinylsd,-0.5718951461336651,Ta,Pconc,Glq,0.5779058277094372,Unf,-0.2871575004618263,-0.9569879221861073,-0.6737464132836315,Ex,Sbrkr,-0.9390609187682508,1.27745645988444,-0.11183896233236511,0.5224417457036836,0.20923762540902602,-0.23862605398781578,Typ,Attchd,0.9438958268014691,0.4033288092841152,0.366797679220429,Ta,Ta,-0.7459116674968221,0.027990753414873847,-0.37071052595830367,-0.10217939216911985,-0.2698934816491846,-0.07638622508638289,1.723765402772175,0.8927965977552895,Wd,Normal,227000.0
1016,0.6802776634482132,-0.8779193078215382,Rl,0.27263314872748107,0.8841136256274637,Inside,Collgcr,Norm,Norm,1fam,1story,0.7855007178579084,-0.5526946526296532,0.8284221343721648,0.5485337999319209,Hip,Compshg,Vinylsd,Vinylsd,0.6858766583444509,Ta,Pconc,Glq,0.6967414704956051,Unf,-0.2871575004618263,0.5756612590613764,1.4502123190095093,Ex,Sbrkr,1.2516840794616118,-0.8058476456345897,-0.11183896233236511,0.14359896551165477,0.20923762540902602,-0.23862605398781578,Typ,Attchd,0.7365401770869886,0.4033288092841152,0.11653218398417253,Ta,Ta,0.2302663806654819,0.3757488017115453,-0.37071052595830367,-0.10217939216911985,-0.2698934816491846,-0.07638622508638289,-0.11841568718311837,0.8927965977552895,Wd,Normal,203000.0
1017,0.6826426591263256,1.46404936676986,Rl,0.057770470950840196,-1.042262323765854,Culdsac,Stonebr,Norm,Norm,Twnhse,1story,1.5859514890295279,-0.5526946526296532,0.4327256590749876,-0.036255414320723614,Gable,Compshg,Hdboard,Hdboard,-0.5718951461336651,Ta,Cblock,Glq,1.5715740748363312,Unf,-0.2871575004618263,-0.9167173872847051,0.5810418867742759,Gd,Sbrkr,0.7971202757943204,-0.8058476456345897,-0.11183896233236511,-0.19524178198929026,-2.3885435209735695,-1.6261123859984203,Typ,Attchd,0.2388866177722353,0.4033288092841152,0.5519941456952587,Ta,Ta,-0.2111358671992121,-0.7172050643637078,-0.37071052595830367,-0.10217939216911985,-0.2698934816491846,-0.07638622508638289,0.6184567487989989,0.8927965977552895,Cod,Abnorml,187500.0
1018,0.685007654804438,0.5272618969333007,Rl,0.057770470950840196,0.535277381042976,Fr2,Gilbert,Norm,Norm,1fam,Slvl,0.7855007178579084,-0.5526946526296532,0.663548602998341,0.35360406184770604,Gable,Compshg,Hdboard,Hdboard,-0.08418771174419155,Ta,Pconc,Unf,-1.0478669023226053,Unf,-0.2871575004618263,-0.44294638844467915,-1.9775020616364816,Gd,Sbrkr,-0.9643144634164337,0.826683056935878,-0.11183896233236511,0.06830102162255587,0.20923762540902602,0.45511711201748645,Typ,Attchd,0.5291845273725081,0.4033288092841152,-0.2638713687749372,Ta,Ta,0.6462031142302896,-0.7172050643637078,-0.37071052595830367,-0.10217939216911985,-0.2698934816491846,-0.07638622508638289,-0.48685190517417704,-0.6157420322454488,Wd,Normal,160000.0
1019,0.6873726504825505,1.46404936676986,Rl,-1.3388369345973254,-1.9313344994538888,Inside,Blmngtn,Norm,Norm,Twnhse,1story,0.7855007178579084,-0.5526946526296532,1.1251944908450477,0.9871257106214042,Gable,Compshg,Vinylsd,Vinylsd,0.35859930105677784,Ta,Pconc,Glq,-1.0074122154166758,Unf,-0.2871575004618263,1.8358921159758452,1.0156271028918926,Ex,Sbrkr,1.2579974656236577,-0.8058476456345897,-0.11183896233236511,0.14830508700472345,-1.0896529477822716,-0.23862605398781578,Typ,Attchd,1.1097803465730536,0.4033288092841152,-0.07366959239538234,Ta,Ta,0.45945600936445763,-0.3860069231287826,-0.37071052595830367,-0.10217939216911985,-0.2698934816491846,-0.07638622508638289,-0.8552881231652357,-1.370011347245818,Wd,Normal,213490.0
1020,0.6897376461606629,-0.8779193078215382,Rl,-0.42567055404660176,-0.6581933010659176,Inside,Edwards,Norm,Norm,1fam,1story,-1.6158515956569501,-0.5526946526296532,1.1251944908450477,0.9871257106214042,Gable,Compshg,Vinylsd,Vinylsd,-0.5718951461336651,Ta,Pconc,Glq,1.541233059656884,Unf,-0.2871575004618263,-1.096750366843915,0.3117214711520909,Ex,Sbrkr,0.07739425332110908,-0.8058476456345897,-0.11183896233236511,-0.7317396321991199,-1.0896529477822716,-0.9323692199931181,Typ,Attchd,1.1097803465730536,0.4033288092841152,-0.018611183443405933,Ta,Ta,1.393191533693618,0.34262898758805277,-0.37071052595830367,-0.10217939216911985,-0.2698934816491846,-0.07638622508638289,-0.11841568718311837,0.1385272827549204,Wd,Normal,176000.0
1021,0.6921026418387753,-0.8779193078215382,Rl,-0.2108078762699609,-0.5369417583623012,Inside,Collgcr,Norm,Norm,1fam,1story,0.7855007178579084,-0.5526946526296532,1.1581691971198125,1.035858145142458,Gable,Compshg,Vinylsd,Vinylsd,-0.03285008707161539,Ta,Pconc,Glq,0.6815709629058816,Unf,-0.2871575004618263,-0.1326263842044622,0.5167722421371636,Ex,Sbrkr,0.3551832444511205,-0.8058476456345897,-0.11183896233236511,-0.524670286504098,-1.0896529477822716,-0.23862605398781578,Typ,Attchd,1.1512514765159496,0.4033288092841152,0.8873499093118423,Ta,Ta,0.1453813329991946,0.17702991697059017,-0.37071052595830367,-0.10217939216911985,-0.2698934816491846,-0.07638622508638289,0.2500205308079403,-1.370011347245818,New,Partial,194000.0
1022,0.6944676375168878,-0.17532870544411872,Rm,-0.8553959095998835,0.10835768225668294,Inside,Oldtown,Norm,Norm,1fam,1.5fin,-0.8154008244853307,-0.5526946526296532,-1.3479084797623098,-1.6931581880365496,Gable,Compshg,Wdsdng,Wdsdng,-0.5718951461336651,Ta,Cblock,Lwq,-0.22865949247753253,Unf,-0.2871575004618263,0.04030003037214724,-0.3615795679033716,Gd,Fusea,-0.6170782245039195,0.01285431863955532,-0.11183896233236511,-0.4587845856011364,-1.0896529477822716,-0.23862605398781578,Typ,Detchd,-0.8808338906859596,-0.9824399605824299,-1.4751563657184183,Fa,Fa,-0.7459116674968221,-0.7172050643637078,2.8450162500923497,-0.10217939216911985,-0.2698934816491846,-0.07638622508638289,-1.2237243411562944,-0.6157420322454488,Wd,Normal,87000.0
1023,0.6968326331950002,1.46404936676986,Rl,-1.3388369345973254,-1.8776918012420794,Inside,Blmngtn,Norm,Norm,Twnhse,1story,0.7855007178579084,-0.5526946526296532,1.1251944908450477,1.035858145142458,Gable,Compshg,Vinylsd,Vinylsd,-0.4820543029566568,Ta,Pconc,Glq,-1.0074122154166758,Unf,-0.2871575004618263,1.7979904360686432,0.9666597545969499,Ex,Sbrkr,1.2516840794616118,-0.8058476456345897,-0.11183896233236511,0.14359896551165477,-1.0896529477822716,0.45511711201748645,Typ,Attchd,1.1097803465730536,0.4033288092841152,-0.08868552210955774,Ta,Ta,0.5782950760972598,-0.3860069231287826,-0.37071052595830367,-0.10217939216911985,-0.2698934816491846,-0.07638622508638289,-0.48685190517417704,0.1385272827549204,Wd,Normal,191000.0
1025,0.7015626245512251,-0.8779193078215382,Rl,0.11148614039500042,-0.44362250821868027,Corner,Collgcr,Norm,Norm,1fam,1story,-0.8154008244853307,-0.5526946526296532,0.03702918377781046,-0.6210446285733681,Gable,Compshg,Vinylsd,Vinylsd,-0.5718951461336651,Ta,Cblock,Lwq,-0.6989452277589632,Rec,2.7178327137048948,-0.6987827278182931,-0.4533933459563892,Ta,Sbrkr,-0.7117790169346051,-0.8058476456345897,-0.11183896233236511,-1.320004818832705,0.20923762540902602,-0.9323692199931181,Typ,Detchd,0.07300209800065086,0.4033288092841152,0.03144191560384535,Ta,Ta,0.06898479009953602,-0.7172050643637078,-0.37071052595830367,-0.10217939216911985,-0.2698934816491846,-0.07638622508638289,-1.2237243411562944,-0.6157420322454488,Wd,Normal,112500.0
1026,0.7039276202293375,-0.8779193078215382,Rl,0.27263314872748107,0.06423735650850841,Inside,Names,Feedr,Norm,1fam,1story,-0.8154008244853307,-0.5526946526296532,-0.3586672915193667,-1.2058338428260125,Gable,Compshg,Metalsd,Hdboard,1.5072786531056692,Ta,Cblock,Rec,0.7144403960169493,Unf,-0.2871575004618263,2.9495470745038885e-05,0.7279439316591041,Ta,Sbrkr,0.4940777400161262,-0.8058476456345897,-0.11183896233236511,-0.42113561365658697,0.20923762540902602,-0.23862605398781578,Typ,Attchd,-0.7564205008572713,0.4033288092841152,0.03144191560384535,Ta,Ta,-0.7459116674968221,-0.7172050643637078,-0.37071052595830367,-0.10217939216911985,2.4777118768242734,-0.07638622508638289,-0.8552881231652357,1.6470659127556586,Wd,Normal,167500.0
1027,0.70629261590745,-0.8779193078215382,Rl,0.16520180983916063,0.13406808790849686,Inside,Timber,Norm,Norm,1fam,1story,1.5859514890295279,-0.5526946526296532,1.1911439033945772,1.1333230141845654,Gable,Compshg,Vinylsd,Vinylsd,1.5971194962826776,Ta,Pconc,Glq,2.7776294282193548,Unf,-0.2871575004618263,-1.0564798319425126,1.8603138609796546,Ex,Sbrkr,1.6999344969668575,-0.8058476456345897,-0.11183896233236511,0.47773359151953115,0.20923762540902602,0.45511711201748645,Typ,Attchd,1.234193736401742,1.7890975791506603,1.728241973305664,Ta,Ta,0.8838812476958942,0.011430846353127591,-0.37071052595830367,-0.10217939216911985,-0.2698934816491846,-0.07638622508638289,-0.8552881231652357,0.1385272827549204,New,Partial,293077.0
1028,0.7086576115855624,-0.17532870544411872,Rl,0.5949271653924424,0.12518054027577105,Inside,Names,Artery,Norm,1fam,1.5fin,-0.8154008244853307,-0.5526946526296532,-0.9851867107398973,-1.6931581880365496,Gable,Compshg,Wdshing,Wdshng,-0.5718951461336651,Ta,Cblock,Rec,-0.11740910348622637,Blq,-0.023899810759186232,-0.5021677632996824,-0.8022857025578561,Ta,Sbrkr,-0.44030341196663947,0.1882904538411578,-0.11183896233236511,-0.15759281004474082,0.20923762540902602,-0.23862605398781578,Typ,Attchd,-1.5443719697722975,-0.9824399605824299,-1.0747315733404081,Ta,Ta,-0.7459116674968221,-0.7172050643637078,-0.37071052595830367,-0.10217939216911985,-0.2698934816491846,-0.07638622508638289,-0.8552881231652357,-0.6157420322454488,Wd,Normal,105000.0
1029,0.7110226072636748,2.4008368366064192,Rm,-2.5205816623688504,-2.3544452492547276,Inside,Brdale,Norm,Norm,Twnhs,2story,-0.014950053313711128,1.2613861356950078,0.03702918377781046,-0.6210446285733681,Gable,Compshg,Hdboard,Hdboard,1.2313389204905725,Ta,Cblock,Blq,-0.2463584179988767,Unf,-0.2871575004618263,-0.511643183276483,-1.0960897923275126,Gd,Sbrkr,-1.3746845639494052,0.5245430463108959,-0.11183896233236511,-0.5293764079971666,0.20923762540902602,0.45511711201748645,Typ,Detchd,-0.258766941542518,-0.9824399605824299,-0.954604135627005,Ta,Ta,-0.7459116674968221,-0.2535276666348125,-0.37071052595830367,-0.10217939216911985,-0.2698934816491846,-0.07638622508638289,-0.48685190517417704,-1.370011347245818,Wd,Normal,118000.0
1030,0.7133876029417873,3.103427438983839,Rh,0.057770470950840196,-0.6397833809695569,Inside,Swisu,Norm,Norm,2fmcon,2story,-0.8154008244853307,2.168426529857338,-1.8095543676090164,0.49980136541086717,Gable,Compshg,Vinylsd,Vinylsd,-0.5718951461336651,Ta,Pconc,Unf,-1.0478669023226053,Unf,-0.2871575004618263,0.2724478198037599,-1.0532433625694375,Gd,Sbrkr,-0.5034372735870966,1.5820330834983332,-0.11183896233236511,1.1412967220422152,2.8070187717916215,2.536346610033393,Typ,Attchd,0.07300209800065086,-2.368208730448975,-2.2760059504744388,Ta,Ta,-0.7459116674968221,-0.7172050643637078,3.4479650206018473,-0.10217939216911985,-0.2698934816491846,-0.07638622508638289,0.2500205308079403,-1.370011347245818,Wd,Normal,160000.0
1032,0.7181175942980121,0.05886816201502109,Rl,0.057770470950840196,1.727795825905506,Corner,Noridge,Norm,Norm,1fam,2story,1.5859514890295279,1.2613861356950078,0.7294980155478705,0.40233649636875973,Gable,Compshg,Metalsd,Metalsd,-0.5718951461336651,Gd,Pconc,Glq,1.5108920444774367,Unf,-0.2871575004618263,-0.5803399781082866,0.9421760804494785,Ex,Sbrkr,0.7718667311461376,2.0401163254136288,-0.11183896233236511,2.534308683990545,2.8070187717916215,2.536346610033393,Typ,Attchd,0.6121267872583003,1.7890975791506603,1.7082207336867634,Ta,Ta,1.0281858287285826,0.19358982403233643,-0.37071052595830367,-0.10217939216911985,-0.2698934816491846,-0.07638622508638289,1.723765402772175,-1.370011347245818,Wd,Abnorml,310000.0
1033,0.7204825899761246,-0.8779193078215382,Rl,0.057770470950840196,-0.3087222316505208,Inside,Collgcr,Norm,Norm,1fam,1story,0.7855007178579084,-0.5526946526296532,1.0262703720207533,0.8409284070582431,Gable,Compshg,Vinylsd,Vinylsd,1.3211797636675808,Ta,Pconc,Glq,1.4451531782553013,Unf,-0.2871575004618263,0.22980842990815759,1.9092812092745974,Ex,Sbrkr,1.7251880416150405,-0.8058476456345897,-0.11183896233236511,0.49655807749180586,0.20923762540902602,-0.23862605398781578,Typ,Attchd,0.9853669567443653,1.7890975791506603,2.228772963778177,Ta,Ta,-0.7459116674968221,1.5349422960337835,-0.37071052595830367,-0.10217939216911985,-0.2698934816491846,-0.07638622508638289,-1.592160559147353,-1.370011347245818,Wd,Normal,230000.0
1034,0.722847585654237,-0.6437224403623983,Rl,-0.962827248488204,-0.8864128277776979,Inside,Crawfor,Norm,Norm,1fam,1story,-0.8154008244853307,1.2613861356950078,-1.0841108295641915,-1.6931581880365496,Gable,Compshg,Metalsd,Metalsd,-0.5718951461336651,Gd,Pconc,Unf,-1.0478669023226053,Unf,-0.2871575004618263,0.8267598884465902,-0.3370958937559002,Ex,Sbrkr,-0.48449711510095944,-0.8058476456345897,-0.11183896233236511,-1.1505844450822325,-1.0896529477822716,-0.9323692199931181,Typ,Basment,-1.6687853596009858,-0.9824399605824299,-1.0747315733404081,Fa,Ta,-0.7459116674968221,-0.7172050643637078,-0.37071052595830367,-0.10217939216911985,-0.2698934816491846,-0.07638622508638289,-0.11841568718311837,-0.6157420322454488,Wd,Normal,119750.0
1036,0.727577577010462,-0.8779193078215382,Rl,1.1320838598340446,1.206287227313774,Inside,Timber,Norm,Norm,1fam,1story,2.386402260201147,-0.5526946526296532,1.1911439033945772,1.1333230141845654,Hip,Compshg,Vinylsd,Vinylsd,-0.12269093024862367,Ta,Pconc,Glq,1.5361762237936427,Unf,-0.2871575004618263,0.06398858031414853,1.8052255941478441,Ex,Sbrkr,1.6178604768602634,-0.8058476456345897,-0.11183896233236511,0.41655401210963827,-1.0896529477822716,-0.23862605398781578,Typ,Attchd,1.234193736401742,1.7890975791506603,2.2888366826348783,Ta,Ta,1.1894674192945285,-0.7172050643637078,-0.37071052595830367,-0.10217939216911985,-0.2698934816491846,-0.07638622508638289,0.9868929667900576,0.8927965977552895,Wd,Normal,315500.0
1037,0.7299425726885744,0.05886816201502109,Rl,0.057770470950840196,0.045192611581238835,Inside,Collgcr,Norm,Norm,1fam,2story,1.5859514890295279,-0.5526946526296532,0.9932956657459886,0.8409284070582431,Gable,Compshg,Vinylsd,Vinylsd,1.9693172751588548,Ta,Pconc,Unf,-1.0478669023226053,Unf,-0.2871575004618263,1.1465553126636077,0.07606610748267904,Ex,Sbrkr,-0.1656711139176509,2.1375808449700746,-0.11183896233236511,1.9295720721312193,0.20923762540902602,0.45511711201748645,Typ,Builtin,0.9438958268014691,0.4033288092841152,2.2537995133018023,Ta,Ta,-0.7459116674968221,0.027990753414873847,-0.37071052595830367,-0.10217939216911985,3.361556957172379,-0.07638622508638289,0.9868929667900576,0.1385272827549204,Wd,Normal,287000.0
1038,0.7323075683666869,2.4008368366064192,Rm,-2.5205816623688504,-2.4011048743265384,Inside,Meadowv,Norm,Norm,Twnhs,2story,-1.6158515956569501,0.35434574153267734,-0.02892022877171907,1.1333230141845654,Gable,Compshg,Cemntbd,Cmentbd,-0.5718951461336651,Ta,Cblock,Unf,-1.0478669023226053,Unf,-0.2871575004618263,-0.0591918793842582,-1.4817076601501864,Ta,Sbrkr,-0.9769412357405252,0.5245430463108959,-0.11183896233236511,-0.2328907539338397,0.20923762540902602,-0.23862605398781578,Typ,Attchd,0.07300209800065086,-2.368208730448975,-2.2760059504744388,Ta,Ta,-0.7459116674968221,-0.7172050643637078,-0.37071052595830367,-0.10217939216911985,-0.2698934816491846,-0.07638622508638289,-0.48685190517417704,0.8927965977552895,Wd,Normal,97000.0
1040,0.7370375597229117,-0.8779193078215382,Rl,1.0783681903898843,1.278339845621944,Corner,Sawyer,Norm,Norm,1fam,1story,-0.8154008244853307,-1.4597350467919836,-0.457591410343661,0.7434635380161356,Gable,Compshg,Wdsdng,Wdsdng,-0.14194253950083974,Ta,Cblock,Rec,-0.6230926898103453,Blq,4.091909435567455,-0.6798318878646921,0.3178423896889587,Ex,Sbrkr,2.195535310687446,-0.8058476456345897,-0.11183896233236511,0.8471641287254226,0.20923762540902602,1.1488602780227886,Maj1,Attchd,-0.8808338906859596,0.4033288092841152,0.1465640434125233,Ta,Ta,-0.7459116674968221,-0.7172050643637078,-0.37071052595830367,-0.10217939216911985,-0.2698934816491846,-0.07638622508638289,-1.9605967771384116,-1.370011347245818,Wd,Normal,155000.0
1041,0.7394025554010242,0.05886816201502109,Rl,0.057770470950840196,0.010277245881244613,Inside,Nwames,Feedr,Norm,1fam,2story,-0.014950053313711128,2.168426529857338,-0.16081905387077813,0.7434635380161356,Hip,Compshg,Hdboard,Hdboard,1.0452400310524839,Ta,Cblock,Glq,-0.036499729674367334,Rec,0.12378133224473381,-0.5566514281662853,-0.7043510059679706,Gd,Sbrkr,-0.9706278495784794,1.2214143611394837,-0.11183896233236511,0.44479074106805033,1.5081281986003237,0.45511711201748645,Typ,Attchd,-0.5075937211998947,0.4033288092841152,0.1465640434125233,Ta,Ta,-0.7459116674968221,-0.05480878189385744,-0.37071052595830367,-0.10217939216911985,-0.2698934816491846,-0.07638622508638289,0.2500205308079403,0.1385272827549204,Wd,Normal,173000.0
1042,0.7417675510791366,1.46404936676986,Rl,-1.8222779595947676,-1.1797018996576494,Inside,Nridght,Norm,Norm,Twnhs,1story,-0.014950053313711128,-0.5526946526296532,1.1251944908450477,0.9871257106214042,Gable,Compshg,Vinylsd,Vinylsd,0.29442727021605763,Ta,Pconc,Alq,1.22770923613593,Unf,-0.2871575004618263,-0.3908315785722763,0.844241383859593,Ex,Sbrkr,0.6266588494190862,-0.8058476456345897,-0.11183896233236511,-0.3223070623021447,-2.3885435209735695,-0.9323692199931181,Typ,Attchd,1.1097803465730536,0.4033288092841152,0.8473074300740413,Ta,Ta,0.697134142830062,0.3260690805263065,-0.37071052595830367,-0.10217939216911985,-0.2698934816491846,-0.07638622508638289,0.6184567487989989,0.8927965977552895,Wd,Normal,196000.0
1043,0.744132546757249,0.05886816201502109,Rl,0.970936851501564,0.870147479347466,Inside,Sawyerw,Norm,Norm,1fam,2story,0.7855007178579084,-0.5526946526296532,0.6305738967235762,0.2561391928055986,Hip,Compshg,Hdboard,Hdboard,0.06340795918946492,Ta,Pconc,Glq,1.6954665534857403,Unf,-0.2871575004618263,-0.4287332584794784,1.3614590002249256,Ex,Sbrkr,1.3400714857302518,1.1361329065275936,-0.11183896233236511,2.0848740814024858,1.5081281986003237,2.536346610033393,Typ,Attchd,0.48771339742961195,0.4033288092841152,0.2967233405542772,Ta,Ta,0.8838812476958942,1.2865436901075895,-0.37071052595830367,-0.10217939216911985,-0.2698934816491846,-0.07638622508638289,-0.48685190517417704,0.1385272827549204,Wd,Normal,262280.0
1047,0.7535925294696988,-0.8779193078215382,Rl,-0.5868175623790824,0.0467796736585113,Inside,Collgcr,Norm,Norm,1fam,1story,-0.8154008244853307,-0.5526946526296532,0.7624727218226353,0.49980136541086717,Gable,Compshg,Vinylsd,Vinylsd,-0.5718951461336651,Ta,Pconc,Glq,0.6866277987691227,Unf,-0.2871575004618263,-0.6324547879806895,-0.12286374496552578,Ex,Sbrkr,-0.3708561641841366,-0.8058476456345897,-0.11183896233236511,-1.0658742582069962,0.20923762540902602,-0.9323692199931181,Typ,Detchd,0.7365401770869886,0.4033288092841152,1.0875623055008474,Ta,Ta,-0.7459116674968221,-0.7172050643637078,-0.37071052595830367,-0.10217939216911985,-0.2698934816491846,-0.07638622508638289,-1.592160559147353,0.1385272827549204,Wd,Normal,145000.0
1050,0.7606875165040361,-0.8779193078215382,Rl,0.27263314872748107,-0.03320825503602092,Inside,Gilbert,Norm,Norm,1fam,1story,0.7855007178579084,-0.5526946526296532,1.1911439033945772,1.0845905796635116,Gable,Compshg,Vinylsd,Vinylsd,-0.5718951461336651,Ta,Pconc,Unf,-1.0478669023226053,Unf,-0.2871575004618263,1.7316624962310396,0.8319995467858574,Ex,Sbrkr,0.6140320770949947,-0.8058476456345897,-0.11183896233236511,-0.33171930528828203,0.20923762540902602,-0.23862605398781578,Typ,Attchd,1.1927226064588459,0.4033288092841152,-0.09369083201428287,Ta,Ta,-0.7459116674968221,-0.3528871090052901,-0.37071052595830367,-0.10217939216911985,-0.2698934816491846,-0.07638622508638289,0.6184567487989989,-0.6157420322454488,New,Partial,176485.0
1051,0.7630525121821485,-0.8779193078215382,Rl,1.8841032320522877,0.6593856354856826,Corner,Collgcr,Norm,Norm,1fam,1story,0.7855007178579084,-0.5526946526296532,1.1911439033945772,1.0845905796635116,Gable,Compshg,Vinylsd,Vinylsd,-0.5718951461336651,Ta,Pconc,Unf,-1.0478669023226053,Unf,-0.2871575004618263,1.7648264661498414,0.8748459765439323,Ex,Sbrkr,0.6582257802293148,-0.8058476456345897,-0.11183896233236511,-0.29877645483680126,0.20923762540902602,-0.23862605398781578,Typ,Attchd,1.1927226064588459,0.4033288092841152,-0.07366959239538234,Ta,Ta,-0.7459116674968221,-0.3860069231287826,-0.37071052595830367,-0.10217939216911985,-0.2698934816491846,-0.07638622508638289,1.3553291847811162,-0.6157420322454488,New,Partial,200141.0
1052,0.765417507860261,0.05886816201502109,Rl,1.722956223719807,0.127719839599407,Corner,Names,Artery,Norm,1fam,2story,-0.014950053313711128,0.35434574153267734,-0.22676846642030765,-0.32865002144704586,Gable,Compshg,Vinylsd,Vinylsd,1.1735840927339243,Ta,Cblock,Rec,0.06969382345369764,Unf,-0.2871575004618263,-0.46663493838668046,-0.655383657673028,Ta,Sbrkr,0.0616107879159948,1.2652733949398842,-0.11183896233236511,1.2565966986223978,1.5081281986003237,1.842603444028091,Typ,Attchd,-0.590535981085687,0.4033288092841152,0.4268613980771305,Ta,Ta,-0.7459116674968221,0.14391010284709765,-0.37071052595830367,-0.10217939216911985,-0.2698934816491846,-0.07638622508638289,-0.11841568718311837,-0.6157420322454488,Wd,Normal,165000.0
1053,0.7677825035383734,-0.8779193078215382,Rl,0.004054801506679975,-0.17001300609690737,Inside,Edwards,Norm,Norm,1fam,1story,-0.8154008244853307,0.35434574153267734,-0.457591410343661,0.8409284070582431,Hip,Compshg,Hdboard,Hdboard,0.35859930105677784,Ta,Cblock,Rec,-0.07948283451191744,Unf,-0.2871575004618263,0.6206695039511789,0.5688000497005402,Ex,Fusea,1.3211313272441148,-0.8058476456345897,-0.11183896233236511,0.19536630193541027,1.5081281986003237,0.45511711201748645,Min2,Basment,-0.8808338906859596,-0.9824399605824299,-0.4540731451544921,Ta,Ta,0.23875488543211063,0.5744676864525003,-0.37071052595830367,-0.10217939216911985,-0.2698934816491846,-0.07638622508638289,-0.48685190517417704,1.6470659127556586,Wd,Normal,144500.0
1054,0.7701474992164858,0.05886816201502109,Rl,1.1857995292782049,0.7203288192529453,Corner,Collgcr,Norm,Norm,1fam,2story,1.5859514890295279,-0.5526946526296532,1.0262703720207533,0.8409284070582431,Gable,Compshg,Vinylsd,Vinylsd,0.7757175015214591,Ta,Pconc,Glq,1.3086186099477892,Unf,-0.2871575004618263,-1.0375289919889117,0.10667070016701824,Ex,Sbrkr,-0.05203016300082805,1.3822308184076193,-0.11183896233236511,1.28483342758081,0.20923762540902602,0.45511711201748645,Typ,Attchd,0.9853669567443653,0.4033288092841152,0.6571056536944865,Ta,Ta,0.9433007810622953,0.27638935934106773,-0.37071052595830367,-0.10217939216911985,-0.2698934816491846,-0.07638622508638289,1.723765402772175,-1.370011347245818,Wd,Normal,255000.0
1055,0.7725124948945983,-0.8779193078215382,Rl,1.937818901496448,0.7184243447602183,Inside,Nwames,Norm,Norm,1fam,1story,-0.014950053313711128,-0.5526946526296532,0.1689280088768695,-0.42611489048915324,Gable,Compshg,Plywood,Plywood,0.45485734731785815,Ta,Cblock,Alq,0.5804342456410577,Unf,-0.2871575004618263,-0.052085314401657805,0.49840948652656003,Ta,Sbrkr,1.311661248001046,-0.8058476456345897,-0.11183896233236511,0.18830711969580724,0.20923762540902602,0.45511711201748645,Typ,Attchd,-0.09288242177093359,0.4033288092841152,0.11653218398417253,Ta,Ta,-0.7459116674968221,-0.7172050643637078,-0.37071052595830367,-0.10217939216911985,3.361556957172379,-0.07638622508638289,-0.48685190517417704,0.1385272827549204,Cod,Abnorml,180000.0
1056,0.7748774905727107,1.46404936676986,Rl,-1.3388369345973254,-0.6493057534331917,Inside,Nridght,Norm,Norm,Twnhse,1story,0.7855007178579084,-0.5526946526296532,1.1251944908450477,0.9871257106214042,Gable,Compshg,Vinylsd,Vinylsd,0.9682335940436196,Ta,Pconc,Glq,0.6183605146153667,Unf,-0.2871575004618263,0.31745606469356236,1.0217480214287604,Ex,Sbrkr,0.8097470481184119,-0.8058476456345897,-0.11183896233236511,-0.1858295390031529,-1.0896529477822716,-0.23862605398781578,Typ,Attchd,1.1097803465730536,0.4033288092841152,0.1465640434125233,Ta,Ta,0.8838812476958942,-0.12104841014084247,-0.37071052595830367,-0.10217939216911985,-0.2698934816491846,-0.07638622508638289,-0.11841568718311837,-1.370011347245818,Wd,Normal,185850.0
1058,0.7796074819289356,0.05886816201502109,Rl,1.5080935459431661,0.7016014867411302,Inside,Nridght,Norm,Norm,1fam,2story,2.386402260201147,-0.5526946526296532,1.224118609669342,1.1333230141845654,Gable,Compshg,Vinylsd,Vinylsd,0.41635412881342604,Ta,Pconc,Glq,1.3187322816742715,Unf,-0.2871575004618263,-0.9546190671919071,0.22602861163594115,Ex,Sbrkr,0.07108086715906337,1.762342444677758,-0.11183896233236511,1.7436802731550063,0.20923762540902602,2.536346610033393,Typ,Attchd,1.234193736401742,1.7890975791506603,1.9084331298757686,Ta,Ta,-0.7459116674968221,0.9719054559344106,-0.37071052595830367,-0.10217939216911985,-0.2698934816491846,-0.07638622508638289,0.2500205308079403,0.8927965977552895,Wd,Normal,335000.0
1059,0.781972477607048,-0.17532870544411872,Rl,0.057770470950840196,0.691126877031132,Corner,Crawfor,Norm,Norm,1fam,1.5fin,-0.014950053313711128,1.2613861356950078,-1.28195906721278,-1.6931581880365496,Gable,Compshg,Metalsd,Metalsd,2.5083623342209043,Ta,Cblock,Rec,-0.2969267766312886,Lwq,3.2892945279374546,-1.3525867062175287,-0.5390862054725389,Ta,Sbrkr,-0.036246697595713764,1.3749209794408859,-0.11183896233236511,1.2895395490738786,0.20923762540902602,0.45511711201748645,Typ,Detchd,-0.05141129182803748,0.4033288092841152,-0.11371207163318338,Ta,Fa,-0.7459116674968221,-0.7172050643637078,-0.052487563744957756,-0.10217939216911985,-0.2698934816491846,-0.07638622508638289,-1.2237243411562944,-0.6157420322454488,Wd,Normal,220000.0
1060,0.7843374732851605,1.46404936676986,Rl,-1.446268273485646,-1.3260290231821708,Inside,Stonebr,Norm,Norm,Twnhse,1story,1.5859514890295279,-0.5526946526296532,0.9932956657459886,0.7921959725371894,Gable,Compshg,Cemntbd,Cmentbd,-0.5718951461336651,Ta,Pconc,Glq,0.5096385435556812,Unf,-0.2871575004618263,0.35772659959496456,0.9421760804494785,Ex,Sbrkr,0.7276730280118177,-0.8058476456345897,-0.11183896233236511,-0.24700911841304576,-1.0896529477822716,-0.23862605398781578,Typ,Attchd,0.9438958268014691,0.4033288092841152,0.6370844140755859,Ta,Ta,-0.7459116674968221,-0.7172050643637078,2.4765475570032125,-0.10217939216911985,-0.2698934816491846,-0.07638622508638289,-0.8552881231652357,1.6470659127556586,Wd,Normal,213500.0
1062,0.7890674646413853,3.103427438983839,Rm,0.9172211820574037,1.429110742962828,Inside,Oldtown,Norm,Norm,2fmcon,2story,-0.8154008244853307,-0.5526946526296532,-2.3371496680052526,-1.6931581880365496,Gable,Compshg,Wdsdng,Wdsdng,-0.5718951461336651,Ta,Brktil,Unf,-1.0478669023226053,Unf,-0.2871575004618263,0.21559529994295681,-1.1266943850118516,Ta,Sbrkr,0.9928352468177376,1.4236532392191088,-0.11183896233236511,2.1036985673747606,2.8070187717916215,2.536346610033393,Min2,Detchd,-1.378487450000713,0.4033288092841152,0.5269675961716331,Ta,Ta,-0.7459116674968221,0.22670963815582895,-0.37071052595830367,-0.10217939216911985,-0.2698934816491846,-0.07638622508638289,0.9868929667900576,-0.6157420322454488,Wd,Normal,90000.0
1063,0.7914324603194978,-0.6437224403623983,Rm,-0.962827248488204,-0.9832236144913183,Inside,Oldtown,Artery,Norm,1fam,1story,-0.014950053313711128,0.35434574153267734,-1.5127820111361334,-0.23118515240493845,Gable,Compshg,Metalsd,Metalsd,-0.5718951461336651,Gd,Brktil,Blq,-0.04408498346922912,Unf,-0.2871575004618263,0.3198249196877625,0.22296815236750722,Gd,Sbrkr,-0.014149846028553768,-0.8058476456345897,-0.11183896233236511,-0.7999783938486158,-1.0896529477822716,-0.9323692199931181,Typ,Detchd,-0.09288242177093359,0.4033288092841152,-0.07366959239538234,Ta,Ta,0.6631801237635472,1.2699837830458434,-0.37071052595830367,-0.10217939216911985,-0.2698934816491846,-0.07638622508638289,0.2500205308079403,-1.370011347245818,Wd,Normal,110500.0
1064,0.7937974559976102,-0.8779193078215382,Rl,0.057770470950840196,0.6038384627811464,Culdsac,Names,Norm,Norm,1fam,1story,-0.8154008244853307,0.35434574153267734,-0.16081905387077813,-0.9134392356996903,Gable,Compshg,Plywood,Plywood,0.7115454706807389,Ta,Cblock,Blq,0.8231623670766348,Rec,1.189653929577374,-0.9167173872847051,0.37905157505763715,Ex,Sbrkr,0.14684150110361194,-0.8058476456345897,-0.11183896233236511,-0.6799722957753644,0.20923762540902602,-0.23862605398781578,Typ,Attchd,-0.5075937211998947,0.4033288092841152,0.1265428037936228,Ta,Ta,-0.7459116674968221,0.2432695452175752,-0.37071052595830367,-0.10217939216911985,-0.2698934816491846,-0.07638622508638289,1.723765402772175,0.8927965977552895,Wd,Normal,154000.0
1065,0.7961624516757226,0.05886816201502109,Rl,0.6486428348366026,1.5560757091446253,Inside,Clearcr,Norm,Norm,1fam,2story,0.7855007178579084,-0.5526946526296532,0.8284221343721648,0.5972662344529746,Gable,Compshg,Wdsdng,Wdsdng,-0.5718951461336651,Ta,Pconc,Glq,1.9887630335537292,Unf,-0.2871575004618263,-1.1038569318265152,0.844241383859593,Ex,Sbrkr,0.6266588494190862,1.5186811457866434,-0.11183896233236511,1.9225128898916162,0.20923762540902602,0.45511711201748645,Typ,Attchd,0.7365401770869886,0.4033288092841152,0.3918242287440546,Ta,Ta,1.766685743425282,0.011430846353127591,-0.37071052595830367,-0.10217939216911985,-0.2698934816491846,-0.07638622508638289,-0.8552881231652357,1.6470659127556586,Wd,Normal,328000.0
1066,0.7985274473538351,0.05886816201502109,Rl,-0.479386223490762,-0.40013700730141477,Inside,Gilbert,Norm,Norm,1fam,2story,-0.014950053313711128,1.2613861356950078,0.7294980155478705,0.4510689308898134,Gable,Compshg,Vinylsd,Vinylsd,-0.5718951461336651,Ta,Pconc,Unf,-1.0478669023226053,Unf,-0.2871575004618263,0.5401284341483745,-0.7074114652364046,Gd,Sbrkr,-0.9737845426595023,1.0752175818048149,-0.11183896233236511,0.30125403552945557,0.20923762540902602,0.45511711201748645,Typ,Attchd,0.6121267872583003,0.4033288092841152,-0.37398818667889006,Ta,Ta,-0.7459116674968221,-0.05480878189385744,-0.37071052595830367,-0.10217939216911985,-0.2698934816491846,-0.07638622508638289,-0.48685190517417704,0.8927965977552895,Wd,Normal,178000.0
1067,0.8008924430319475,0.05886816201502109,Rl,0.6486428348366026,0.21024706761757517,Inside,Names,Norm,Norm,1fam,2story,-0.014950053313711128,0.35434574153267734,-0.22676846642030765,-1.0109041047417977,Gable,Compshg,Hdboard,Hdboard,1.738297964132262,Ta,Cblock,Glq,0.6562867835896756,Lwq,0.3934599412084139,-1.3525867062175287,-0.7655601913366491,Ta,Sbrkr,-0.9769412357405252,1.1751187143501718,-0.11183896233236511,0.3953764653908292,1.5081281986003237,0.45511711201748645,Typ,Attchd,-0.590535981085687,0.4033288092841152,-0.06365897258593209,Ta,Ta,2.0383178959574013,1.4024630395398134,-0.37071052595830367,-0.10217939216911985,3.361556957172379,-0.07638622508638289,-0.11841568718311837,0.1385272827549204,Wd,Normal,167900.0
1068,0.80325743871006,2.4008368366064192,Rm,-1.3925526040414857,-1.629475292356666,Inside,Meadowv,Norm,Norm,Twnhse,2story,-0.014950053313711128,-1.4597350467919836,0.07000389005257522,-0.5723121940523144,Gable,Compshg,Cemntbd,Cmentbd,-0.5718951461336651,Ta,Cblock,Alq,1.0684189064438325,Unf,-0.2871575004618263,-1.1038569318265152,-0.269765789850354,Gd,Sbrkr,0.5793084532037434,2.1911863307261195,-0.11183896233236511,2.536661744737079,2.8070187717916215,2.536346610033393,Maj1,Attchd,-0.2172958115996219,0.4033288092841152,0.6070525546472352,Ta,Ta,5.433719802608894,-0.3860069231287826,-0.37071052595830367,-0.10217939216911985,-0.2698934816491846,-0.07638622508638289,-0.11841568718311837,-1.370011347245818,Wd,Normal,151400.0
1069,0.8056224343881724,-0.2924271391736886,Rl,-0.42567055404660176,0.1594610811448563,Inside,Names,Norm,Norm,1fam,1.5unf,-0.8154008244853307,1.2613861356950078,-0.7213890605417791,0.8896608415792968,Gable,Compshg,Metalsd,Metalsd,-0.5718951461336651,Ta,Cblock,Alq,-0.4916149573660744,Unf,-0.2871575004618263,0.12794766515755202,-0.5666303388884443,Ta,Sbrkr,-0.6770553930433537,-0.8058476456345897,-0.11183896233236511,-1.2941211506208272,-1.0896529477822716,-1.6261123859984203,Typ,Detchd,0.2803577477151314,0.4033288092841152,0.6070525546472352,Ta,Ta,-0.7459116674968221,-0.7172050643637078,-0.37071052595830367,-0.10217939216911985,-0.2698934816491846,-0.07638622508638289,-0.48685190517417704,-0.6157420322454488,Wd,Normal,135000.0
1070,0.8079874300662848,-0.8779193078215382,Rl,0.21891747928332086,0.3346727344757364,Inside,Names,Norm,Norm,1fam,1story,-0.8154008244853307,-0.5526946526296532,-0.49056611661842575,-1.4007635809102275,Hip,Compshg,Metalsd,Metalsd,0.19816922395497732,Ta,Cblock,Blq,0.43378600560706326,Unf,-0.2871575004618263,-0.25817569889706904,0.054642892603641594,Ta,Sbrkr,-0.1877679654848109,-0.8058476456345897,-0.11183896233236511,-0.9293967349080045,0.20923762540902602,-0.23862605398781578,Typ,Attchd,-0.9223050206288558,-0.9824399605824299,-0.8444873177230522,Ta,Ta,-0.7459116674968221,-0.3860069231287826,-0.37071052595830367,-0.10217939216911985,3.419199027629864,-0.07638622508638289,-0.11841568718311837,-0.6157420322454488,Wd,Normal,135000.0
1071,0.8103524257443973,0.05886816201502109,Rl,0.5412114959482822,0.8260271535992915,Inside,Nwames,Rran,Norm,1fam,2story,-0.014950053313711128,0.35434574153267734,-0.0948696413212486,-0.8159743666575829,Gable,Compshg,Metalsd,Metalsd,-0.5718951461336651,Ta,Cblock,Rec,-0.294398358699668,Unf,-0.2871575004618263,-0.33634791370567335,-0.9277645325636469,Ex,Sbrkr,-0.8790837502288166,0.9655699973038133,-0.11183896233236511,0.2659581243314405,1.5081281986003237,1.1488602780227886,Typ,Attchd,-0.4246514613141025,0.4033288092841152,-0.06866428249065722,Ta,Ta,-0.7459116674968221,-0.7172050643637078,-0.37071052595830367,-0.10217939216911985,-0.2698934816491846,-0.07638622508638289,-0.48685190517417704,0.8927965977552895,Wd,Normal,154000.0
1072,0.8127174214225097,-0.17532870544411872,Rl,-0.962827248488204,-0.48012493599594697,Inside,Edwards,Artery,Norm,1fam,1.5fin,-0.8154008244853307,-2.366775440954314,-0.7543637668165439,-1.6931581880365496,Gable,Compshg,Metalsd,Metalsd,-0.5718951461336651,Ta,Cblock,Unf,-1.0478669023226053,Unf,-0.2871575004618263,0.566185839084576,-0.6737464132836315,Fa,Fusea,-0.3329758472118623,0.3003746513310705,-0.11183896233236511,0.03065204967800643,1.5081281986003237,0.45511711201748645,Typ,Detchd,-1.005247280514648,-0.9824399605824299,-0.8745191771514029,Ta,Ta,-0.7459116674968221,-0.7172050643637078,-0.37071052595830367,-0.10217939216911985,-0.2698934816491846,-0.07638622508638289,0.6184567487989989,-1.370011347245818,Wd,Normal,91500.0
1073,0.8150824171006221,0.05886816201502109,Rl,0.3800644876158015,-0.36426940435505706,Corner,Edwards,Norm,Norm,1fam,2story,-0.014950053313711128,0.35434574153267734,0.20190271515163427,-0.37738245596809955,Hip,Compshg,Hdboard,Plywood,0.32651328563641774,Ta,Cblock,Blq,0.30483669109441297,Unf,-0.2871575004618263,-0.9854141821165088,-1.041001525495702,Ta,Sbrkr,-1.2926105438428108,0.9680066102927245,-0.11183896233236511,-0.039939772718023785,0.20923762540902602,-0.23862605398781578,Typ,Attchd,-0.05141129182803748,0.4033288092841152,-0.07366959239538234,Ta,Ta,1.393191533693618,-0.7172050643637078,-0.37071052595830367,-0.10217939216911985,-0.2698934816491846,-0.07638622508638289,0.2500205308079403,0.8927965977552895,Wd,Normal,159500.0
1074,0.8174474127787346,-0.8779193078215382,Rl,0.3263488181716413,-0.17191748058963432,Inside,Collgcr,Norm,Norm,1fam,1story,0.7855007178579084,-0.5526946526296532,1.1581691971198125,1.035858145142458,Gable,Compshg,Vinylsd,Vinylsd,-0.5718951461336651,Ta,Pconc,Unf,-1.0478669023226053,Unf,-0.2871575004618263,1.5847934865906317,0.6422510721429543,Ex,Sbrkr,0.4183171060715776,-0.8058476456345897,-0.11183896233236511,-0.47760907157341115,-1.0896529477822716,-0.9323692199931181,Typ,Attchd,1.1512514765159496,1.7890975791506603,1.8583800308285172,Ta,Ta,0.44247899983120015,0.8228662923786942,-0.37071052595830367,-0.10217939216911985,-0.2698934816491846,-0.07638622508638289,-0.48685190517417704,-0.6157420322454488,Wd,Normal,194000.0
1075,0.819812408456847,0.2930650294741609,Rl,0.3800644876158015,1.278339845621944,Inside,Crawfor,Norm,Norm,1fam,2story,0.7855007178579084,0.35434574153267734,-1.018161417014662,-0.036255414320723614,Gable,Compshg,Wdsdng,Wdsdng,-0.5718951461336651,Ta,Cblock,Blq,-0.011215550358161389,Unf,-0.2871575004618263,-0.4287332584794784,-0.7043510059679706,Ta,Sbrkr,-0.4655569566148223,1.094710485716104,-0.11183896233236511,0.6989213016937591,0.20923762540902602,-0.23862605398781578,Typ,Attchd,-1.5858430997151935,-0.9824399605824299,-1.0747315733404081,Ta,Ta,-0.7459116674968221,-0.7172050643637078,-0.37071052595830367,-0.10217939216911985,-0.2698934816491846,-0.07638622508638289,0.2500205308079403,-0.6157420322454488,Cwd,Normal,219500.0
1076,0.8221774041349594,-0.17532870544411872,Rl,-0.42567055404660176,0.5403559796902478,Inside,Oldtown,Norm,Norm,1fam,1.5fin,-0.8154008244853307,2.168426529857338,-1.1500602421137212,0.2074067582845449,Gable,Compshg,Wdsdng,Wdsdng,-0.5718951461336651,Ta,Cblock,Alq,0.534922722871887,Unf,-0.2871575004618263,-0.9498813572035069,-0.7165928430417063,Gd,Sbrkr,-0.036246697595713764,0.09569916026253428,-0.11183896233236511,0.054182657143349834,0.20923762540902602,0.45511711201748645,Min1,Attchd,-1.1711318002862325,0.4033288092841152,0.5569994555999839,Ta,Ta,2.9550764107533047,-0.36944701606703634,-0.37071052595830367,-0.10217939216911985,-0.2698934816491846,1.0122072807693752,-0.8552881231652357,-1.370011347245818,Wd,Normal,170000.0
1077,0.8245423998130719,-0.8779193078215382,Rl,0.057770470950840196,2.149636926044527,Corner,Names,Norm,Norm,1fam,1story,-0.8154008244853307,-0.5526946526296532,-0.061894935046483836,-0.7672419321365292,Gable,Compshg,Vinylsd,Plywood,-0.5718951461336651,Ta,Cblock,Blq,-0.8582355574510606,Rec,4.791789635020815,-0.8077500575514991,0.20154493748846977,Ex,Sbrkr,-0.036246697595713764,-0.8058476456345897,-0.11183896233236511,-0.8164498190743562,0.20923762540902602,-0.23862605398781578,Typ,Attchd,-0.38318033137120633,-0.9824399605824299,-0.7794182889616255,Ta,Ta,1.2913294764940733,-0.1872880383878275,-0.37071052595830367,-0.10217939216911985,-0.2698934816491846,-0.07638622508638289,-1.2237243411562944,-1.370011347245818,Wd,Abnorml,138800.0
1078,0.8269073954911843,1.46404936676986,Rm,-1.6611309512622867,-1.4799740446775997,Inside,Collgcr,Norm,Norm,Twnhse,1story,-0.014950053313711128,-0.5526946526296532,1.092219784570283,0.9383932761003505,Gable,Compshg,Vinylsd,Vinylsd,0.5126121750745063,Ta,Pconc,Glq,0.6259457684102285,Unf,-0.2871575004618263,-0.9119796772963048,-0.5574489610831425,Ex,Sbrkr,-0.8191065816893823,-0.8058476456345897,-0.11183896233236511,-1.4000088842148726,-2.3885435209735695,-2.3198555520037223,Typ,Attchd,1.0683092166301575,0.4033288092841152,-0.17377579048988492,Ta,Ta,0.44247899983120015,-0.7172050643637078,-0.37071052595830367,-0.10217939216911985,-0.2698934816491846,-0.07638622508638289,-0.48685190517417704,-1.370011347245818,Wd,Normal,155900.0
1079,0.8292723911692967,-0.8779193078215382,Rl,-0.1570922068258007,-0.10240416160510038,Inside,Collgcr,Norm,Norm,1fam,1story,-0.8154008244853307,-0.5526946526296532,0.7624727218226353,0.4510689308898134,Gable,Compshg,Vinylsd,Vinylsd,-0.5718951461336651,Ta,Pconc,Glq,0.20369997382958915,Unf,-0.2871575004618263,-0.18000348408846478,-0.12286374496552578,Gd,Sbrkr,-0.3708561641841366,-0.8058476456345897,-0.11183896233236511,-1.0658742582069962,0.20923762540902602,-0.9323692199931181,Typ,Attchd,0.7365401770869886,-0.9824399605824299,-0.7794182889616255,Ta,Ta,-0.7459116674968221,0.34262898758805277,-0.37071052595830367,-0.10217939216911985,-0.2698934816491846,-0.07638622508638289,-0.8552881231652357,-0.6157420322454488,Wd,Normal,126000.0
1080,0.8316373868474092,-0.8779193078215382,Rl,0.6486428348366026,0.6165349593993261,Inside,Nwames,Norm,Norm,1fam,1story,-0.014950053313711128,1.2613861356950078,0.004054477503045694,0.9383932761003505,Gable,Compshg,Vinylsd,Vinylsd,0.35218209797270583,Gd,Cblock,Alq,0.6107752608205049,Unf,-0.2871575004618263,0.07346400029094904,0.6973393389747649,Ex,Sbrkr,0.47513758152998903,-0.8058476456345897,-0.11183896233236511,-0.435253978135793,0.20923762540902602,-0.9323692199931181,Typ,Attchd,-0.30023807148541415,0.4033288092841152,0.366797679220429,Ta,Ta,-0.27904390533224194,-0.7172050643637078,-0.37071052595830367,7.839829034171095,-0.2698934816491846,-0.07638622508638289,1.3553291847811162,0.1385272827549204,Cod,Abnorml,145000.0
1081,0.8340023825255217,-0.8779193078215382,Rl,0.3800644876158015,-0.5071049913095789,Corner,Sawyer,Feedr,Norm,1fam,1story,-0.8154008244853307,-0.5526946526296532,-0.2597431726950724,-1.0596365392628515,Gable,Compshg,Hdboard,Hdboard,-0.5718951461336651,Ta,Cblock,Alq,1.0355494733327648,Unf,-0.2871575004618263,-0.8409140274703009,0.030159218456170235,Fa,Sbrkr,-0.21302151013299375,-0.8058476456345897,-0.11183896233236511,-0.9482212208802793,0.20923762540902602,-0.9323692199931181,Typ,Attchd,-0.632007111028583,-0.9824399605824299,-0.7343704998190993,Ta,Ta,-0.7459116674968221,-0.7172050643637078,3.31397640493307,-0.10217939216911985,-0.2698934816491846,-0.07638622508638289,-0.11841568718311837,1.6470659127556586,Wd,Normal,133000.0
1082,0.8363673782036342,-0.8779193078215382,Rl,0.11148614039500042,-0.11065688440691719,Inside,Collgcr,Norm,Norm,1fam,1story,0.7855007178579084,-0.5526946526296532,1.0262703720207533,0.8409284070582431,Gable,Compshg,Vinylsd,Vinylsd,0.06982516227353694,Ta,Pconc,Unf,-1.0478669023226053,Unf,-0.2871575004618263,2.10357273032046,1.312491651929983,Ex,Sbrkr,1.1096328908155833,-0.8058476456345897,-0.11183896233236511,0.03771123191760945,0.20923762540902602,-0.23862605398781578,Typ,Attchd,0.9853669567443653,0.4033288092841152,0.36179236931570385,Ta,Ta,0.8838812476958942,-0.07136868895560369,-0.37071052595830367,-0.10217939216911985,-0.2698934816491846,-0.07638622508638289,0.9868929667900576,-0.6157420322454488,Wd,Normal,192000.0
1083,0.8387323738817466,-0.8779193078215382,Rl,0.6486428348366026,-0.09446885121873806,Inside,Names,Norm,Norm,1fam,1story,-0.014950053313711128,0.35434574153267734,-0.22676846642030765,-1.0109041047417977,Hip,Compshg,Hdboard,Hdboard,2.1554161645969434,Ta,Cblock,Blq,0.35034821386358367,Unf,-0.2871575004618263,0.30087407973416147,0.6759161240957274,Ta,Sbrkr,0.45304072996282907,-0.8058476456345897,-0.11183896233236511,-0.4517254033615334,0.20923762540902602,-0.23862605398781578,Typ,Attchd,-0.590535981085687,-0.9824399605824299,0.03144191560384535,Ta,Ta,-0.7459116674968221,1.2037441547988583,-0.37071052595830367,-0.10217939216911985,-0.2698934816491846,1.4476446831116785,-1.2237243411562944,-1.370011347245818,Wd,Normal,160000.0
1084,0.841097369559859,0.05886816201502109,Rl,0.057770470950840196,1.2485030785692215,Corner,Gilbert,Norm,Norm,1fam,2story,-0.014950053313711128,-0.5526946526296532,0.7954474280974001,0.5485337999319209,Gable,Compshg,Hdboard,Hdboard,-0.5718951461336651,Ta,Pconc,Alq,0.44895651319678687,Unf,-0.2871575004618263,-1.118070061791716,-1.037941066227268,Gd,Sbrkr,-1.3147073954099708,1.160499036416705,-0.11183896233236511,0.12948060103244874,0.20923762540902602,-0.23862605398781578,Typ,Attchd,0.6950690471440925,0.4033288092841152,-0.22883419944186134,Ta,Ta,1.927967333991228,0.011430846353127591,-0.37071052595830367,-0.10217939216911985,-0.2698934816491846,-0.07638622508638289,0.2500205308079403,-1.370011347245818,Wd,Normal,187500.0
1085,0.8434623652379715,0.6443603306628706,Rl,0.27263314872748107,-0.009084911461479456,Inside,Sawyerw,Norm,Norm,1fam,Sfoyer,-0.014950053313711128,0.35434574153267734,0.6965233092731058,0.35360406184770604,Gable,Compshg,Hdboard,Hdboard,-0.5718951461336651,Ta,Pconc,Glq,0.840861292597979,Unf,-0.2871575004618263,-0.9048731123137044,-0.2881285454609575,Ex,Sbrkr,-0.35191600569799947,-0.8058476456345897,-0.11183896233236511,-1.0517558937277902,-1.0896529477822716,-0.9323692199931181,Typ,Attchd,0.5706556573154041,0.4033288092841152,0.5469888357905336,Ta,Ta,0.27270890449862556,-0.7172050643637078,-0.37071052595830367,-0.10217939216911985,-0.2698934816491846,-0.07638622508638289,-0.8552881231652357,1.6470659127556586,Wd,Normal,147000.0
1086,0.8458273609160839,2.4008368366064192,Rm,0.057770470950840196,-2.261125999111107,Inside,Meadowv,Norm,Norm,Twnhse,2story,-1.6158515956569501,-0.5526946526296532,0.07000389005257522,-0.5723121940523144,Gable,Compshg,Cemntbd,Cmentbd,-0.5718951461336651,Ta,Cblock,Blq,-0.2033753131613266,Unf,-0.2871575004618263,-0.8503894474471014,-1.4817076601501864,Ta,Sbrkr,-1.772427892158285,0.5245430463108959,-0.11183896233236511,-0.8258620620604935,0.20923762540902602,-0.23862605398781578,Typ,Attchd,-0.2172958115996219,-0.9824399605824299,-0.8444873177230522,Ta,Ta,0.27270890449862556,0.872546013563933,-0.37071052595830367,-0.10217939216911985,-0.2698934816491846,-0.07638622508638289,-0.48685190517417704,1.6470659127556586,Wd,Normal,83500.0
1087,0.8481923565941963,0.05886816201502109,Fv,0.9172211820574037,0.4686207737975324,Inside,Somerst,Norm,Norm,1fam,2story,1.5859514890295279,-0.5526946526296532,1.1251944908450477,1.035858145142458,Gable,Compshg,Vinylsd,Vinylsd,-0.5718951461336651,Ta,Pconc,Unf,-1.0478669023226053,Unf,-0.2871575004618263,1.2105143975070112,0.1586985077303949,Ex,Sbrkr,-0.08044040073003376,1.3164422677070182,-0.11183896233236511,1.2001232407055737,0.20923762540902602,1.842603444028091,Typ,Attchd,1.1097803465730536,1.7890975791506603,2.94453228015387,Ta,Ta,0.6122490951637748,0.11079028872360513,-0.37071052595830367,-0.10217939216911985,-0.2698934816491846,-0.07638622508638289,-0.48685190517417704,0.8927965977552895,Wd,Normal,252000.0
1088,0.8505573522723088,2.4008368366064192,Rm,-2.3594346540363698,-2.087183995442045,Inside,Edwards,Norm,Norm,Twnhs,2story,0.7855007178579084,-0.5526946526296532,1.092219784570283,0.9383932761003505,Gable,Compshg,Vinylsd,Vinylsd,-0.25103499193006407,Ta,Pconc,Unf,-1.0478669023226053,Unf,-0.2871575004618263,0.9452026381565967,-0.1840729303342042,Ex,Sbrkr,-0.4339900258045937,0.994809353170747,-0.11183896233236511,0.6259764185511946,0.20923762540902602,0.45511711201748645,Maj1,Detchd,1.0683092166301575,0.4033288092841152,-0.37398818667889006,Ta,Ta,-0.7459116674968221,-0.05480878189385744,-0.37071052595830367,-0.10217939216911985,-0.2698934816491846,-0.07638622508638289,-0.8552881231652357,-1.370011347245818,Wd,Normal,137500.0
1089,0.8529223479504212,1.46404936676986,Fv,-1.6611309512622867,-1.8351585375711774,Inside,Somerst,Norm,Norm,Twnhse,1story,1.5859514890295279,-0.5526946526296532,1.1251944908450477,0.9871257106214042,Gable,Compshg,Metalsd,Metalsd,-0.5718951461336651,Ta,Pconc,Glq,1.579159328631193,Unf,-0.2871575004618263,-0.8598648674239019,0.6636742870219917,Ex,Sbrkr,0.44041395763873764,-0.8058476456345897,-0.11183896233236511,-0.46113764634767074,-2.3885435209735695,-1.6261123859984203,Typ,Attchd,1.1097803465730536,0.4033288092841152,0.4769144971243818,Ta,Ta,-0.7459116674968221,0.6738271288229779,-0.37071052595830367,-0.10217939216911985,-0.2698934816491846,-0.07638622508638289,-0.8552881231652357,-1.370011347245818,Wd,Normal,197000.0
1091,0.8576523393066461,2.4008368366064192,Fv,-2.3594346540363698,-2.2020872898365713,Inside,Somerst,Norm,Norm,Twnhs,2story,0.7855007178579084,-0.5526946526296532,0.9273462531964591,0.7434635380161356,Gable,Compshg,Metalsd,Metalsd,0.7885519076896031,Ta,Pconc,Blq,0.24162624280389808,Unf,-0.2871575004618263,-1.1393897567395173,-1.3164428596547548,Ex,Sbrkr,-1.5262058318385023,0.7243453114016098,-0.11183896233236511,-0.44937234261499903,-1.0896529477822716,-1.6261123859984203,Typ,Detchd,0.8609535669156769,0.4033288092841152,0.036447225508570484,Ta,Ta,-0.7459116674968221,0.07767047460011262,-0.37071052595830367,-0.10217939216911985,-0.2698934816491846,-0.07638622508638289,-1.2237243411562944,0.1385272827549204,Wd,Normal,160000.0
1092,0.8600173349847585,-0.17532870544411872,Rl,-0.42567055404660176,-0.22143381740053522,Inside,Swisu,Norm,Norm,1fam,1.5fin,-0.014950053313711128,-0.5526946526296532,-1.5127820111361334,-1.6931581880365496,Gable,Compshg,Metalsd,Metalsd,-0.5718951461336651,Ta,Pconc,Rec,0.02165388275290634,Unf,-0.2871575004618263,0.44300537938616924,0.461683975305353,Fa,Sbrkr,0.8918210682250062,-0.06511729700560134,-0.11183896233236511,0.5906805073531795,1.5081281986003237,0.45511711201748645,Typ,Detchd,-2.2079100488586354,0.4033288092841152,0.6070525546472352,Ta,Ta,2.1571569626902036,-0.7172050643637078,1.7731073247421318,-0.10217939216911985,-0.2698934816491846,-0.07638622508638289,-0.11841568718311837,0.1385272827549204,Wd,Normal,136500.0
1093,0.862382330662871,-0.8779193078215382,Rl,0.16520180983916063,0.04201848742669391,Corner,Names,Feedr,Norm,1fam,1story,-0.8154008244853307,2.168426529857338,-0.1937937601455429,0.6459986689740282,Hip,Compshg,Metalsd,Metalsd,0.49336056582229026,Ta,Cblock,Glq,0.6234173504786079,Unf,-0.2871575004618263,-0.8717091423949026,-0.5084816127881998,Gd,Sbrkr,0.29204938283066334,-0.8058476456345897,-0.11183896233236511,-0.5717315014347848,-2.3885435209735695,-0.23862605398781578,Typ,Detchd,-0.05141129182803748,0.4033288092841152,2.1486880053025748,Ta,Ta,-0.7459116674968221,0.34262898758805277,-0.37071052595830367,-0.10217939216911985,-0.2698934816491846,-0.07638622508638289,1.3553291847811162,-1.370011347245818,Wd,Normal,146000.0
1094,0.8647473263409834,-0.8779193078215382,Rl,0.3263488181716413,-1.0251220533313115,Inside,Names,Norm,Norm,1fam,1story,-0.8154008244853307,1.2613861356950078,-0.49056611661842575,0.7434635380161356,Gable,Compshg,Metalsd,Metalsd,-0.5718951461336651,Ta,Cblock,Blq,-0.42081925528069775,Rec,1.253863122187774,-0.29133966881587087,-0.2881285454609575,Ex,Sbrkr,-0.5413175905593709,-0.8058476456345897,-0.11183896233236511,-1.1929395385198507,-1.0896529477822716,-1.6261123859984203,Typ,Attchd,-0.9223050206288558,-0.9824399605824299,-0.7343704998190993,Ta,Ta,-0.7459116674968221,-0.7172050643637078,0.9691756307294686,-0.10217939216911985,2.804350276083356,-0.07638622508638289,-0.48685190517417704,1.6470659127556586,Wd,Normal,129000.0
1095,0.8671123220190958,-0.8779193078215382,Rl,0.5412114959482822,0.0696333675712348,Inside,Collgcr,Norm,Norm,1fam,1story,-0.014950053313711128,-0.5526946526296532,1.1581691971198125,1.035858145142458,Gable,Compshg,Vinylsd,Vinylsd,-0.5718951461336651,Ta,Pconc,Glq,-0.987184871963711,Unf,-0.2871575004618263,1.7032362363006381,0.8687250580070645,Gd,Sbrkr,0.6519123940672691,-0.8058476456345897,-0.11183896233236511,-0.3034825763298699,0.20923762540902602,-0.23862605398781578,Typ,Attchd,1.1512514765159496,0.4033288092841152,-0.07366959239538234,Ta,Ta,-0.7459116674968221,-0.3528871090052901,-0.37071052595830367,-0.10217939216911985,-0.2698934816491846,-0.07638622508638289,-1.2237243411562944,-0.6157420322454488,Wd,Normal,176432.0
1096,0.8694773176972083,0.2930650294741609,Rm,-0.42567055404660176,-0.7032658640604555,Inside,Idotrr,Norm,Norm,1fam,2story,-0.014950053313711128,1.2613861356950078,-1.875503780158546,1.035858145142458,Gable,Compshg,Wdsdng,Wdsdng,-0.5718951461336651,Ta,Pconc,Unf,-1.0478669023226053,Unf,-0.2871575004618263,0.26771010981535964,-1.0593642811063053,Ta,Sbrkr,-1.0558585627660966,0.6122611139116971,-0.11183896233236511,-0.20700708572196197,0.20923762540902602,0.45511711201748645,Typ,Attchd,0.07300209800065086,-2.368208730448975,-2.2760059504744388,Ta,Ta,0.40852498076468524,-0.7172050643637078,1.5553758242803688,-0.10217939216911985,-0.2698934816491846,-0.07638622508638289,-1.2237243411562944,-0.6157420322454488,Wd,Normal,127000.0
1097,0.8718423133753207,1.46404936676986,Rl,0.057770470950840196,-1.71454181969847,Inside,Stonebr,Norm,Norm,Twnhse,1story,1.5859514890295279,-0.5526946526296532,0.4986750716245172,0.061209454721383796,Gable,Compshg,Hdboard,Hdboard,-0.5718951461336651,Ta,Cblock,Unf,-1.0478669023226053,Unf,-0.2871575004618263,1.19156355755341,0.13421483358292352,Ex,Sbrkr,-0.06150024224389662,-0.8058476456345897,-0.11183896233236511,-0.8352743050466309,-1.0896529477822716,-0.9323692199931181,Typ,Attchd,0.3633000076009236,0.4033288092841152,0.03144191560384535,Ta,Ta,-0.7459116674968221,0.5082280582055153,1.9238445173695062,-0.10217939216911985,-0.2698934816491846,-0.07638622508638289,1.3553291847811162,-0.6157420322454488,Wd,Normal,170000.0
1098,0.8742073090534331,-0.17532870544411872,Rm,-0.962827248488204,-0.9832236144913183,Inside,Brkside,Norm,Norm,1fam,1.5fin,-1.6158515956569501,0.35434574153267734,-1.1500602421137212,-1.6931581880365496,Gable,Compshg,Metalsd,Metalsd,-0.5718951461336651,Ta,Brktil,Blq,0.6512299477264344,Unf,-0.2871575004618263,-1.3525867062175287,-1.0960897923275126,Ta,Sbrkr,-1.1063656520624623,0.57571191907803,-0.11183896233236511,-0.2799519688645265,0.20923762540902602,-0.23862605398781578,Typ,Detchd,-1.751727619486778,-0.9824399605824299,-1.0747315733404081,Ta,Ta,-0.7459116674968221,-0.7172050643637078,-0.37071052595830367,-0.10217939216911985,-0.2698934816491846,-0.07638622508638289,0.2500205308079403,0.8927965977552895,Wd,Normal,128000.0
1099,0.8765723047315456,-0.8779193078215382,Rl,0.756074173724923,0.8831613883811003,Inside,Nwames,Rran,Norm,1fam,1story,0.7855007178579084,-0.5526946526296532,0.23487742142639906,-0.32865002144704586,Gable,Compshg,Plywood,Plywood,0.7500486891851711,Ta,Cblock,Alq,0.7321393215382934,Unf,-0.2871575004618263,-0.009445924506055478,0.7371253094644058,Ta,Sbrkr,1.557883308320829,-0.8058476456345897,-0.11183896233236511,0.3718458579254858,0.20923762540902602,0.45511711201748645,Typ,Attchd,-0.009940161885141366,0.4033288092841152,0.11653218398417253,Ta,Ta,-0.7459116674968221,-0.7172050643637078,-0.37071052595830367,-0.10217939216911985,-0.2698934816491846,-0.07638622508638289,-0.8552881231652357,0.8927965977552895,Cod,Abnorml,157000.0
1100,0.878937300409658,-0.6437224403623983,Rl,-0.42567055404660176,-0.22143381740053522,Inside,Swisu,Norm,Norm,1fam,1story,-3.2167531380001892,-0.5526946526296532,-1.6776555425099573,-1.6931581880365496,Gable,Compshg,Wdsdng,Wdsdng,-0.5718951461336651,Ta,Cblock,Rec,-0.31462570215263275,Unf,-0.2871575004618263,-1.3525867062175287,-2.26518523286927,Ta,Fusef,-2.1133507449087534,-0.8058476456345897,-0.11183896233236511,-2.364763790293952,-2.3885435209735695,-2.3198555520037223,Typ,Detchd,-2.000554399144155,-0.9824399605824299,-1.0446997139120573,Ta,Ta,-0.7459116674968221,-0.7172050643637078,-0.37071052595830367,-0.10217939216911985,-0.2698934816491846,-0.07638622508638289,-1.9605967771384116,0.8927965977552895,Wd,Normal,60000.0
1101,0.8813022960877704,-0.8779193078215382,Rl,-0.3719548846024416,0.20961224278666618,Inside,Names,Norm,Norm,1fam,1story,-0.8154008244853307,-0.5526946526296532,0.004054477503045694,-0.6697770630944218,Gable,Compshg,Hdboard,Metalsd,-0.5718951461336651,Ta,Cblock,Blq,-0.0061587144949201995,Lwq,1.5556463274566543,-0.7580041026732963,-0.2452821157028826,Ta,Sbrkr,-0.49712388742505087,-0.8058476456345897,-0.11183896233236511,-1.1599966880683699,0.20923762540902602,-0.9323692199931181,Typ,Detchd,0.11447322794354696,-0.9824399605824299,-0.8745191771514029,Ta,Ta,-0.7459116674968221,-0.7172050643637078,-0.37071052595830367,-0.10217939216911985,-0.2698934816491846,-0.07638622508638289,0.2500205308079403,-0.6157420322454488,Wd,Normal,119500.0
1102,0.8836672917658829,-0.8779193078215382,Rl,0.11148614039500042,-0.6658111990368254,Inside,Names,Norm,Norm,1fam,1story,-0.8154008244853307,1.2613861356950078,-0.3586672915193667,0.8409284070582431,Gable,Compshg,Wdsdng,Wdsdng,-0.28312100735042417,Ta,Cblock,Rec,0.43884284147030445,Unf,-0.2871575004618263,-0.35292989866507424,-0.06165455959684738,Ex,Sbrkr,0.0837076394831548,-0.8058476456345897,-0.11183896233236511,-0.7270335107060513,-1.0896529477822716,-0.23862605398781578,Typ,Attchd,-0.7564205008572713,-0.9824399605824299,-1.0046572346742564,Ta,Ta,-0.7459116674968221,-0.45224655137576764,-0.37071052595830367,-0.10217939216911985,-0.2698934816491846,-0.07638622508638289,-0.8552881231652357,-0.6157420322454488,Wd,Family,135000.0
1103,0.8860322874439953,-0.8779193078215382,Rl,0.5949271653924424,-0.059553485518743836,Corner,Names,Norm,Norm,1fam,1story,-0.014950053313711128,0.35434574153267734,-0.3916419977941315,-1.2545662773470663,Hip,Compshg,Brkface,Brkface,-0.5718951461336651,Ta,Cblock,Alq,0.6082468428888843,Unf,-0.2871575004618263,-1.3525867062175287,-1.148117599890889,Ex,Sbrkr,0.2731092243445262,-0.8058476456345897,-0.11183896233236511,-0.5858498659139908,0.20923762540902602,-0.23862605398781578,Typ,Builtin,-1.005247280514648,0.4033288092841152,0.4218560881724054,Ta,Ta,-0.7459116674968221,-0.7172050643637078,2.8450162500923497,-0.10217939216911985,-0.2698934816491846,-0.07638622508638289,0.2500205308079403,-1.370011347245818,Wd,Normal,159500.0
1104,0.8883972831221078,2.4008368366064192,Rm,-2.3594346540363698,-2.2477946776620183,Inside,Brdale,Norm,Norm,Twnhse,2story,-0.8154008244853307,-0.5526946526296532,-0.02892022877171907,-0.7185094976154754,Gable,Compshg,Hdboard,Hdboard,1.378934591424229,Ta,Cblock,Unf,-1.0478669023226053,Unf,-0.2871575004618263,0.13979194012855267,-1.2246290816017371,Ta,Sbrkr,-1.507265673352365,0.8315562829137003,-0.11183896233236511,-0.33171930528828203,0.20923762540902602,-0.23862605398781578,Typ,Detchd,-0.34170920142831024,0.4033288092841152,-0.07366959239538234,Ta,Ta,-0.7459116674968221,-0.7172050643637078,-0.37071052595830367,-0.10217939216911985,-0.2698934816491846,-0.07638622508638289,-0.8552881231652357,-0.6157420322454488,Wd,Normal,106000.0
1105,0.8907622788002202,0.05886816201502109,Rl,1.6155248848314865,1.0025084565919895,Corner,Noridge,Norm,Norm,1fam,2story,1.5859514890295279,-0.5526946526296532,0.7624727218226353,0.49980136541086717,Gable,Compshg,Hdboard,Hdboard,1.751132370300406,Ta,Pconc,Glq,1.5614604031098487,Unf,-0.2871575004618263,-0.33161020371727307,1.3247334890037186,Ex,Sbrkr,1.2390573071375204,1.9280321279237158,-0.11183896233236511,2.7743208801370476,0.20923762540902602,1.842603444028091,Typ,Attchd,0.6535979172011964,0.4033288092841152,1.2877747016898526,Ta,Ta,0.8329502190961218,-0.1872880383878275,-0.37071052595830367,-0.10217939216911985,-0.2698934816491846,-0.07638622508638289,-0.8552881231652357,1.6470659127556586,Wd,Normal,325000.0
1106,0.8931272744783326,-0.8779193078215382,Rl,2.47497559593805,0.39974227964390746,Corner,Sawyerw,Feedr,Norm,1fam,1story,0.7855007178579084,-0.5526946526296532,0.6305738967235762,0.30487162732665235,Hip,Compshg,Hdboard,Hdboard,-0.5718951461336651,Ta,Pconc,Glq,0.8181055312133937,Unf,-0.2871575004618263,-0.9451436472151066,-0.3677004864402394,Gd,Sbrkr,1.0559691084381948,-0.8058476456345897,-0.11183896233236511,-0.0022908007734743384,0.20923762540902602,-0.23862605398781578,Typ,Attchd,0.48771339742961195,0.4033288092841152,1.3228118710229286,Ta,Ta,-0.7459116674968221,3.3234122587023793,-0.37071052595830367,-0.10217939216911985,-0.2698934816491846,-0.07638622508638289,-0.48685190517417704,-0.6157420322454488,Wd,Normal,179900.0
1108,0.8978572658345575,0.05886816201502109,Rl,0.057770470950840196,-0.32840180140869935,Inside,Gilbert,Norm,Norm,1fam,2story,-0.014950053313711128,-0.5526946526296532,0.9603209594712239,0.7434635380161356,Gable,Compshg,Vinylsd,Vinylsd,-0.5718951461336651,Ta,Pconc,Unf,-1.0478669023226053,Unf,-0.2871575004618263,0.8362353084233907,-0.32485405668216455,Ex,Sbrkr,-0.5034372735870966,1.0021191921374806,-0.11183896233236511,0.5812682643670422,0.20923762540902602,0.45511711201748645,Typ,Attchd,0.9024246968585731,0.4033288092841152,0.04145253541329561,Ta,Ta,0.10293880916605094,0.07767047460011262,-0.37071052595830367,-0.10217939216911985,-0.2698934816491846,-0.07638622508638289,1.723765402772175,-0.6157420322454488,Wd,Abnorml,181000.0
1109,0.9002222615126699,-0.8779193078215382,Rl,2.0989659098289284,0.7187417571756729,Inside,Nridght,Norm,Norm,1fam,1story,1.5859514890295279,-0.5526946526296532,1.092219784570283,0.9871257106214042,Gable,Compshg,Metalsd,Metalsd,-0.30237261660264025,Ta,Pconc,Glq,1.579159328631193,Unf,-0.2871575004618263,0.5353907241599742,2.466284796129571,Ex,Sbrkr,2.2997061823612004,-0.8058476456345897,-0.11183896233236511,0.9248151333610558,0.20923762540902602,0.45511711201748645,Typ,Attchd,1.0683092166301575,1.7890975791506603,2.038571187398622,Ta,Ta,0.31515142833176923,2.34637774205935,-0.37071052595830367,-0.10217939216911985,-0.2698934816491846,-0.07638622508638289,-1.2237243411562944,0.8927965977552895,Wd,Normal,280000.0
1110,0.9025872571907824,0.05886816201502109,Rl,0.057770470950840196,-0.3483987835823324,Inside,Gilbert,Norm,Norm,1fam,2story,-0.014950053313711128,-0.5526946526296532,0.7954474280974001,0.5485337999319209,Gable,Compshg,Hdboard,Hdboard,-0.5718951461336651,Ta,Pconc,Glq,-0.494143375297695,Unf,-0.2871575004618263,-0.04024103943065716,-0.7869834062156865,Gd,Sbrkr,-1.0558585627660966,1.3505548495517743,-0.11183896233236511,0.5059703204779432,0.20923762540902602,1.1488602780227886,Typ,Attchd,0.6950690471440925,0.4033288092841152,-0.1187173815379085,Ta,Ta,1.1555134002280136,0.6738271288229779,-0.37071052595830367,-0.10217939216911985,-0.2698934816491846,-0.07638622508638289,-0.11841568718311837,0.1385272827549204,Wd,Normal,188000.0
1111,0.9049522528688948,0.05886816201502109,Rl,0.6486428348366026,0.4387840067448101,Inside,Nwames,Norm,Norm,1fam,2story,0.7855007178579084,0.35434574153267734,0.1689280088768695,-0.42611489048915324,Hip,Compshg,Plywood,Plywood,3.663458889353868,Ta,Cblock,Alq,-0.028914475879505554,Unf,-0.2871575004618263,-0.4050447085374771,-0.6951696281626689,Ta,Sbrkr,-0.029933311433668053,1.3042592027624627,-0.11183896233236511,1.2260069089174515,1.5081281986003237,1.1488602780227886,Typ,Attchd,-0.09288242177093359,0.4033288092841152,0.14155873350779818,Ta,Ta,-0.7459116674968221,0.425428522896784,-0.37071052595830367,-0.10217939216911985,-0.2698934816491846,-0.07638622508638289,0.9868929667900576,0.1385272827549204,Wd,Normal,205000.0
1112,0.9073172485470072,-0.8779193078215382,Rl,0.27263314872748107,-0.6340699574913761,Corner,Names,Norm,Norm,1fam,1story,-0.8154008244853307,1.2613861356950078,-0.457591410343661,-1.3520311463891737,Gable,Compshg,Wdshing,Wdshng,-0.5718951461336651,Ta,Cblock,Glq,0.7422529932647758,Unf,-0.2871575004618263,-1.096750366843915,-0.655383657673028,Ta,Fusea,-0.9201207602821138,-0.8058476456345897,-0.11183896233236511,-1.4753068281039714,-1.0896529477822716,-0.9323692199931181,Typ,Detchd,-0.8808338906859596,-0.9824399605824299,-0.7343704998190993,Ta,Ta,-0.7459116674968221,-0.7172050643637078,-0.37071052595830367,-0.10217939216911985,-0.2698934816491846,-0.07638622508638289,0.2500205308079403,-1.370011347245818,Wd,Normal,129900.0
1113,0.9096822442251197,-0.8779193078215382,Rl,-0.10337653738164046,-0.05542712411783542,Inside,Names,Norm,Norm,1fam,1story,-0.8154008244853307,1.2613861356950078,-0.5894902354427201,1.035858145142458,Gable,Compshg,Wdsdng,Wdsdng,-0.5718951461336651,Ta,Cblock,Blq,0.5779058277094372,Unf,-0.2871575004618263,-0.48795463333448164,-0.06777547813371522,Gd,Sbrkr,-0.3140356887257252,-0.8058476456345897,-0.11183896233236511,-1.0235191647693782,-1.0896529477822716,-0.23862605398781578,Typ,Attchd,-1.0467184104575442,-0.9824399605824299,-1.0747315733404081,Ta,Ta,-0.7459116674968221,-0.4191267372522751,-0.37071052595830367,-0.10217939216911985,-0.2698934816491846,-0.07638622508638289,-0.48685190517417704,-0.6157420322454488,Wd,Normal,134500.0
1114,0.9120472399032321,-0.8779193078215382,Rl,1.1857995292782049,-1.173671063764014,Inside,Oldtown,Norm,Norm,1fam,1story,-0.8154008244853307,1.2613861356950078,-0.5565155291679553,0.7434635380161356,Gable,Compshg,Metalsd,Metalsd,-0.5718951461336651,Gd,Cblock,Rec,0.0014265392999415847,Unf,-0.2871575004618263,-0.36240531864187475,-0.6033558501096513,Ex,Sbrkr,-0.8664569779047251,-0.8058476456345897,-0.11183896233236511,-1.4353047954128877,-1.0896529477822716,-1.6261123859984203,Typ,Detchd,-0.9637761505717519,-0.9824399605824299,-0.644274921534047,Ta,Ta,-0.7459116674968221,-0.7172050643637078,-0.37071052595830367,-0.10217939216911985,-0.2698934816491846,-0.07638622508638289,0.6184567487989989,-1.370011347245818,Wd,Normal,117000.0
1115,0.9144122355813445,-0.8779193078215382,Rl,1.3469465376106855,0.9482309335492712,Inside,Nridght,Norm,Norm,1fam,1story,1.5859514890295279,-0.5526946526296532,1.1911439033945772,1.0845905796635116,Hip,Compshg,Vinylsd,Vinylsd,1.5329474654419575,Ta,Pconc,Glq,1.490664701024472,Unf,-0.2871575004618263,0.37667743954856564,2.154117950749311,Ex,Sbrkr,1.977723488096869,-0.8058476456345897,-0.11183896233236511,0.6848029372145531,0.20923762540902602,0.45511711201748645,Typ,Attchd,1.1927226064588459,1.7890975791506603,2.3689216411104805,Ta,Ta,-0.7459116674968221,-0.7172050643637078,-0.37071052595830367,-0.10217939216911985,-0.2698934816491846,-0.07638622508638289,1.723765402772175,-0.6157420322454488,New,Partial,318000.0
1116,0.916777231259457,0.5272618969333007,Rl,0.057770470950840196,-0.42775188744595566,Inside,Gilbert,Norm,Norm,1fam,Slvl,1.5859514890295279,-0.5526946526296532,1.0262703720207533,0.8409284070582431,Hip,Compshg,Vinylsd,Vinylsd,-0.5718951461336651,Ta,Pconc,Glq,-0.15533537246053528,Unf,-0.2871575004618263,-1.2222996815365217,-1.9040510391940675,Ex,Sbrkr,-1.0369184042799595,0.7535846672685437,-0.11183896233236511,-0.05641119794376417,0.20923762540902602,0.45511711201748645,Typ,Builtin,0.9853669567443653,0.4033288092841152,0.36179236931570385,Ta,Ta,0.27270890449862556,-0.7172050643637078,-0.37071052595830367,-0.10217939216911985,-0.2698934816491846,-0.07638622508638289,-1.2237243411562944,0.8927965977552895,Wd,Normal,184100.0
1117,0.9191422269375694,-0.8779193078215382,Rl,-0.5868175623790824,0.21151671727939314,Fr2,Sawyer,Feedr,Norm,1fam,1story,-0.8154008244853307,1.2613861356950078,-0.12784434759601337,0.8896608415792968,Gable,Compshg,Vinylsd,Vinylsd,-0.5718951461336651,Ta,Cblock,Blq,0.7270824856750523,Unf,-0.2871575004618263,-0.8977665473311041,-0.41666783473518215,Ex,Sbrkr,-0.6738986999623309,-0.8058476456345897,-0.11183896233236511,-1.291768089874293,0.20923762540902602,-0.9323692199931181,Typ,Attchd,-0.46612259125699856,0.4033288092841152,-0.023616493348131064,Ta,Ta,-0.7459116674968221,-0.7172050643637078,-0.37071052595830367,-0.10217939216911985,-0.2698934816491846,-0.07638622508638289,-0.48685190517417704,0.1385272827549204,Wd,Normal,130000.0
1118,0.9215072226156819,0.5272618969333007,Rl,0.9172211820574037,1.5005285364400889,Inside,Sawyer,Norm,Norm,1fam,Slvl,-0.8154008244853307,0.35434574153267734,-0.42461670406889623,0.1099418892424375,Gable,Compshg,Metalsd,Metalsd,-0.5718951461336651,Gd,Cblock,Unf,-1.0478669023226053,Unf,-0.2871575004618263,-0.08998699430885988,-1.5214936306398275,Ta,Sbrkr,-0.27299867867242805,0.6073878879338749,-0.11183896233236511,0.3718458579254858,0.20923762540902602,-0.23862605398781578,Min2,Builtin,-0.8393627607430636,-0.9824399605824299,-0.7744129790569003,Ta,Ta,1.6308696671592224,-0.154168224264335,-0.37071052595830367,-0.10217939216911985,-0.2698934816491846,-0.07638622508638289,2.0922016207632335,0.1385272827549204,Wd,Normal,140000.0
1119,0.9238722182937943,-0.8779193078215382,Rl,0.11148614039500042,-0.4880602463823093,Inside,Names,Norm,Norm,1fam,1story,-0.8154008244853307,-0.5526946526296532,-0.3916419977941315,-1.2545662773470663,Gable,Compshg,Brkface,Wdsdng,-0.5718951461336651,Ta,Cblock,Lwq,-0.11488068555460577,Unf,-0.2871575004618263,0.23691499489075799,0.030159218456170235,Ta,Fusea,-0.21302151013299375,-0.8058476456345897,-0.11183896233236511,-0.9482212208802793,0.20923762540902602,-0.23862605398781578,Typ,Attchd,-0.7978916308001675,-0.9824399605824299,-0.8444873177230522,Ta,Ta,0.44247899983120015,-0.7172050643637078,3.8499308676081787,-0.10217939216911985,-0.2698934816491846,-0.07638622508638289,0.2500205308079403,-1.370011347245818,Wd,Normal,133700.0
1120,0.9262372139719067,-0.6437224403623983,Rm,-0.479386223490762,-0.26491931831780074,Inside,Idotrr,Norm,Norm,1fam,1story,-0.014950053313711128,-0.5526946526296532,-1.6776555425099573,-1.6931581880365496,Gable,Compshg,Brkface,Brkface,-0.5718951461336651,Ta,Brktil,Unf,-1.0478669023226053,Unf,-0.2871575004618263,1.044694547913002,-0.05553364105997954,Ta,Fusea,-0.30140891640163375,-0.8058476456345897,-0.11183896233236511,-1.0141069217832408,-1.0896529477822716,-0.23862605398781578,Typ,Detchd,-2.4152656985731156,-0.9824399605824299,-0.7343704998190993,Ta,Ta,-0.7459116674968221,-0.3528871090052901,1.5051300934045773,-0.10217939216911985,-0.2698934816491846,-0.07638622508638289,-0.48685190517417704,-0.6157420322454488,Wd,Normal,118400.0
1121,0.9286022096500192,-0.8779193078215382,Rl,0.8635055126132435,0.3130886902248309,Inside,Collgcr,Norm,Norm,1fam,1story,0.7855007178579084,-0.5526946526296532,1.1251944908450477,1.035858145142458,Gable,Compshg,Vinylsd,Vinylsd,0.6858766583444509,Ta,Pconc,Glq,-0.987184871963711,Unf,-0.2871575004618263,2.2670237249202687,1.5971143638943375,Ex,Sbrkr,1.403205347350709,-0.8058476456345897,-0.11183896233236511,0.2565458813453031,0.20923762540902602,0.45511711201748645,Typ,Attchd,1.1097803465730536,1.7890975791506603,1.6381463950206117,Ta,Ta,0.4764330188977151,-0.3860069231287826,-0.37071052595830367,-0.10217939216911985,-0.2698934816491846,-0.07638622508638289,0.2500205308079403,-1.370011347245818,New,Partial,212900.0
1122,0.9309672053281316,-0.8779193078215382,Rl,0.057770470950840196,-0.05447488687147194,Corner,Edwards,Norm,Norm,1fam,1story,-1.6158515956569501,-2.366775440954314,-0.49056611661842575,-1.4007635809102275,Gable,Compshg,Asbshng,Asbshng,-0.5718951461336651,Ta,Cblock,Unf,-1.0478669023226053,Unf,-0.2871575004618263,0.2392838498849581,-1.0960897923275126,Ex,Fusea,-0.4655569566148223,-0.8058476456345897,-0.11183896233236511,-1.1364660806030265,0.20923762540902602,-0.9323692199931181,Typ,Basment,-0.9223050206288558,-0.9824399605824299,-0.8344766979136019,Ta,Ta,-0.20264736243258336,-0.7172050643637078,-0.37071052595830367,-0.10217939216911985,2.804350276083356,-0.07638622508638289,1.3553291847811162,0.8927965977552895,Cod,Abnorml,112000.0
1123,0.933332201006244,-0.8779193078215382,Rl,-0.962827248488204,0.09756566013123018,Inside,Edwards,Norm,Norm,1fam,1story,-0.8154008244853307,3.075466924019669,-0.7873384730913087,1.1333230141845654,Hip,Compshg,Vinylsd,Vinylsd,-0.5718951461336651,Ex,Cblock,Unf,-1.0478669023226053,Unf,-0.2871575004618263,0.30087407973416147,-1.0165178513482305,Ex,Sbrkr,-1.2926105438428108,-0.8058476456345897,-0.11183896233236511,-1.7529679961950237,-1.0896529477822716,-1.6261123859984203,Typ,Attchd,0.07300209800065086,-2.368208730448975,-2.2760059504744388,Ta,Ta,-0.7459116674968221,2.594776347985544,-0.37071052595830367,-0.10217939216911985,-0.2698934816491846,-0.07638622508638289,-0.11841568718311837,0.8927965977552895,Wd,Normal,118000.0
1124,0.9356971966843565,0.5272618969333007,Rl,0.057770470950840196,0.008690183803972148,Inside,Gilbert,Norm,Norm,1fam,Slvl,0.7855007178579084,-0.5526946526296532,0.6965233092731058,0.35360406184770604,Gable,Compshg,Hdboard,Hdboard,0.5190293781585783,Ta,Pconc,Unf,-1.0478669023226053,Unf,-0.2871575004618263,-0.44294638844467915,-1.9775020616364816,Gd,Sbrkr,-0.9327475326062051,0.826683056935878,-0.11183896233236511,0.09183162908789928,0.20923762540902602,0.45511711201748645,Typ,Attchd,0.5706556573154041,0.4033288092841152,-0.3139244678221885,Ta,Ta,0.10293880916605094,-0.3032073878200513,-0.37071052595830367,-0.10217939216911985,-0.2698934816491846,-0.07638622508638289,0.2500205308079403,-0.6157420322454488,Wd,Normal,163900.0
1125,0.9380621923624689,-0.8779193078215382,Rl,-0.42567055404660176,0.4241830356339034,Inside,Names,Norm,Norm,1fam,1story,-1.6158515956569501,-0.5526946526296532,-0.5235408228931906,-1.449496015431281,Gable,Compshg,Plywood,Plywood,-0.5718951461336651,Ta,Cblock,Unf,-1.0478669023226053,Unf,-0.2871575004618263,1.0281125629536012,-0.07695685593901698,Ta,Sbrkr,-0.32350576796879377,-0.8058476456345897,-0.11183896233236511,-1.030578347008981,-1.0896529477822716,-0.9323692199931181,Typ,Detchd,-0.05141129182803748,0.4033288092841152,1.0875623055008474,Fa,Fa,-0.7459116674968221,-0.7172050643637078,-0.37071052595830367,-0.10217939216911985,-0.2698934816491846,-0.07638622508638289,1.723765402772175,0.8927965977552895,Wd,Normal,115000.0
1126,0.9404271880405815,1.46404936676986,Rl,-0.8016802401557234,-1.718350768683924,Inside,Blmngtn,Norm,Norm,Twnhse,1story,0.7855007178579084,-0.5526946526296532,1.1911439033945772,1.0845905796635116,Hip,Compshg,Vinylsd,Vinylsd,0.26234125479569753,Ta,Pconc,Unf,-1.0478669023226053,Unf,-0.2871575004618263,1.8998512008192487,1.0492921548446656,Ex,Sbrkr,1.4126754265937775,-0.8058476456345897,-0.11183896233236511,0.26360506358490615,-1.0896529477822716,0.45511711201748645,Typ,Attchd,1.1927226064588459,1.7890975791506603,1.027498586644146,Ta,Ta,0.46794451413108634,-0.3860069231287826,-0.37071052595830367,-0.10217939216911985,-0.2698934816491846,-0.07638622508638289,-0.11841568718311837,0.8927965977552895,Wd,Normal,174000.0
1127,0.9427921837186939,-0.8779193078215382,Rl,6.127641118140945,1.7376356107845952,Corner,Gilbert,Norm,Norm,1fam,1story,0.7855007178579084,-0.5526946526296532,1.092219784570283,0.9383932761003505,Hip,Compshg,Vinylsd,Vinylsd,-0.5718951461336651,Ta,Pconc,Glq,2.239076408784168,Unf,-0.2871575004618263,-0.8077500575514991,1.5297842599887912,Ex,Sbrkr,1.3337580995682061,-0.8058476456345897,-0.11183896233236511,0.20477854492154762,0.20923762540902602,0.45511711201748645,Typ,Attchd,1.0683092166301575,1.7890975791506603,0.877339289502392,Ta,Ta,0.4764330188977151,-0.12104841014084247,-0.37071052595830367,-0.10217939216911985,-0.2698934816491846,-0.07638622508638289,1.723765402772175,-0.6157420322454488,Wd,Family,259000.0
1128,0.9451571793968063,0.05886816201502109,Rl,-0.479386223490762,0.8564987454829228,Inside,Gilbert,Norm,Norm,1fam,2story,0.7855007178579084,-0.5526946526296532,1.092219784570283,0.9871257106214042,Gable,Compshg,Vinylsd,Vinylsd,-0.5718951461336651,Ta,Pconc,Unf,-1.0478669023226053,Unf,-0.2871575004618263,0.6538334738699808,-0.5605094203515764,Ex,Sbrkr,-0.8222632747704052,1.9036659980346045,-0.11183896233236511,1.2142416051847797,1.5081281986003237,1.1488602780227886,Typ,Builtin,1.0683092166301575,0.4033288092841152,-0.10370145182373312,Ta,Ta,0.10293880916605094,0.07767047460011262,-0.37071052595830367,-0.10217939216911985,-0.2698934816491846,-0.07638622508638289,0.2500205308079403,-0.6157420322454488,Wd,Normal,215000.0
1129,0.9475221750749188,0.7614587643924405,Rm,-0.42567055404660176,-0.6023287159459267,Inside,Oldtown,Norm,Norm,Duplex,Sfoyer,-0.8154008244853307,-0.5526946526296532,0.3008268339759286,-0.23118515240493845,Gable,Compshg,Metalsd,Metalsd,0.5832014089992985,Ta,Cblock,Glq,1.3187322816742715,Unf,-0.2871575004618263,-1.3525867062175287,-0.2881285454609575,Ta,Sbrkr,-0.5413175905593709,-0.8058476456345897,-0.11183896233236511,-1.1929395385198507,-1.0896529477822716,-1.6261123859984203,Typ,Detchd,0.07300209800065086,0.4033288092841152,1.0875623055008474,Ta,Ta,-0.3299749339320143,-0.7172050643637078,-0.37071052595830367,-0.10217939216911985,-0.2698934816491846,-0.07638622508638289,0.6184567487989989,-0.6157420322454488,Wd,Normal,140000.0
1130,0.9498871707530312,-0.17532870544411872,Rl,-0.1570922068258007,-0.410611617011413,Inside,Swisu,Norm,Norm,1fam,1.5fin,-1.6158515956569501,-2.366775440954314,-1.4138578923118392,-1.6931581880365496,Gable,Compshg,Wdshing,Plywood,-0.5718951461336651,Ta,Brktil,Blq,0.5248090511454047,Unf,-0.2871575004618263,-0.16815920911746415,0.2811168784677517,Ta,Sbrkr,0.696106097201589,0.7852606361243886,-0.11183896233236511,1.2660089416085352,1.5081281986003237,0.45511711201748645,Min2,Detchd,0.11447322794354696,0.4033288092841152,0.6070525546472352,Ta,Ta,2.912633886920161,0.011430846353127591,-0.37071052595830367,-0.10217939216911985,-0.2698934816491846,-0.07638622508638289,2.0922016207632335,0.8927965977552895,Wd,Normal,135000.0
1131,0.9522521664311436,-0.8779193078215382,Rl,-0.2645235457141211,0.5124236871302524,Inside,Mitchel,Norm,Norm,1fam,1story,-0.8154008244853307,-0.5526946526296532,0.663548602998341,0.35360406184770604,Gable,Compshg,Hdboard,Hdboard,-0.5718951461336651,Ta,Pconc,Blq,-0.5118423008190391,Unf,-0.2871575004618263,0.45248079936296975,-0.17183109326046853,Ta,Sbrkr,-0.4213632534805023,-0.8058476456345897,-0.11183896233236511,-1.1035232301515456,0.20923762540902602,-0.9323692199931181,Typ,Attchd,0.07300209800065086,-2.368208730448975,-2.2760059504744388,Ta,Ta,-0.7459116674968221,-0.2535276666348125,-0.37071052595830367,-0.10217939216911985,-0.2698934816491846,-0.07638622508638289,0.9868929667900576,-0.6157420322454488,Oth,Abnorml,93500.0
1132,0.9546171621092561,0.2930650294741609,Rm,1.1857995292782049,0.25468480578120417,Inside,Oldtown,Norm,Norm,1fam,2story,-0.014950053313711128,-1.4597350467919836,-2.996643793500548,-1.6931581880365496,Gable,Compshg,Wdsdng,Wdsdng,-0.5718951461336651,Ta,Brktil,Unf,-1.0478669023226053,Unf,-0.2871575004618263,1.0352191279362015,-0.06777547813371522,Ta,Sbrkr,0.2226021350481605,1.7087369589217127,-0.11183896233236511,1.8048598525648991,2.8070187717916215,1.1488602780227886,Typ,Detchd,-2.000554399144155,-0.9824399605824299,-1.2499174200057876,Fa,Ta,-0.7459116674968221,0.07767047460011262,-0.37071052595830367,-0.10217939216911985,-0.2698934816491846,-0.07638622508638289,-0.48685190517417704,-0.6157420322454488,Wd,Normal,117500.0
1133,0.9569821577873685,0.05886816201502109,Rl,0.6486428348366026,0.23183111186848068,Inside,Sawyerw,Norm,Norm,1fam,2story,1.5859514890295279,-0.5526946526296532,0.7954474280974001,0.49980136541086717,Gable,Compshg,Vinylsd,Vinylsd,-0.5718951461336651,Ta,Pconc,Glq,0.4287291697438221,Unf,-0.2871575004618263,-0.06392958937265845,0.2994796340783552,Ex,Sbrkr,0.10896118413133765,1.3334985586293964,-0.11183896233236511,1.3577783107233745,0.20923762540902602,1.1488602780227886,Typ,Attchd,0.6950690471440925,0.4033288092841152,0.056468465127470995,Ta,Ta,-0.7459116674968221,1.8495805302069623,-0.37071052595830367,-0.10217939216911985,-0.2698934816491846,-0.07638622508638289,-0.11841568718311837,0.8927965977552895,Wd,Normal,239500.0
1134,0.9593471534654809,0.05886816201502109,Rl,-0.5868175623790824,-0.10303898643600937,Inside,Gilbert,Norm,Norm,1fam,2story,-0.014950053313711128,-0.5526946526296532,0.8613968406469296,0.5972662344529746,Gable,Compshg,Vinylsd,Vinylsd,-0.5718951461336651,Ta,Pconc,Unf,-1.0478669023226053,Unf,-0.2871575004618263,0.8172844684697896,-0.3493377308296359,Gd,Sbrkr,-0.604451452179828,0.860795638780634,-0.11183896233236511,0.36949279717895145,0.20923762540902602,0.45511711201748645,Typ,Attchd,0.7780113070298847,0.4033288092841152,0.026436605699120222,Ta,Ta,0.10293880916605094,-0.08792859601734995,-0.37071052595830367,-0.10217939216911985,-0.2698934816491846,-0.07638622508638289,0.6184567487989989,-0.6157420322454488,Wd,Normal,169000.0
1135,0.9617121491435934,-0.6437224403623983,Rm,-0.42567055404660176,-0.9260893797095096,Corner,Brkside,Norm,Norm,1fam,1story,-0.014950053313711128,-0.5526946526296532,-1.4798073048613687,-1.6931581880365496,Gable,Compshg,Wdsdng,Wdsdng,-0.5718951461336651,Ta,Brktil,Unf,-1.0478669023226053,Unf,-0.2871575004618263,0.9215140882145954,-0.2146775230185434,Ta,Sbrkr,-0.383482936508228,-0.8058476456345897,-0.11183896233236511,-1.0752865011931336,-1.0896529477822716,-0.9323692199931181,Typ,Detchd,-2.166438918915739,-0.9824399605824299,-1.3750501676239157,Ta,Ta,-0.7459116674968221,1.4024630395398134,-0.37071052595830367,-0.10217939216911985,-0.2698934816491846,-0.07638622508638289,-0.48685190517417704,-0.6157420322454488,Wd,Normal,102000.0
1136,0.9640771448217058,-0.17532870544411872,Rl,0.6486428348366026,0.1594610811448563,Inside,Names,Norm,Norm,1fam,1.5fin,-0.014950053313711128,-0.5526946526296532,-0.6884143542670144,-1.6931581880365496,Gable,Compshg,Vinylsd,Vinylsd,-0.5718951461336651,Ta,Cblock,Blq,-0.3399098814688387,Unf,-0.2871575004618263,0.42879224942096844,0.0056755443086988705,Ta,Fusea,-0.2382750547811766,-0.2697927880741376,-0.11183896233236511,-0.44937234261499903,0.20923762540902602,-0.23862605398781578,Typ,Attchd,-1.1711318002862325,-0.9824399605824299,-0.8344766979136019,Ta,Ta,-0.7459116674968221,-0.7172050643637078,1.237152862067023,-0.10217939216911985,-0.2698934816491846,-0.07638622508638289,-0.8552881231652357,0.1385272827549204,Wd,Abnorml,119000.0
1137,0.9664421404998182,-0.17532870544411872,Rl,-0.7479645707115631,-0.8746685684058817,Inside,Sawyer,Feedr,Norm,1fam,1.5fin,-0.8154008244853307,2.168426529857338,-3.1615173248743718,0.5485337999319209,Gable,Compshg,Vinylsd,Vinylsd,-0.5718951461336651,Gd,Cblock,Unf,-1.0478669023226053,Unf,-0.2871575004618263,0.4951201892585721,-0.7655601913366491,Gd,Sbrkr,-1.0337617111989366,-0.22106052829591466,-0.11183896233236511,-0.995282435810966,-1.0896529477822716,-0.23862605398781578,Typ,Attchd,0.07300209800065086,-2.368208730448975,-2.2760059504744388,Ta,Ta,-0.7459116674968221,-0.7172050643637078,2.577039018754795,-0.10217939216911985,-0.2698934816491846,-0.07638622508638289,-0.48685190517417704,1.6470659127556586,Wd,Normal,94000.0
1138,0.9688071361779307,-0.8779193078215382,Rl,0.057770470950840196,0.22897440012939024,Inside,Mitchel,Norm,Norm,1fam,1story,-0.014950053313711128,-0.5526946526296532,0.20190271515163427,-0.37738245596809955,Gable,Compshg,Plywood,Imstucc,-0.5718951461336651,Ta,Pconc,Alq,2.9141639965268666,Unf,-0.2871575004618263,-1.3525867062175287,1.6430212529208463,Ta,Sbrkr,1.4505557435660519,-0.8058476456345897,-0.11183896233236511,0.2918417925433182,-1.0896529477822716,-0.9323692199931181,Typ,Attchd,-0.05141129182803748,0.4033288092841152,1.297785321499303,Ta,Ta,1.4950535908931628,-0.1872880383878275,-0.37071052595830367,-0.10217939216911985,-0.2698934816491846,-0.07638622508638289,-0.48685190517417704,0.8927965977552895,Wd,Normal,196000.0
1139,0.9711721318560431,-0.6437224403623983,Rl,1.6155248848314865,-0.11637030788509807,Inside,Brkside,Norm,Norm,1fam,1story,-0.8154008244853307,-0.5526946526296532,-1.6776555425099573,-1.6931581880365496,Gable,Compshg,Stucco,Stucco,-0.5718951461336651,Fa,Brktil,Blq,0.5829626635726783,Unf,-0.2871575004618263,-0.712995857783494,-0.35239819009806983,Ta,Sbrkr,0.18787851115690907,-0.8058476456345897,-0.11183896233236511,-0.649382506070418,0.20923762540902602,-0.23862605398781578,Maj1,Detchd,-0.258766941542518,0.4033288092841152,0.20162245236449972,Ta,Ta,-0.7459116674968221,-0.7172050643637078,3.2469820970986816,-0.10217939216911985,2.1510734775651907,-0.07638622508638289,-0.48685190517417704,-0.6157420322454488,Wd,Normal,144000.0
1140,0.9735371275341556,-0.8779193078215382,Rl,-0.42567055404660176,-0.5547168536277528,Corner,Names,Norm,Norm,1fam,1story,-0.8154008244853307,1.2613861356950078,-0.6554396479922496,-1.6444257535154958,Gable,Compshg,Hdboard,Hdboard,-0.5718951461336651,Ta,Cblock,Alq,1.1063451754181415,Unf,-0.2871575004618263,-1.1157012067975158,-0.23916119716601475,Ta,Sbrkr,-0.4908105012630052,-0.8058476456345897,-0.11183896233236511,-1.1552905665753013,-1.0896529477822716,-1.6261123859984203,Typ,Detchd,0.4047711375438197,0.4033288092841152,1.9284543694946692,Ta,Ta,-0.7459116674968221,-0.7172050643637078,-0.37071052595830367,-0.10217939216911985,-0.2698934816491846,-0.07638622508638289,-0.11841568718311837,0.1385272827549204,Cod,Abnorml,139000.0
1141,0.975902123212268,0.05886816201502109,Rl,0.057770470950840196,0.38291942162481934,Culdsac,Nwames,Posn,Norm,1fam,2story,-0.8154008244853307,1.2613861356950078,0.1689280088768695,-0.42611489048915324,Gable,Compshg,Plywood,Plywood,-0.2895382104344962,Gd,Cblock,Alq,-0.08453967037515864,Unf,-0.2871575004618263,-0.40741356353167724,-0.7655601913366491,Ex,Sbrkr,-0.06150024224389662,1.094710485716104,-0.11183896233236511,1.0001130772501547,1.5081281986003237,1.842603444028091,Typ,Attchd,-0.09288242177093359,0.4033288092841152,0.1465640434125233,Ta,Ta,3.0569384679528495,0.872546013563933,-0.37071052595830367,-0.10217939216911985,-0.2698934816491846,-0.07638622508638289,1.3553291847811162,0.8927965977552895,Wd,Normal,197500.0
1143,0.9806321145684929,-0.8779193078215382,Rl,0.057770470950840196,-0.03098636812783947,Inside,Sawyer,Norm,Norm,1fam,1story,-0.8154008244853307,-2.366775440954314,-0.3916419977941315,-1.2545662773470663,Gable,Compshg,Wdsdng,Plywood,-0.5718951461336651,Ta,Cblock,Glq,-0.31968253801587393,Unf,-0.2871575004618263,0.34825117961816404,-0.07389639667058306,Ta,Sbrkr,-0.32034907488777087,-0.8058476456345897,-0.11183896233236511,-1.0282252862624468,0.20923762540902602,-0.9323692199931181,Typ,Attchd,0.07300209800065086,-2.368208730448975,-2.2760059504744388,Ta,Ta,-0.7459116674968221,-0.31976729488179756,-0.37071052595830367,-0.10217939216911985,-0.2698934816491846,-0.07638622508638289,0.2500205308079403,0.1385272827549204,Wd,Normal,80000.0
1144,0.9829971102466053,3.103427438983839,Rl,-0.42567055404660176,0.9783851130174481,Inside,Edwards,Norm,Norm,2fmcon,1.5fin,-1.6158515956569501,-1.4597350467919836,-0.9851867107398973,-1.6931581880365496,Gable,Compshg,Metalsd,Metalsd,-0.5718951461336651,Fa,Brktil,Blq,-0.16797746211863826,Unf,-0.2871575004618263,-0.5850776880966869,-1.0960897923275126,Fa,Fusea,-1.3746845639494052,-0.19182117242898092,-0.11183896233236511,-1.2211762674782627,-1.0896529477822716,-0.9323692199931181,Typ,Detchd,-1.5443719697722975,-0.9824399605824299,-0.8745191771514029,Ta,Ta,-0.7459116674968221,-0.7172050643637078,-0.37071052595830367,-0.10217939216911985,-0.2698934816491846,-0.07638622508638289,0.2500205308079403,1.6470659127556586,Wd,Normal,80000.0
1145,0.9853621059247177,-0.17532870544411872,Rm,-0.8553959095998835,-0.90704463478224,Inside,Brkside,Norm,Norm,1fam,1.5fin,-0.8154008244853307,0.35434574153267734,-1.4138578923118392,-1.6931581880365496,Gable,Compshg,Metalsd,Metalsd,-0.5718951461336651,Ta,Brktil,Unf,-1.0478669023226053,Unf,-0.2871575004618263,1.115760197739006,0.03628013699303807,Ex,Sbrkr,-0.20670812397094804,0.49530369044396216,-0.11183896233236511,0.31301933926212727,0.20923762540902602,1.1488602780227886,Typ,Detchd,-2.083496659029947,-0.9824399605824299,-1.149811221911285,Ta,Ta,-0.7459116674968221,-0.7172050643637078,-0.37071052595830367,-0.10217939216911985,-0.2698934816491846,-0.07638622508638289,0.6184567487989989,-1.370011347245818,Wd,Family,149000.0
1146,0.9877271016028302,-0.8779193078215382,Rl,0.057770470950840196,0.667320945872045,Inside,Sawyerw,Norm,Norm,1fam,1story,-0.014950053313711128,-0.5526946526296532,0.4657003653497524,0.01247702020033009,Gable,Compshg,Wdsdng,Wdshng,-0.026432883987543367,Ta,Cblock,Glq,2.1328828556561032,Unf,-0.2871575004618263,-1.2578325064495237,0.8197577097121217,Ta,Sbrkr,0.6014053047709034,-0.8058476456345897,-0.11183896233236511,-0.3411315482744194,0.20923762540902602,-0.9323692199931181,Typ,Attchd,0.2803577477151314,0.4033288092841152,-0.25886605887021213,Ta,Ta,0.6546916189969184,-0.28664748075830504,-0.37071052595830367,-0.10217939216911985,-0.2698934816491846,-0.07638622508638289,-0.48685190517417704,-1.370011347245818,Wd,Normal,180000.0
1147,0.9900920972809426,0.2930650294741609,Rl,0.3800644876158015,0.9212508782356393,Inside,Crawfor,Norm,Norm,1fam,2story,0.7855007178579084,1.2613861356950078,-0.9851867107398973,-1.6931581880365496,Gable,Compshg,Metalsd,Metalsd,-0.5718951461336651,Ta,Cblock,Rec,-0.3525519711269417,Unf,-0.2871575004618263,-0.33634791370567335,-0.9981550957376271,Ex,Sbrkr,-0.781226264717108,0.909527898558857,-0.11183896233236511,0.2847826103037152,0.20923762540902602,0.45511711201748645,Typ,Attchd,-1.5443719697722975,-0.9824399605824299,-1.1047634327687588,Ta,Ta,-0.7459116674968221,-0.7172050643637078,-0.37071052595830367,-0.10217939216911985,-0.2698934816491846,-0.07638622508638289,0.2500205308079403,0.8927965977552895,Wd,Normal,174500.0
1148,0.992457092959055,-0.17532870544411872,Rm,0.057770470950840196,-1.078447339127666,Inside,Oldtown,Norm,Norm,1fam,1.5fin,0.7855007178579084,1.2613861356950078,-1.4798073048613687,-1.6931581880365496,Gable,Compshg,Wdsdng,Wdsdng,-0.5718951461336651,Ta,Pconc,Unf,-1.0478669023226053,Unf,-0.2871575004618263,0.0023983504649451684,-1.4021357191709045,Ta,Sbrkr,-1.6903538720516909,0.507486755388518,-0.11183896233236511,-0.7811539078763411,-1.0896529477822716,-0.9323692199931181,Typ,Detchd,0.15594435788644306,-0.9824399605824299,-0.8344766979136019,Ta,Ta,-0.7459116674968221,-0.7172050643637078,2.577039018754795,-0.10217939216911985,-0.2698934816491846,-0.07638622508638289,0.6184567487989989,0.1385272827549204,Wd,Normal,116900.0
1149,0.9948220886371675,0.2930650294741609,Rm,-0.962827248488204,-0.03098636812783947,Inside,Oldtown,Artery,Norm,1fam,2story,0.7855007178579084,3.075466924019669,-1.6776555425099573,0.1586743237634912,Hip,Compshg,Vinylsd,Vinylsd,-0.5718951461336651,Gd,Pconc,Alq,0.5298658870086459,Unf,-0.2871575004618263,-1.2909964763683255,-1.1634198962330586,Ex,Sbrkr,-0.869613670985748,0.777950797157655,-0.11183896233236511,0.09183162908789928,0.20923762540902602,0.45511711201748645,Typ,Detchd,-2.000554399144155,0.4033288092841152,-0.6542855413434973,Ta,Ta,-0.7459116674968221,-0.7172050643637078,-0.37071052595830367,-0.10217939216911985,-0.2698934816491846,-0.07638622508638289,0.2500205308079403,0.8927965977552895,Wd,Normal,143000.0
1150,0.9971870843152799,-0.8779193078215382,Rl,-0.5868175623790824,-0.2595233072550744,Inside,Names,Norm,Norm,1fam,1story,-0.014950053313711128,-0.5526946526296532,-0.6884143542670144,-1.6931581880365496,Gable,Compshg,Brkface,Brkface,-0.5718951461336651,Ta,Cblock,Unf,-1.0478669023226053,Unf,-0.2871575004618263,0.8551861483769918,-0.30037038253469317,Ex,Fusea,-0.5539443628834623,-0.8058476456345897,-0.11183896233236511,-1.202351781505988,-1.0896529477822716,-1.6261123859984203,Typ,Attchd,-1.1711318002862325,-0.9824399605824299,-0.7443811196285496,Ta,Ta,-0.7459116674968221,-0.7172050643637078,3.213484943181487,-0.10217939216911985,-0.2698934816491846,-0.07638622508638289,1.723765402772175,-0.6157420322454488,Wd,Normal,124000.0
1152,1.0019170756715048,-0.8779193078215382,Rl,1.1857995292782049,1.5925781369218919,Inside,Crawfor,Norm,Norm,1fam,1story,-0.014950053313711128,1.2613861356950078,-0.49056611661842575,0.9383932761003505,Gable,Compshg,Stone,Stone,-0.5718951461336651,Ta,Pconc,Alq,-0.2994551945629092,Glq,3.2250853353270545,-0.8077500575514991,0.13115437431448962,Ex,Sbrkr,2.2207888553356288,-0.8058476456345897,-0.11183896233236511,0.8659886146976973,-1.0896529477822716,-0.23862605398781578,Typ,Attchd,-0.9223050206288558,0.4033288092841152,0.07648970474637151,Ta,Ta,-0.7459116674968221,-0.7172050643637078,4.318891022448899,-0.10217939216911985,-0.2698934816491846,-0.07638622508638289,0.2500205308079403,-1.370011347245818,Wd,Abnorml,230000.0
1153,1.0042820713496172,-0.6437224403623983,Rm,0.057770470950840196,-1.0181389801913125,Corner,Idotrr,Norm,Norm,1fam,1story,-0.014950053313711128,2.168426529857338,-1.3479084797623098,1.0845905796635116,Gable,Compshg,Wdsdng,Wdsdng,-0.5718951461336651,Gd,Brktil,Alq,0.3124219448892747,Unf,-0.2871575004618263,-0.6940450178298929,-0.655383657673028,Ex,Sbrkr,-0.9201207602821138,-0.8058476456345897,-0.11183896233236511,-1.4753068281039714,-1.0896529477822716,-0.9323692199931181,Typ,Detchd,0.9853669567443653,-0.9824399605824299,-0.11371207163318338,Ta,Ta,-0.7459116674968221,-0.7172050643637078,1.237152862067023,-0.10217939216911985,-0.2698934816491846,-0.07638622508638289,-0.11841568718311837,0.1385272827549204,Wd,Normal,120500.0
1154,1.0066470670277297,0.05886816201502109,Rl,0.057770470950840196,1.4608519845082775,Inside,Names,Norm,Norm,1fam,2story,0.7855007178579084,0.35434574153267734,-0.1937937601455429,0.1586743237634912,Gable,Compshg,Vinylsd,Vinylsd,1.2762593420790767,Ta,Cblock,Alq,0.10003483863314477,Unf,-0.2871575004618263,-0.3813561585954758,-0.5084816127881998,Ta,Sbrkr,-0.648645155314148,1.4309630781858422,-0.11183896233236511,0.8871661614165064,1.5081281986003237,1.1488602780227886,Typ,Attchd,-0.5490648511427908,0.4033288092841152,0.18660652265032435,Ta,Ta,-0.23660138149909826,0.6738271288229779,-0.37071052595830367,-0.10217939216911985,4.975534929981962,-0.07638622508638289,-0.48685190517417704,0.1385272827549204,Wd,Normal,201800.0
1155,1.009012062705842,-0.8779193078215382,Rl,1.1857995292782049,0.5301987823957041,Corner,Veenker,Norm,Norm,1fam,1story,-0.8154008244853307,2.168426529857338,0.1689280088768695,0.9383932761003505,Gable,Compshg,Plywood,Plywood,-0.5718951461336651,Gd,Cblock,Alq,1.877512644562423,Unf,-0.2871575004618263,-0.6893073078414926,1.2451615480244367,Ta,Sbrkr,1.0401856430330805,-0.8058476456345897,-0.11183896233236511,-0.014056104506146042,0.20923762540902602,-0.23862605398781578,Typ,Attchd,-0.09288242177093359,0.4033288092841152,0.366797679220429,Ta,Ta,-0.7459116674968221,-0.36944701606703634,-0.37071052595830367,-0.10217939216911985,3.1886307457999234,-0.07638622508638289,0.2500205308079403,-0.6157420322454488,Wd,Normal,218000.0
1156,1.0113770583839545,0.5272618969333007,Rl,0.9172211820574037,0.08010797728123306,Inside,Names,Norm,Norm,1fam,Slvl,-0.8154008244853307,2.168426529857338,-0.1937937601455429,0.6947311034950819,Gable,Compshg,Brkface,Brkface,-0.5718951461336651,Gd,Pconc,Alq,0.5526216483932312,Unf,-0.2871575004618263,0.03556232038374698,0.577981427505842,Gd,Sbrkr,0.49723443309714904,-0.8058476456345897,-0.11183896233236511,-0.4187825529100526,0.20923762540902602,-0.23862605398781578,Typ,Attchd,-0.5490648511427908,0.4033288092841152,0.23665962169757562,Ta,Ta,-0.7459116674968221,0.806306385316948,-0.37071052595830367,3.427602130648753,-0.2698934816491846,-0.07638622508638289,1.3553291847811162,0.1385272827549204,Wd,Normal,179900.0
1157,1.013742054062067,1.46404936676986,Rl,-1.8222779595947676,-1.3003186175303567,Inside,Nridght,Norm,Norm,Twnhs,1story,0.7855007178579084,-0.5526946526296532,1.1911439033945772,1.1333230141845654,Gable,Compshg,Vinylsd,Vinylsd,0.49336056582229026,Ta,Pconc,Glq,1.2378229078624123,Unf,-0.2871575004618263,-0.3813561585954758,0.8687250580070645,Ex,Sbrkr,0.6519123940672691,-0.8058476456345897,-0.11183896233236511,-0.3034825763298699,-1.0896529477822716,-0.23862605398781578,Typ,Attchd,1.234193736401742,0.4033288092841152,0.8573180498834916,Ta,Ta,0.7141111523633196,0.30950917346456025,-0.37071052595830367,-0.10217939216911985,-0.2698934816491846,-0.07638622508638289,0.2500205308079403,0.8927965977552895,Wd,Normal,230000.0
1158,1.0161070497401794,-0.8779193078215382,Rl,1.2932308681665252,0.8996668339847338,Fr2,Somerst,Feedr,Norm,1fam,1story,1.5859514890295279,-0.5526946526296532,1.1911439033945772,1.1333230141845654,Gable,Compshg,Vinylsd,Vinylsd,0.6217046275037307,Ta,Pconc,Unf,-1.0478669023226053,Unf,-0.2871575004618263,2.3902041846186757,1.6828072234104872,Ex,Sbrkr,1.491592753619349,-0.8058476456345897,-0.11183896233236511,0.3224315822482646,0.20923762540902602,0.45511711201748645,Typ,Attchd,1.234193736401742,1.7890975791506603,1.8784012704474178,Ta,Ta,-0.7459116674968221,-0.31976729488179756,-0.37071052595830367,-0.10217939216911985,-0.2698934816491846,-0.07638622508638289,-0.11841568718311837,0.1385272827549204,Conld,Partial,235128.0
1159,1.0184720454182918,0.05886816201502109,Rl,0.4337801570599617,0.007103121726699684,Inside,Nwames,Norm,Norm,1fam,2story,-0.014950053313711128,0.35434574153267734,0.10297859632734,-0.5235797595312607,Hip,Compshg,Hdboard,Hdboard,1.1607496865657803,Ta,Cblock,Alq,0.06969382345369764,Unf,-0.2871575004618263,-0.26528226387966947,-0.3952446198561447,Ta,Sbrkr,-0.5192207389922109,1.4675122730195094,-0.11183896233236511,1.0189375632224293,1.5081281986003237,1.1488602780227886,Typ,Attchd,-0.1758246816567258,0.4033288092841152,0.4268613980771305,Gd,Ta,-0.7459116674968221,0.425428522896784,-0.37071052595830367,-0.10217939216911985,-0.2698934816491846,-0.07638622508638289,0.2500205308079403,0.1385272827549204,Wd,Normal,185000.0
1160,1.0208370410964043,2.4008368366064192,Rl,-2.3594346540363698,-2.163997799982032,Inside,Npkvill,Norm,Norm,Twnhs,2story,-0.014950053313711128,-0.5526946526296532,0.23487742142639906,-0.32865002144704586,Gable,Compshg,Plywood,Brkcmn,-0.5718951461336651,Ta,Cblock,Alq,-0.26152892558860025,Unf,-0.2871575004618263,-0.06392958937265845,-0.536025746204105,Fa,Sbrkr,-0.7970097301222223,0.658556760701009,-0.11183896233236511,0.03065204967800643,0.20923762540902602,0.45511711201748645,Typ,Attchd,-0.009940161885141366,0.4033288092841152,-0.07366959239538234,Ta,Ta,-0.5252105435644752,-0.7172050643637078,-0.37071052595830367,-0.10217939216911985,-0.2698934816491846,-0.07638622508638289,0.2500205308079403,1.6470659127556586,Wd,Normal,146000.0
1161,1.0232020367745167,-0.8779193078215382,Rl,0.057770470950840196,1.8030225683682208,Culdsac,Crawfor,Posn,Norm,1fam,1story,-0.014950053313711128,1.2613861356950078,-0.5565155291679553,1.035858145142458,Hip,Compshg,Hdboard,Hdboard,-0.10985652408047963,Ta,Cblock,Blq,0.7928213518971877,Unf,-0.2871575004618263,-0.007077069511855349,0.8136367911752539,Ex,Sbrkr,1.6809943384807204,-0.8058476456345897,-0.11183896233236511,0.4636152270403251,0.20923762540902602,0.45511711201748645,Typ,Detchd,0.6121267872583003,0.4033288092841152,2.34890040149158,Ta,Ta,0.17084684729908078,-0.7172050643637078,-0.37071052595830367,7.839829034171095,-0.2698934816491846,-0.07638622508638289,1.723765402772175,0.1385272827549204,Wd,Normal,224000.0
1162,1.0255670324526291,-0.8779193078215382,Rl,2.206397248717249,-0.11859219479327952,Inside,Sawyer,Norm,Norm,1fam,1story,-0.8154008244853307,-0.5526946526296532,-0.0948696413212486,-0.8159743666575829,Gable,Compshg,Vinylsd,Vinylsd,-0.5718951461336651,Ta,Cblock,Blq,0.19611472003472738,Unf,-0.2871575004618263,-0.4003069985490768,-0.41666783473518215,Gd,Sbrkr,-0.6738986999623309,-0.8058476456345897,-0.11183896233236511,-1.291768089874293,0.20923762540902602,-0.9323692199931181,Typ,Attchd,-0.4246514613141025,0.4033288092841152,-0.023616493348131064,Ta,Ta,-0.7459116674968221,-0.7172050643637078,-0.37071052595830367,-0.10217939216911985,-0.2698934816491846,-0.07638622508638289,-0.48685190517417704,-0.6157420322454488,Wd,Normal,129000.0
1163,1.0279320281307416,0.7614587643924405,Rl,-0.42567055404660176,1.206922052144683,Inside,Sawyer,Feedr,Norm,Duplex,Sfoyer,-1.6158515956569501,-1.4597350467919836,-0.061894935046483836,-0.7672419321365292,Gable,Compshg,Plywood,Plywood,-0.5718951461336651,Ta,Cblock,Glq,1.9811777797588674,Unf,-0.2871575004618263,-1.3525867062175287,0.5137117828687296,Ta,Sbrkr,0.47513758152998903,-0.8058476456345897,-0.11183896233236511,-0.435253978135793,-3.687434094164867,-0.23862605398781578,Typ,Carport,-0.38318033137120633,0.4033288092841152,-0.2738819885843875,Fa,Ta,0.27270890449862556,-0.7172050643637078,-0.37071052595830367,-0.10217939216911985,-0.2698934816491846,-0.07638622508638289,-1.9605967771384116,0.1385272827549204,Wd,Alloca,108959.0
1164,1.030297023808854,0.5272618969333007,Rl,0.057770470950840196,2.2407342892799664,Fr2,Veenker,Feedr,Norm,1fam,Slvl,-0.8154008244853307,1.2613861356950078,0.23487742142639906,-0.32865002144704586,Gable,Compshg,Plywood,Plywood,-0.5718951461336651,Ta,Pconc,Alq,0.6714572911793992,Rec,2.2234219306048146,-0.6679876128936915,1.0095061843550248,Ex,Sbrkr,1.0244021776279661,-0.8058476456345897,-0.11183896233236511,-0.025821408238817744,-1.0896529477822716,-0.9323692199931181,Typ,Attchd,-0.009940161885141366,0.4033288092841152,0.6671162735039367,Ta,Ta,0.6801571332968046,2.2635782067506187,-0.37071052595830367,-0.10217939216911985,-0.2698934816491846,-0.07638622508638289,-0.11841568718311837,-0.6157420322454488,Wd,Normal,194000.0
1165,1.0326620194869665,-0.8779193078215382,Rl,0.5949271653924424,0.14073374863304122,Inside,Nridght,Norm,Norm,1fam,1story,0.7855007178579084,-0.5526946526296532,1.2570933159441067,1.182055448705619,Gable,Compshg,Vinylsd,Vinylsd,1.1479152803976362,Ta,Pconc,Unf,-1.0478669023226053,Unf,-0.2871575004618263,2.2054334950710657,1.4440914004726415,Ex,Sbrkr,1.245370693299566,-0.8058476456345897,-0.11183896233236511,0.1388928440185861,0.20923762540902602,0.45511711201748645,Typ,Attchd,1.275664866344638,0.4033288092841152,0.9474136281685439,Ta,Ta,-0.7459116674968221,1.1706243406753658,-0.37071052595830367,-0.10217939216911985,-0.2698934816491846,-0.07638622508638289,0.9868929667900576,0.8927965977552895,New,Partial,233170.0
1166,1.035027015165079,-0.8779193078215382,Rl,-0.2108078762699609,0.4371969446675376,Corner,Collgcr,Norm,Norm,1fam,1story,1.5859514890295279,-0.5526946526296532,1.224118609669342,1.1333230141845654,Gable,Compshg,Vinylsd,Vinylsd,-0.10985652408047963,Ta,Pconc,Unf,-1.0478669023226053,Unf,-0.2871575004618263,2.6602536539574904,2.031699580011954,Ex,Sbrkr,1.8514557648559546,-0.8058476456345897,-0.11183896233236511,0.5906805073531795,0.20923762540902602,0.45511711201748645,Typ,Attchd,1.234193736401742,1.7890975791506603,1.6081145355922608,Ta,Ta,0.6122490951637748,-0.17072813132608125,-0.37071052595830367,-0.10217939216911985,-0.2698934816491846,-0.07638622508638289,-1.592160559147353,1.6470659127556586,Wd,Normal,245350.0
1167,1.0373920108431913,0.05886816201502109,Rl,-0.5331018929349223,0.5568614252938815,Inside,Gilbert,Rran,Norm,1fam,2story,-0.014950053313711128,-0.5526946526296532,0.9603209594712239,0.7434635380161356,Gable,Compshg,Vinylsd,Vinylsd,-0.5718951461336651,Ta,Pconc,Glq,0.9394695919311822,Unf,-0.2871575004618263,-0.9427747922209064,-0.21773798228697733,Ex,Sbrkr,-0.46871364969584517,0.9290208024701461,-0.11183896233236511,0.5365601101828896,0.20923762540902602,0.45511711201748645,Typ,Attchd,0.9024246968585731,0.4033288092841152,0.08650032455582177,Ta,Ta,-0.7459116674968221,-0.08792859601734995,-0.37071052595830367,-0.10217939216911985,-0.2698934816491846,-0.07638622508638289,-1.592160559147353,-1.370011347245818,Wd,Normal,173000.0
1168,1.0397570065213038,0.2930650294741609,Rl,2.7972696126030114,1.4697395321410032,Corner,Edwards,Norm,Norm,1fam,2story,-0.014950053313711128,1.2613861356950078,-1.1830349483884859,0.061209454721383796,Hip,Compshg,Stucco,Stucco,-0.5718951461336651,Ta,Cblock,Rec,0.534922722871887,Unf,-0.2871575004618263,-0.165790354123264,0.2964191748099213,Ex,Sbrkr,0.4056903337474862,1.3188788806959295,-0.11183896233236511,1.5648476564183964,1.5081281986003237,0.45511711201748645,Typ,Basment,-1.7931987494296742,0.4033288092841152,0.4268613980771305,Ta,Ta,-0.7459116674968221,-0.7172050643637078,-0.37071052595830367,-0.10217939216911985,1.4593686320753694,-0.07638622508638289,0.2500205308079403,0.1385272827549204,Wd,Normal,235000.0
1170,1.0444869978775286,0.5272618969333007,Rl,0.4337801570599617,0.24833655747211433,Inside,Mitchel,Norm,Norm,1fam,Slvl,-0.014950053313711128,0.35434574153267734,0.20190271515163427,-0.37738245596809955,Gable,Compshg,Plywood,Plywood,-0.5718951461336651,Ta,Cblock,Alq,0.2719672579833452,Unf,-0.2871575004618263,0.007136060453345427,0.20154493748846977,Ta,Sbrkr,0.033200550186789086,-0.8058476456345897,-0.11183896233236511,-0.7646824826506007,0.20923762540902602,-0.23862605398781578,Typ,Attchd,-0.05141129182803748,-0.9824399605824299,-0.4841050045828429,Ta,Ta,0.9772548001288102,-0.7172050643637078,-0.37071052595830367,-0.10217939216911985,-0.2698934816491846,-0.07638622508638289,0.2500205308079403,0.1385272827549204,Wd,Normal,171000.0
1171,1.046851993555641,-0.8779193078215382,Rl,0.4337801570599617,0.007103121726699684,Inside,Names,Norm,Norm,1fam,1story,-0.014950053313711128,0.35434574153267734,-0.42461670406889623,-1.3032987118681199,Hip,Compshg,Metalsd,Metalsd,-0.5718951461336651,Ta,Cblock,Alq,0.6259457684102285,Unf,-0.2871575004618263,0.06635743530834866,0.7065207167800667,Ex,Sbrkr,0.4846076607730576,-0.8058476456345897,-0.11183896233236511,-0.42819479589619,0.20923762540902602,-0.23862605398781578,Typ,Attchd,-0.8393627607430636,0.4033288092841152,-0.10870676172845825,Ta,Ta,-0.7459116674968221,-0.7172050643637078,-0.37071052595830367,-0.10217939216911985,5.263745282269388,2.97167559130974,1.723765402772175,0.1385272827549204,Wd,Normal,163000.0
1172,1.0492169892337535,2.4008368366064192,Fv,-1.7685622901506073,-1.6126524343375779,Inside,Somerst,Norm,Norm,Twnhse,2story,0.7855007178579084,-0.5526946526296532,1.1581691971198125,1.0845905796635116,Gable,Compshg,Metalsd,Metalsd,-0.5718951461336651,Ta,Pconc,Unf,-1.0478669023226053,Unf,-0.2871575004618263,0.12794766515755202,-1.2399313779439067,Ex,Sbrkr,-1.5230491387574794,0.7170354724348764,-0.11183896233236511,-0.45407846410806774,-1.0896529477822716,-0.9323692199931181,Typ,Detchd,1.1512514765159496,0.4033288092841152,0.8523127399787664,Ta,Ta,-0.7459116674968221,0.17702991697059017,-0.37071052595830367,-0.10217939216911985,-0.2698934816491846,-0.07638622508638289,-1.2237243411562944,0.1385272827549204,Wd,Normal,171900.0
1174,1.0539469805899784,0.2930650294741609,Rl,0.6486428348366026,2.368651492708127,Inside,Crawfor,Norm,Norm,1fam,2story,-0.014950053313711128,2.168426529857338,-1.28195906721278,-1.6931581880365496,Gable,Compshg,Wdsdng,Wdsdng,-0.5718951461336651,Ta,Brktil,Rec,0.2239273172825539,Unf,-0.2871575004618263,-0.2889708138216707,-0.23916119716601475,Ta,Sbrkr,0.19734859039997765,2.0571726163360067,-0.11183896233236511,2.122523053347035,1.5081281986003237,1.842603444028091,Typ,Detchd,-1.9176121392583625,0.4033288092841152,-0.47409438477339266,Ta,Ta,-0.7459116674968221,-0.7172050643637078,-0.37071052595830367,-0.10217939216911985,-0.2698934816491846,-0.07638622508638289,0.2500205308079403,-1.370011347245818,Wd,Normal,239000.0
1176,1.0586769719462032,-0.8779193078215382,Rl,-1.6611309512622867,-0.6813644073940955,Culdsac,Mitchel,Norm,Norm,1fam,1story,-0.8154008244853307,-0.5526946526296532,0.4327256590749876,0.01247702020033009,Gable,Compshg,Hdboard,Plywood,-0.5718951461336651,Ta,Cblock,Alq,0.615832096683746,Unf,-0.2871575004618263,-0.8361763174819007,-0.4717561015669927,Ta,Sbrkr,-0.582354600612668,-0.8058476456345897,-0.11183896233236511,-1.223529328224797,0.20923762540902602,-0.9323692199931181,Typ,Attchd,0.2388866177722353,-0.9824399605824299,-0.954604135627005,Ta,Ta,2.3269270580227785,-0.7172050643637078,-0.37071052595830367,-0.10217939216911985,-0.2698934816491846,-0.07638622508638289,1.3553291847811162,0.1385272827549204,Wd,Normal,119500.0
1177,1.0610419676243157,-0.17532870544411872,Rm,0.057770470950840196,-1.6339190661730287,Inside,Oldtown,Artery,Norm,1fam,1.5fin,-0.014950053313711128,2.168426529857338,-1.4798073048613687,0.9383932761003505,Gable,Compshg,Metalsd,Metalsd,-0.5718951461336651,Ta,Cblock,Rec,0.1354326896758331,Unf,-0.2871575004618263,-0.5234874582474836,-0.6492627391361601,Ta,Sbrkr,-0.913807374120068,0.18341722786333553,-0.11183896233236511,-0.5152580435179606,0.20923762540902602,-0.9323692199931181,Typ,Detchd,-2.166438918915739,-0.9824399605824299,-1.224890870482162,Ta,Ta,-0.7459116674968221,-0.7172050643637078,1.572124401238966,-0.10217939216911985,-0.2698934816491846,-0.07638622508638289,2.0922016207632335,0.8927965977552895,Wd,Normal,115000.0
1178,1.0634069633024281,-0.17532870544411872,Rl,-0.7479645707115631,-0.44965334411231567,Fr2,Crawfor,Norm,Norm,1fam,1.5fin,-0.8154008244853307,0.35434574153267734,-1.6446808362351926,-1.6931581880365496,Gable,Compshg,Wdsdng,Wdsdng,-0.5718951461336651,Ta,Brktil,Unf,-1.0478669023226053,Unf,-0.2871575004618263,0.3790462945427657,-0.9155226954899112,Ex,Sbrkr,-0.9074939879580223,0.4685009475659396,-0.11183896233236511,-0.23524381468037406,0.20923762540902602,0.45511711201748645,Typ,Detchd,-2.3737945686302195,-0.9824399605824299,-1.3450183081955651,Fa,Ta,0.8838812476958942,-0.7172050643637078,1.3376443238186058,-0.10217939216911985,-0.2698934816491846,-0.07638622508638289,0.2500205308079403,0.8927965977552895,Wd,Normal,154900.0
1180,1.068136954658653,0.05886816201502109,Rl,0.057770470950840196,0.6577985734084102,Corner,Timber,Norm,Norm,1fam,2story,0.7855007178579084,-0.5526946526296532,0.6305738967235762,0.30487162732665235,Gable,Compshg,Metalsd,Metalsd,-0.5718951461336651,Ta,Wood,Lwq,2.026689302528038,Unf,-0.2871575004618263,-1.3525867062175287,0.5688000497005402,Ex,Sbrkr,0.6014053047709034,2.1570737488813636,-0.11183896233236511,2.5201903195113387,1.5081281986003237,1.1488602780227886,Typ,Attchd,0.48771339742961195,0.4033288092841152,1.1926738135000752,Ta,Ta,-0.7459116674968221,-0.7172050643637078,-0.37071052595830367,-0.10217939216911985,-0.2698934816491846,-0.07638622508638289,-0.8552881231652357,-1.370011347245818,Wd,Normal,250000.0
1183,1.0752319416929903,-0.6437224403623983,Rl,-0.42567055404660176,0.5403559796902478,Inside,Oldtown,Norm,Norm,1fam,1story,-0.8154008244853307,0.35434574153267734,-1.6776555425099573,-1.6931581880365496,Hip,Compshg,Stucco,Stucco,-0.5718951461336651,Ta,Brktil,Rec,1.027964219537903,Unf,-0.2871575004618263,-0.6442990629516901,0.2749959599308839,Ex,Sbrkr,0.07108086715906337,-0.8058476456345897,-0.11183896233236511,-0.7364457536921886,-1.0896529477822716,-0.9323692199931181,Typ,Detchd,-0.34170920142831024,0.4033288092841152,1.3278171809276538,Ta,Ta,1.1979559240611573,-0.7172050643637078,-0.37071052595830367,-0.10217939216911985,-0.2698934816491846,-0.07638622508638289,-0.11841568718311837,-1.370011347245818,Wd,Normal,120000.0
1185,1.0799619330492152,-0.17532870544411872,Rl,-0.42567055404660176,0.20326399447757632,Inside,Edwards,Norm,Norm,1fam,1.5fin,-0.8154008244853307,1.2613861356950078,-1.5457567174108982,-1.6931581880365496,Gable,Compshg,Asbshng,Asbshng,-0.5718951461336651,Gd,Brktil,Blq,-0.05672707312733209,Unf,-0.2871575004618263,-0.4239955484910781,-0.7533183542629134,Gd,Sbrkr,-0.5002805805060737,-0.14308891265075802,-0.11183896233236511,-0.5223172257575636,1.5081281986003237,0.45511711201748645,Typ,Attchd,-0.5490648511427908,-0.9824399605824299,-0.3139244678221885,Ta,Ta,-0.7459116674968221,-0.7172050643637078,3.5819536362706246,-0.10217939216911985,-0.2698934816491846,-0.07638622508638289,-1.2237243411562944,-1.370011347245818,Wd,Normal,104900.0
1186,1.0823269287273276,3.103427438983839,Rl,2.0989659098289284,0.4816346828311666,Corner,Oldtown,Artery,Artery,2fmcon,2story,-2.4163023668285697,-0.5526946526296532,-2.3371496680052526,-0.7185094976154754,Gable,Compshg,Hdboard,Hdboard,-0.5718951461336651,Ta,Cblock,Blq,0.06463698759045645,Unf,-0.2871575004618263,-0.07814271933785923,-0.15958925618673284,Ta,Sbrkr,-0.295095530239588,0.8632322517695452,-0.11183896233236511,0.6024458110858512,0.20923762540902602,0.45511711201748645,Typ,Carport,-2.4152656985731156,0.4033288092841152,-0.17377579048988492,Fa,Fa,-0.7459116674968221,0.5082280582055153,-0.37071052595830367,-0.10217939216911985,-0.2698934816491846,-0.07638622508638289,0.6184567487989989,0.8927965977552895,Wd,Abnorml,95000.0
1187,1.08469192440544,-0.8779193078215382,Rl,1.1320838598340446,1.0675780017601606,Corner,Noridge,Norm,Norm,1fam,1story,1.5859514890295279,-0.5526946526296532,0.7624727218226353,0.49980136541086717,Gable,Compshg,Imstucc,Imstucc,-0.5718951461336651,Ta,Pconc,Glq,2.6335096061169807,Unf,-0.2871575004618263,-0.9546190671919071,1.8174674312215797,Ex,Sbrkr,1.6304872491843547,-0.8058476456345897,-0.11183896233236511,0.4259662550957756,-1.0896529477822716,-0.9323692199931181,Typ,Attchd,0.6535979172011964,1.7890975791506603,1.5130136474024833,Ta,Ta,-0.7459116674968221,1.1706243406753658,2.8450162500923497,-0.10217939216911985,-0.2698934816491846,-0.07638622508638289,0.2500205308079403,-1.370011347245818,Wd,Normal,262000.0
1188,1.0870569200835525,0.05886816201502109,Rl,0.004054801506679975,-0.05161817513238151,Inside,Collgcr,Norm,Norm,1fam,2story,0.7855007178579084,-0.5526946526296532,1.0262703720207533,0.8409284070582431,Gable,Compshg,Vinylsd,Vinylsd,0.03773914685317683,Ta,Pconc,Unf,-1.0478669023226053,Unf,-0.2871575004618263,0.6159317939627786,-0.6094767686465191,Ex,Sbrkr,-0.8727703640667709,1.2141045221727502,-0.11183896233236511,0.5106764419710119,0.20923762540902602,0.45511711201748645,Typ,Attchd,0.9853669567443653,0.4033288092841152,0.19161183255504946,Ta,Ta,0.4764330188977151,0.4088686158350378,-0.37071052595830367,-0.10217939216911985,-0.2698934816491846,-0.07638622508638289,0.2500205308079403,0.8927965977552895,Wd,Normal,195000.0
1189,1.089421915761665,0.05886816201502109,Rl,-0.42567055404660176,-0.5071049913095789,Inside,Gilbert,Norm,Norm,1fam,2story,0.7855007178579084,-0.5526946526296532,0.9273462531964591,0.6947311034950819,Gable,Compshg,Vinylsd,Vinylsd,-0.5718951461336651,Ta,Pconc,Unf,-1.0478669023226053,Unf,-0.2871575004618263,1.0020551580173997,-0.1106219078917901,Gd,Sbrkr,-0.25090182710526804,1.0849640337604594,-0.11183896233236511,0.849517189471957,0.20923762540902602,0.45511711201748645,Typ,Attchd,0.8609535669156769,0.4033288092841152,-0.06365897258593209,Ta,Ta,0.44247899983120015,0.27638935934106773,-0.37071052595830367,-0.10217939216911985,-0.2698934816491846,-0.07638622508638289,-0.11841568718311837,1.6470659127556586,Wd,Normal,189000.0
1191,1.0941519071178898,2.4008368366064192,Fv,-2.3594346540363698,-2.048142268341142,Inside,Somerst,Norm,Norm,Twnhs,2story,1.5859514890295279,-0.5526946526296532,0.9273462531964591,0.7434635380161356,Gable,Compshg,Metalsd,Metalsd,2.354349460203176,Ta,Pconc,Unf,-1.0478669023226053,Unf,-0.2871575004618263,0.4856447692817716,-0.7778020284103847,Ex,Sbrkr,-1.0842688004953023,0.843739347858256,-0.11183896233236511,-0.0046438615200086785,-1.0896529477822716,-0.9323692199931181,Typ,Detchd,0.8609535669156769,0.4033288092841152,0.18660652265032435,Ta,Ta,1.0027203144286965,-0.7172050643637078,-0.37071052595830367,-0.10217939216911985,-0.2698934816491846,-0.07638622508638289,1.723765402772175,-0.6157420322454488,Wd,Normal,174000.0
1192,1.0965169027960022,-0.17532870544411872,Rm,-0.42567055404660176,0.1594610811448563,Inside,Oldtown,Norm,Norm,1fam,1.5fin,-0.8154008244853307,2.168426529857338,-1.5127820111361334,0.4510689308898134,Gambrel,Compshg,Vinylsd,Vinylsd,-0.5718951461336651,Ta,Pconc,Unf,-1.0478669023226053,Unf,-0.2871575004618263,0.310349499710962,-1.0042760142744949,Gd,Sbrkr,-0.8380467401755194,0.7292185373794322,-0.11183896233236511,0.06830102162255587,0.20923762540902602,-0.23862605398781578,Typ,Detchd,-2.2079100488586354,-0.9824399605824299,-1.0246784742931567,Ta,Fa,-0.7459116674968221,-0.7172050643637078,1.0361699385638572,-0.10217939216911985,-0.2698934816491846,-0.07638622508638289,0.2500205308079403,-0.6157420322454488,Wd,Normal,125000.0
1193,1.0988818984741147,1.46404936676986,Rm,0.057770470950840196,-1.4593422376730578,Fr2,Mitchel,Norm,Norm,Twnhse,1story,-0.014950053313711128,-0.5526946526296532,0.9273462531964591,0.6947311034950819,Hip,Compshg,Vinylsd,Vinylsd,2.1554161645969434,Ta,Pconc,Glq,1.18472613129838,Unf,-0.2871575004618263,-0.5448071531952847,0.5932837238480115,Ex,Sbrkr,0.3678100167752119,-0.8058476456345897,-0.11183896233236511,-0.5152580435179606,-1.0896529477822716,-0.9323692199931181,Typ,Attchd,0.8609535669156769,0.4033288092841152,-0.2638713687749372,Ta,Ta,-0.7459116674968221,4.317006682407154,-0.37071052595830367,-0.10217939216911985,-0.2698934816491846,-0.07638622508638289,-0.11841568718311837,0.8927965977552895,Wd,Normal,165000.0
1194,1.101246894152227,0.05886816201502109,Rl,0.6486428348366026,0.08455175109759597,Corner,Sawyer,Norm,Norm,1fam,2story,-0.014950053313711128,1.2613861356950078,-0.061894935046483836,-0.7672419321365292,Gable,Compshg,Hdboard,Hdboard,0.34576489488863377,Ta,Cblock,Alq,-0.10982384969136458,Unf,-0.2871575004618263,-0.660881047911091,-1.1236339257434178,Ta,Sbrkr,-1.403094801678611,0.8729787037251897,-0.11183896233236511,-0.21406626796156497,1.5081281986003237,0.45511711201748645,Typ,Attchd,-0.38318033137120633,-0.9824399605824299,-0.7794182889616255,Ta,Ta,2.471231639055467,-0.12104841014084247,-0.37071052595830367,-0.10217939216911985,-0.2698934816491846,-0.07638622508638289,-1.2237243411562944,1.6470659127556586,Wd,Normal,158000.0
1195,1.1036118898303398,0.05886816201502109,Rl,-0.9091115790440437,-0.3391938235341521,Inside,Gilbert,Norm,Norm,1fam,2story,-0.014950053313711128,-0.5526946526296532,1.1251944908450477,0.9871257106214042,Gable,Compshg,Vinylsd,Vinylsd,-0.5718951461336651,Ta,Pconc,Unf,-1.0478669023226053,Unf,-0.2871575004618263,0.37193972956016536,-0.924704073295213,Ex,Sbrkr,-1.197909751412125,0.9680066102927245,-0.11183896233236511,0.03065204967800643,0.20923762540902602,1.1488602780227886,Typ,Attchd,1.1097803465730536,0.4033288092841152,-0.2738819885843875,Ta,Ta,0.10293880916605094,-0.31976729488179756,-0.37071052595830367,-0.10217939216911985,-0.2698934816491846,-0.07638622508638289,0.2500205308079403,0.1385272827549204,Wd,Normal,176000.0
1196,1.1059768855084522,0.05886816201502109,Rl,-0.5331018929349223,1.5732159795791678,Inside,Gilbert,Norm,Norm,1fam,2story,0.7855007178579084,-0.5526946526296532,1.1581691971198125,1.035858145142458,Gable,Compshg,Vinylsd,Vinylsd,-0.5718951461336651,Ta,Pconc,Unf,-1.0478669023226053,Unf,-0.2871575004618263,0.7296368336843849,-0.46257472376169095,Ex,Sbrkr,-0.7212490961776737,1.5917795354539777,-0.11183896233236511,0.988347773517483,1.5081281986003237,1.842603444028091,Typ,Builtin,1.1512514765159496,1.7890975791506603,1.027498586644146,Ta,Ta,0.10293880916605094,-0.4356866443140214,-0.37071052595830367,-0.10217939216911985,-0.2698934816491846,-0.07638622508638289,1.723765402772175,-1.370011347245818,New,Partial,219210.0
1197,1.1083418811865646,0.4101634632037308,Rm,-0.1570922068258007,-0.07859823044601341,Corner,Oldtown,Norm,Norm,1fam,2.5unf,0.7855007178579084,0.35434574153267734,-1.8095543676090164,-1.6931581880365496,Gable,Compshg,Metalsd,Metalsd,-0.5718951461336651,Ta,Brktil,Unf,-1.0478669023226053,Unf,-0.2871575004618263,0.5780301140555766,-0.6584441169414619,Ex,Sbrkr,-0.9232774533631366,1.326188719662663,-0.11183896233236511,0.5812682643670422,0.20923762540902602,0.45511711201748645,Typ,Detchd,-2.5811502183447,-0.9824399605824299,-1.149811221911285,Ta,Ta,-0.7459116674968221,-0.7172050643637078,5.1563198703787565,-0.10217939216911985,-0.2698934816491846,-0.07638622508638289,0.2500205308079403,-1.370011347245818,Conlw,Normal,144000.0
1198,1.110706876864677,-0.8779193078215382,Rl,0.11148614039500042,0.0007548734176098254,Inside,Collgcr,Norm,Norm,1fam,1story,0.7855007178579084,-0.5526946526296532,0.9932956657459886,0.7921959725371894,Gable,Compshg,Vinylsd,Vinylsd,-0.5718951461336651,Ta,Pconc,Unf,-1.0478669023226053,Unf,-0.2871575004618263,1.518465546753028,0.5565582126268045,Ex,Sbrkr,0.3299296998029376,-0.8058476456345897,-0.11183896233236511,-0.5434947724763727,0.20923762540902602,-0.23862605398781578,Typ,Attchd,0.9438958268014691,0.4033288092841152,0.5920366249330598,Ta,Ta,2.2759960294230064,-0.7172050643637078,-0.37071052595830367,-0.10217939216911985,-0.2698934816491846,-0.07638622508638289,-0.11841568718311837,0.8927965977552895,Wd,Normal,178000.0
1199,1.1130718725427895,-0.8779193078215382,Rl,0.3800644876158015,0.6784303804129522,Inside,Sawyer,Norm,Norm,1fam,1story,-1.6158515956569501,-0.5526946526296532,-0.2597431726950724,-0.27991758692599217,Gable,Compshg,Hdboard,Hdboard,-0.24461778884599206,Ta,Cblock,Rec,0.33517770627386007,Unf,-0.2871575004618263,-0.15868378914066364,0.06382427040894335,Gd,Sbrkr,0.8665675235768233,-0.8058476456345897,-0.11183896233236511,-0.14347444556553476,0.20923762540902602,-0.23862605398781578,Typ,Attchd,-0.1758246816567258,0.4033288092841152,0.021431295794395094,Ta,Ta,-0.7459116674968221,0.6407073146994854,-0.37071052595830367,-0.10217939216911985,-0.2698934816491846,-0.07638622508638289,1.3553291847811162,-1.370011347245818,Wd,Normal,148000.0
1200,1.115436868220902,-0.8779193078215382,Rl,0.16520180983916063,0.08106021452759654,Inside,Names,Norm,Norm,1fam,1story,-1.6158515956569501,-0.5526946526296532,-0.02892022877171907,-0.7185094976154754,Gable,Compshg,Metalsd,Metalsd,-0.5718951461336651,Ta,Cblock,Unf,-1.0478669023226053,Unf,-0.2871575004618263,0.694104008771383,-0.5084816127881998,Gd,Sbrkr,-0.7685994923930166,-0.8058476456345897,-0.11183896233236511,-1.3623599122703232,0.20923762540902602,-0.9323692199931181,Typ,Attchd,-0.258766941542518,-0.9824399605824299,-0.8745191771514029,Ta,Ta,-0.7459116674968221,-0.7172050643637078,-0.37071052595830367,-0.10217939216911985,-0.2698934816491846,-0.07638622508638289,0.2500205308079403,-1.370011347245818,Oth,Abnorml,116050.0
1201,1.1178018638990144,0.05886816201502109,Rl,0.6486428348366026,0.41339101350845064,Corner,Collgcr,Norm,Norm,1fam,2story,0.7855007178579084,-0.5526946526296532,0.8943715469216943,0.6459986689740282,Gable,Compshg,Vinylsd,Vinylsd,-0.5718951461336651,Ta,Pconc,Unf,-1.0478669023226053,Unf,-0.2871575004618263,0.6988417187597832,-0.5023606942513319,Ex,Sbrkr,-0.7622861062309708,1.4187800132412864,-0.11183896233236511,0.7906906708085985,0.20923762540902602,-0.23862605398781578,Typ,Attchd,0.8194824369727808,0.4033288092841152,0.45689325750548127,Ta,Ta,0.9348122762956665,-0.12104841014084247,-0.37071052595830367,-0.10217939216911985,-0.2698934816491846,-0.07638622508638289,-1.2237243411562944,0.8927965977552895,Wd,Normal,197900.0
1202,1.1201668595771268,-0.17532870544411872,Rm,-0.962827248488204,-0.9832236144913183,Corner,Brkside,Norm,Norm,1fam,1.5fin,-0.8154008244853307,2.168426529857338,-1.5127820111361334,0.5972662344529746,Gable,Compshg,Wdsdng,Wdsdng,-0.5718951461336651,Ta,Brktil,Unf,-1.0478669023226053,Unf,-0.2871575004618263,0.7414811086553855,-0.44727242741952133,Ex,Sbrkr,-0.7054656307725594,0.32474078122018196,-0.11183896233236511,-0.22347851094770235,0.20923762540902602,-0.9323692199931181,Typ,Detchd,-0.7564205008572713,-0.9824399605824299,-1.194859011053811,Ta,Ta,-0.7459116674968221,-0.7172050643637078,3.1129934814299043,-0.10217939216911985,-0.2698934816491846,-0.07638622508638289,-0.48685190517417704,0.8927965977552895,Wd,Normal,117000.0
1203,1.1225318552552392,-0.8779193078215382,Rl,0.3800644876158015,0.20707294346303023,Inside,Collgcr,Norm,Norm,1fam,1story,0.7855007178579084,-0.5526946526296532,0.9603209594712239,0.7921959725371894,Gable,Compshg,Vinylsd,Vinylsd,0.5254465812426503,Ta,Pconc,Unf,-1.0478669023226053,Unf,-0.2871575004618263,2.508646934328682,1.8358301868321834,Ex,Sbrkr,1.6494274076704918,-0.8058476456345897,-0.11183896233236511,0.4400846195749817,0.20923762540902602,-0.23862605398781578,Typ,Attchd,0.9024246968585731,0.4033288092841152,-0.018611183443405933,Ta,Ta,-0.11776231476629605,3.1578131880849165,-0.37071052595830367,-0.10217939216911985,-0.2698934816491846,-0.07638622508638289,1.3553291847811162,0.8927965977552895,Wd,Normal,213000.0
1204,1.1248968509333517,-0.8779193078215382,Rl,0.5412114959482822,0.3308637854902825,Inside,Nwames,Norm,Norm,1fam,1story,-0.8154008244853307,0.35434574153267734,0.13595330260210475,-0.474847325010207,Gable,Compshg,Hdboard,Hdboard,-0.5718951461336651,Ta,Cblock,Alq,0.9445264277944234,Unf,-0.2871575004618263,-0.7177335677718941,0.07912656675111296,Ex,Sbrkr,-0.10569394537821662,-0.8058476456345897,-0.11183896233236511,-0.8682171554981116,0.20923762540902602,-0.23862605398781578,Typ,Attchd,-0.1343535517138297,0.4033288092841152,0.20162245236449972,Ta,Ta,-0.7459116674968221,0.7400667570699629,-0.37071052595830367,-0.10217939216911985,-0.2698934816491846,-0.07638622508638289,0.2500205308079403,-1.370011347245818,Wd,Normal,153500.0
1206,1.1296268422895765,-0.8779193078215382,Rh,0.057770470950840196,-0.06272760967328876,Inside,Sawyerw,Norm,Norm,1fam,1story,-1.6158515956569501,-1.4597350467919836,-0.16081905387077813,-0.9134392356996903,Gable,Compshg,Hdboard,Hdboard,-0.5718951461336651,Ta,Cblock,Rec,1.6221424334687429,Unf,-0.2871575004618263,-1.3525867062175287,0.07912656675111296,Ta,Sbrkr,-0.16251442083662804,-0.8058476456345897,-0.11183896233236511,-0.9105722489357297,-1.0896529477822716,-0.9323692199931181,Typ,Detchd,-0.5075937211998947,-0.9824399605824299,-0.35396694705998955,Ta,Ta,-0.7459116674968221,-0.021688967770364925,-0.37071052595830367,-0.10217939216911985,-0.2698934816491846,-0.07638622508638289,1.723765402772175,-1.370011347245818,Wd,Normal,107000.0
1207,1.131991837967689,-0.8779193078215382,Rl,0.11148614039500042,0.011864307958517077,Inside,Collgcr,Norm,Norm,1fam,1story,-0.014950053313711128,-0.5526946526296532,1.059245078295518,0.8896608415792968,Gable,Compshg,Vinylsd,Vinylsd,0.19816922395497732,Ta,Pconc,Glq,-0.18820480557160302,Unf,-0.2871575004618263,1.8264166959990449,1.9949740687907471,Ex,Sbrkr,1.8703959233420917,-0.8058476456345897,-0.11183896233236511,0.6047988718323856,0.20923762540902602,0.45511711201748645,Typ,Attchd,1.0268380866872613,0.4033288092841152,0.44688263769603104,Ta,Ta,0.8838812476958942,-0.3363272019435438,-0.37071052595830367,-0.10217939216911985,-0.2698934816491846,-0.07638622508638289,-0.48685190517417704,-1.370011347245818,Wd,Normal,200000.0
1208,1.1343568336458014,-0.8779193078215382,Rl,0.11148614039500042,-0.4236255260450472,Inside,Names,Norm,Norm,1fam,1story,-0.8154008244853307,1.2613861356950078,-0.2927178789698372,-0.23118515240493845,Gable,Compshg,Metalsd,Metalsd,-0.5718951461336651,Gd,Cblock,Rec,0.2264557352141745,Blq,0.4063017797304939,-0.5969219630676875,-0.30343084180312707,Ta,Sbrkr,0.5540549085555605,-0.8058476456345897,-0.11183896233236511,-0.3764274594724345,0.20923762540902602,-0.23862605398781578,Typ,Detchd,0.07300209800065086,0.4033288092841152,0.25668086131647616,Ta,Ta,-0.7459116674968221,-0.7172050643637078,-0.37071052595830367,-0.10217939216911985,-0.2698934816491846,-0.07638622508638289,1.3553291847811162,0.1385272827549204,Wd,Normal,140000.0
1209,1.1367218293239139,-0.8779193078215382,Rl,0.9172211820574037,0.34419510693937116,Culdsac,Somerst,Rrnn,Norm,1fam,1story,1.5859514890295279,-0.5526946526296532,1.1581691971198125,1.035858145142458,Hip,Compshg,Vinylsd,Vinylsd,2.1233301491765832,Ta,Pconc,Glq,2.0368029742545204,Unf,-0.2871575004618263,-0.3102905087694719,1.9276439648852008,Ex,Sbrkr,1.7441282001011775,-0.8058476456345897,-0.11183896233236511,0.5106764419710119,0.20923762540902602,1.1488602780227886,Typ,Attchd,1.1512514765159496,0.4033288092841152,0.22664900188812537,Ta,Ta,1.9873868673576291,0.11079028872360513,-0.37071052595830367,-0.10217939216911985,-0.2698934816491846,-0.07638622508638289,-0.48685190517417704,-1.370011347245818,New,Partial,290000.0
1210,1.1390868250020263,0.05886816201502109,Rl,0.11148614039500042,0.6730343693502259,Inside,Sawyerw,Norm,Norm,1fam,2story,-0.014950053313711128,-0.5526946526296532,0.6965233092731058,0.35360406184770604,Gable,Compshg,Wdsdng,Wdsdng,-0.5718951461336651,Ta,Pconc,Unf,-1.0478669023226053,Unf,-0.2871575004618263,1.1465553126636077,0.07606610748267904,Ex,Sbrkr,-0.1656711139176509,1.1190766156052154,-0.11183896233236511,0.9459926800798649,0.20923762540902602,1.1488602780227886,Typ,Attchd,0.5706556573154041,0.4033288092841152,0.036447225508570484,Ta,Ta,4.644288859312422,1.005025270057903,-0.37071052595830367,-0.10217939216911985,-0.2698934816491846,0.7944885795982236,-0.48685190517417704,1.6470659127556586,Wd,Normal,189000.0
1211,1.1414518206801387,-0.17532870544411872,Rl,4.516171034816138,0.9637841419065414,Inside,Gilbert,Norm,Norm,1fam,1.5fin,1.5859514890295279,1.2613861356950078,0.5646244841740466,0.9871257106214042,Gable,Compshg,Wdsdng,Wdsdng,-0.5718951461336651,Ta,Wood,Glq,0.03176755447938872,Unf,-0.2871575004618263,-1.0398978469831117,-1.4419216896605456,Gd,Sbrkr,-0.08675378689207948,0.8315562829137003,-0.11183896233236511,0.7271580306521712,1.5081281986003237,1.1488602780227886,Typ,Basment,0.4047711375438197,0.4033288092841152,0.18660652265032435,Ta,Ta,2.0128523816575155,-0.5184861796227527,-0.37071052595830367,-0.10217939216911985,-0.2698934816491846,-0.07638622508638289,-0.11841568718311837,1.6470659127556586,Wd,Normal,164000.0
1212,1.1438168163582512,-0.6437224403623983,Rl,-0.962827248488204,0.07693385312668813,Inside,Edwards,Norm,Norm,1fam,1story,-1.6158515956569501,0.35434574153267734,-0.9851867107398973,-1.6931581880365496,Hip,Compshg,Metalsd,Metalsd,-0.5718951461336651,Ta,Cblock,Rec,-0.17809113384512065,Unf,-0.2871575004618263,-0.5756022681198865,-1.0960897923275126,Ta,Sbrkr,-1.3746845639494052,-0.8058476456345897,-0.11183896233236511,-1.8141475756049166,-1.0896529477822716,-1.6261123859984203,Typ,Attchd,-1.5443719697722975,-0.9824399605824299,-1.1047634327687588,Ta,Ta,-0.7459116674968221,1.1540644336136194,-0.37071052595830367,-0.10217939216911985,-0.2698934816491846,-0.07638622508638289,0.6184567487989989,0.8927965977552895,Wd,Normal,113000.0
1213,1.1461818120363636,0.5272618969333007,Rl,0.057770470950840196,0.36450950152845873,Culdsac,Sawyer,Norm,Norm,1fam,Slvl,-1.6158515956569501,3.075466924019669,-0.1937937601455429,0.7921959725371894,Gable,Compshg,Vinylsd,Vinylsd,-0.5718951461336651,Gd,Cblock,Glq,0.5905479173675402,Unf,-0.2871575004618263,-1.3525867062175287,-1.1695408147699267,Ex,Sbrkr,-0.4655569566148223,-0.8058476456345897,-0.11183896233236511,-1.1364660806030265,-3.687434094164867,-2.3198555520037223,Typ,Attchd,-0.5490648511427908,-0.9824399605824299,-0.4540731451544921,Ta,Ta,0.0010767519665061786,-0.7172050643637078,-0.37071052595830367,-0.10217939216911985,-0.2698934816491846,-0.07638622508638289,-0.48685190517417704,-1.370011347245818,Wd,Normal,145000.0
1214,1.148546807714476,0.6443603306628706,Rl,0.057770470950840196,0.35149559249482454,Inside,Names,Norm,Norm,1fam,Sfoyer,-0.8154008244853307,-0.5526946526296532,-0.2927178789698372,-1.108368973783905,Gable,Compshg,Metalsd,Metalsd,-0.5718951461336651,Ta,Cblock,Blq,0.934412756067941,Unf,-0.2871575004618263,-1.0185781520353105,-0.3217935974137306,Ta,Sbrkr,-0.3424459264549309,-0.8058476456345897,-0.11183896233236511,-1.044696711488187,0.20923762540902602,-0.23862605398781578,Typ,Attchd,-0.6734782409714791,-0.9824399605824299,-0.7744129790569003,Ta,Ta,0.5273640474974874,0.4751082440820228,-0.37071052595830367,-0.10217939216911985,-0.2698934816491846,-0.07638622508638289,-0.48685190517417704,-1.370011347245818,Wd,Normal,134500.0
1215,1.1509118033925885,-0.8779193078215382,Rl,1.6692405542756468,-0.635974431984103,Inside,Sawyer,Norm,Norm,1fam,1story,-0.8154008244853307,-0.5526946526296532,-0.16081905387077813,-0.9134392356996903,Gable,Compshg,Vinylsd,Vinylsd,-0.5718951461336651,Ta,Cblock,Rec,-0.5927516746308982,Lwq,2.1142663031671343,-0.5471760081894849,-0.41666783473518215,Ta,Sbrkr,-0.6738986999623309,-0.8058476456345897,-0.11183896233236511,-1.291768089874293,0.20923762540902602,-0.9323692199931181,Typ,Detchd,-0.5075937211998947,-0.9824399605824299,-0.35396694705998955,Ta,Ta,-0.7459116674968221,-0.7172050643637078,-0.37071052595830367,-0.10217939216911985,-0.2698934816491846,-0.07638622508638289,-0.48685190517417704,-0.6157420322454488,Wd,Normal,125000.0
1217,1.1556417947488133,-0.8779193078215382,Fv,0.21891747928332086,-0.14525483769145692,Inside,Somerst,Norm,Norm,1fam,1story,1.5859514890295279,-0.5526946526296532,1.2570933159441067,1.182055448705619,Gable,Compshg,Cemntbd,Cmentbd,-0.10985652408047963,Ta,Pconc,Glq,1.3187322816742715,Unf,-0.2871575004618263,-0.4903234883286817,0.8258786282489895,Ex,Sbrkr,0.6519123940672691,-0.8058476456345897,-0.11183896233236511,-0.3034825763298699,0.20923762540902602,-0.23862605398781578,Typ,Attchd,1.275664866344638,0.4033288092841152,0.48692511693383206,Ta,Ta,0.40003647599805653,1.1375045265518733,-0.37071052595830367,-0.10217939216911985,-0.2698934816491846,-0.07638622508638289,0.9868929667900576,0.8927965977552895,New,Partial,229456.0
1219,1.1603717861050382,2.4008368366064192,Rm,-2.5205816623688504,-2.3544452492547276,Inside,Brdale,Norm,Norm,Twnhs,2story,-0.014950053313711128,-0.5526946526296532,0.004054477503045694,-0.6697770630944218,Gable,Compshg,Cemntbd,Cmentbd,0.9425647817073316,Ta,Cblock,Unf,-1.0478669023226053,Unf,-0.2871575004618263,0.2392838498849581,-1.0960897923275126,Ta,Sbrkr,-1.3746845639494052,0.5245430463108959,-0.11183896233236511,-0.5293764079971666,0.20923762540902602,0.45511711201748645,Typ,Attchd,0.07300209800065086,-2.368208730448975,-2.2760059504744388,Ta,Ta,0.9602777905955527,-0.7172050643637078,-0.37071052595830367,-0.10217939216911985,-0.2698934816491846,-0.07638622508638289,-0.8552881231652357,-1.370011347245818,Wd,Abnorml,91500.0
1220,1.1627367817831507,-0.8779193078215382,Rl,-0.10337653738164046,-0.411881266673231,Inside,Names,Norm,Norm,1fam,1story,-0.8154008244853307,-0.5526946526296532,-0.22676846642030765,-1.0109041047417977,Gable,Compshg,Wdsdng,Wdsdng,-0.5718951461336651,Ta,Cblock,Rec,-0.2590005076569797,Lwq,3.565394056162175,-1.3525867062175287,-0.3615795679033716,Ta,Sbrkr,-0.6170782245039195,-0.8058476456345897,-0.11183896233236511,-1.249412996436675,-1.0896529477822716,-0.9323692199931181,Typ,Attchd,-0.590535981085687,-0.9824399605824299,-0.8344766979136019,Ta,Ta,-0.7459116674968221,-0.7172050643637078,-0.37071052595830367,-0.10217939216911985,-0.2698934816491846,-0.07638622508638289,1.723765402772175,-1.370011347245818,Wd,Abnorml,115000.0
1221,1.165101777461263,-0.8779193078215382,Rl,-0.6942489012674029,-0.2690456797187092,Inside,Sawyer,Feedr,Norm,1fam,1story,-0.8154008244853307,-0.5526946526296532,-0.0948696413212486,-0.8159743666575829,Hip,Compshg,Hdboard,Hdboard,-0.5718951461336651,Ta,Cblock,Blq,-0.41576241941745656,Lwq,2.8719347759698546,-0.8551271574355017,-0.23916119716601475,Ex,Sbrkr,0.3267730067219148,-0.8058476456345897,-0.11183896233236511,-0.545847833222907,0.20923762540902602,-0.9323692199931181,Typ,Attchd,-0.4246514613141025,-0.9824399605824299,-0.6642961611529475,Ta,Ta,-0.7459116674968221,0.3260690805263065,-0.37071052595830367,-0.10217939216911985,-0.2698934816491846,-0.07638622508638289,0.6184567487989989,0.1385272827549204,Wd,Normal,134000.0
1222,1.1674667731393755,-0.17532870544411872,Rl,0.5412114959482822,0.443862605392082,Inside,Names,Artery,Norm,1fam,1.5fin,-0.014950053313711128,0.35434574153267734,-0.7213890605417791,-1.6931581880365496,Gable,Compshg,Wdsdng,Wdsdng,1.4816098407693812,Ta,Cblock,Rec,-0.5522969877249687,Unf,-0.2871575004618263,0.6467269088873804,0.030159218456170235,Ex,Sbrkr,0.19103520423793194,0.8461759608471672,-0.11183896233236511,0.9483457408263992,0.20923762540902602,0.45511711201748645,Typ,Attchd,-1.2126029302291286,-0.9824399605824299,-0.6993333304860234,Ta,Ta,-0.7459116674968221,-0.7172050643637078,-0.37071052595830367,-0.10217939216911985,-0.2698934816491846,-0.07638622508638289,-1.9605967771384116,-0.6157420322454488,Wd,Normal,143000.0
1224,1.1721967644956004,0.05886816201502109,Rl,-0.42567055404660176,1.9953744921336434,Inside,Gilbert,Rran,Norm,1fam,2story,0.7855007178579084,-0.5526946526296532,1.092219784570283,0.9871257106214042,Gable,Compshg,Vinylsd,Vinylsd,-0.5718951461336651,Ta,Pconc,Glq,0.7827076801707054,Unf,-0.2871575004618263,-1.2009799865887205,-0.7410765171891777,Ex,Sbrkr,-1.0085081665507536,0.9046546725810346,-0.11183896233236511,0.110656115060174,0.20923762540902602,1.1488602780227886,Typ,Attchd,1.0683092166301575,0.4033288092841152,-0.33394570744108903,Ta,Ta,0.10293880916605094,0.5247879652672616,-0.37071052595830367,-0.10217939216911985,-0.2698934816491846,-0.07638622508638289,-1.592160559147353,0.1385272827549204,Wd,Normal,184000.0
1225,1.1745617601737128,0.5272618969333007,Rl,-0.1570922068258007,0.4394188315757191,Inside,Names,Norm,Norm,1fam,Slvl,-0.014950053313711128,2.168426529857338,-0.42461670406889623,-1.3032987118681199,Hip,Compshg,Vinylsd,Vinylsd,-0.1676113518371278,Gd,Cblock,Glq,0.2340409890090363,Unf,-0.2871575004618263,-1.1607094516873184,-1.3531683708759619,Ex,Sbrkr,0.09633441180724622,-0.8058476456345897,-0.11183896233236511,-0.7176212677199139,0.20923762540902602,-0.23862605398781578,Typ,Attchd,-0.8393627607430636,-0.9824399605824299,-0.954604135627005,Ta,Ta,1.1555134002280136,-0.7172050643637078,-0.37071052595830367,-0.10217939216911985,-0.2698934816491846,-0.07638622508638289,-0.11841568718311837,-0.6157420322454488,Wd,Normal,145000.0
1226,1.1769267558518253,0.05886816201502109,Rl,0.970936851501564,1.745888333586412,Culdsac,Somerst,Feedr,Norm,1fam,2story,-0.014950053313711128,-0.5526946526296532,1.1911439033945772,1.0845905796635116,Gable,Compshg,Vinylsd,Vinylsd,-0.09702211791233559,Ta,Pconc,Unf,-1.0478669023226053,Unf,-0.2871575004618263,0.7651696585973868,-0.41666783473518215,Ex,Sbrkr,-0.6738986999623309,1.7257932498440907,-0.11183896233236511,1.153062025774887,1.5081281986003237,1.842603444028091,Typ,Builtin,1.1927226064588459,1.7890975791506603,1.067541065881947,Ta,Ta,0.10293880916605094,-0.4191267372522751,-0.37071052595830367,-0.10217939216911985,-0.2698934816491846,-0.07638622508638289,-1.9605967771384116,0.1385272827549204,Wd,Normal,214000.0
1227,1.1792917515299377,-0.8779193078215382,Rl,0.21891747928332086,-0.07161515730601456,Corner,Names,Norm,Norm,1fam,1story,-0.8154008244853307,2.168426529857338,-0.1937937601455429,1.1333230141845654,Gable,Compshg,Vinylsd,Vinylsd,1.3532657790879408,Ta,Cblock,Alq,0.4565417669916486,Unf,-0.2871575004618263,-0.6016596730560878,-0.3615795679033716,Ex,Sbrkr,-0.6170782245039195,-0.8058476456345897,-0.11183896233236511,-1.249412996436675,-1.0896529477822716,-0.9323692199931181,Typ,Detchd,0.5706556573154041,0.4033288092841152,0.6070525546472352,Ta,Ta,-0.7459116674968221,3.2571726304553943,-0.37071052595830367,-0.10217939216911985,-0.2698934816491846,-0.07638622508638289,2.0922016207632335,0.1385272827549204,Wd,Normal,147000.0
1229,1.1840217428861626,0.5272618969333007,Rl,0.11148614039500042,-0.3769659009732368,Inside,Names,Norm,Norm,1fam,Slvl,-0.8154008244853307,-0.5526946526296532,-0.3586672915193667,-1.2058338428260125,Hip,Compshg,Brkface,Hdboard,-0.5718951461336651,Ta,Cblock,Alq,0.6360594401367109,Unf,-0.2871575004618263,-0.3837250135896759,0.13727529285135745,Gd,Sbrkr,1.2611541587046804,-0.8058476456345897,-0.11183896233236511,0.1506581477512578,1.5081281986003237,0.45511711201748645,Maj1,Basment,-0.7564205008572713,-0.9824399605824299,-0.253860748965487,Ta,Ta,-0.7459116674968221,-0.7172050643637078,-0.37071052595830367,-0.10217939216911985,-0.2698934816491846,-0.07638622508638289,0.6184567487989989,0.1385272827549204,Wd,Normal,127000.0
1231,1.1887517342423874,0.7614587643924405,Rl,0.11148614039500042,-0.4347349605859545,Inside,Names,Norm,Norm,Duplex,Slvl,-0.8154008244853307,0.35434574153267734,-0.2927178789698372,-1.108368973783905,Hip,Compshg,Wdsdng,Wdsdng,0.19816922395497732,Ta,Cblock,Alq,0.9824526967687324,Unf,-0.2871575004618263,-0.6348236429748897,0.23214953017280898,Ta,Sbrkr,0.2604824520204348,-0.8058476456345897,-0.11183896233236511,-0.5952621089001281,0.20923762540902602,-0.23862605398781578,Typ,Attchd,-0.6734782409714791,0.4033288092841152,0.4268613980771305,Ta,Ta,-0.7459116674968221,-0.4191267372522751,-0.37071052595830367,-0.10217939216911985,-0.2698934816491846,-0.07638622508638289,-0.48685190517417704,-1.370011347245818,Wd,Normal,132500.0
1233,1.1934817255986123,-0.8779193078215382,Rl,0.057770470950840196,0.9720368647083583,Inside,Names,Norm,Norm,1fam,1story,-0.8154008244853307,-0.5526946526296532,-0.3916419977941315,-1.2545662773470663,Hip,Compshg,Plywood,Plywood,0.5832014089992985,Ta,Cblock,Rec,1.4805510292979895,Unf,-0.2871575004618263,-0.9072419673079045,0.48310719018439047,Fa,Sbrkr,0.25416906585838905,-0.8058476456345897,-0.11183896233236511,-0.5999682303931968,0.20923762540902602,-0.23862605398781578,Typ,Attchd,-0.7978916308001675,0.4033288092841152,0.38181360893460436,Ta,Ta,-0.7459116674968221,-0.7172050643637078,-0.37071052595830367,-0.10217939216911985,-0.2698934816491846,-0.07638622508638289,-0.48685190517417704,1.6470659127556586,Cod,Abnorml,142000.0
1234,1.1958467212767248,0.2930650294741609,Rh,-0.6942489012674029,-0.18175726546872362,Inside,Swisu,Norm,Norm,1fam,2story,-0.8154008244853307,0.35434574153267734,-1.97442789898284,-1.6931581880365496,Gable,Compshg,Metalsd,Metalsd,-0.5718951461336651,Ta,Pconc,Unf,-1.0478669023226053,Unf,-0.2871575004618263,0.8741369883305928,-0.2758867083872218,Ta,Fusea,-0.26352859942935947,1.4845685639418873,-0.11183896233236511,1.2260069089174515,1.5081281986003237,0.45511711201748645,Typ,Attchd,0.07300209800065086,-2.368208730448975,-2.2760059504744388,Ta,Ta,-0.7459116674968221,2.462297091491574,-0.37071052595830367,-0.10217939216911985,-0.2698934816491846,-0.07638622508638289,1.723765402772175,0.1385272827549204,Wd,Abnorml,130000.0
1235,1.1982117169548372,0.2930650294741609,Rl,1.5080935459431661,1.2805617325301253,Inside,Crawfor,Norm,Norm,1fam,2story,-0.8154008244853307,-0.5526946526296532,-1.875503780158546,-1.6931581880365496,Gable,Compshg,Wdsdng,Wdsdng,-0.5718951461336651,Ta,Brktil,Unf,-1.0478669023226053,Unf,-0.2871575004618263,0.41694797444996784,-0.8665553471949684,Gd,Fusef,-0.6802120861243766,1.3676111404741524,-0.11183896233236511,0.8024559745412702,1.5081281986003237,1.842603444028091,Typ,Detchd,-2.6640924782304922,-0.9824399605824299,-1.3750501676239157,Fa,Fa,0.9772548001288102,-0.05480878189385744,-0.37071052595830367,-0.10217939216911985,-0.2698934816491846,-0.07638622508638289,0.2500205308079403,-1.370011347245818,Wd,Normal,138887.0
1236,1.2005767126329496,2.4008368366064192,Rl,-1.714846620706447,-2.0535382794038686,Inside,Nridght,Norm,Norm,Twnhs,2story,0.7855007178579084,-0.5526946526296532,1.059245078295518,0.8896608415792968,Gable,Compshg,Vinylsd,Wdshng,0.10832838077796905,Ta,Pconc,Unf,-1.0478669023226053,Unf,-0.2871575004618263,0.45721850935137004,-0.8145275396315917,Ex,Sbrkr,-1.0842688004953023,1.294512750806818,-0.11183896233236511,0.43067237658884433,-1.0896529477822716,-0.23862605398781578,Typ,Builtin,1.0268380866872613,0.4033288092841152,0.09651094436527202,Ta,Ta,-0.7459116674968221,-0.2700875736965588,-0.37071052595830367,-0.10217939216911985,-0.2698934816491846,-0.07638622508638289,-0.11841568718311837,1.6470659127556586,Wd,Normal,175500.0
1237,1.202941708311062,0.05886816201502109,Rl,-1.446268273485646,1.0459939575092552,Fr2,Collgcr,Norm,Norm,1fam,2story,0.7855007178579084,-0.5526946526296532,1.092219784570283,0.9871257106214042,Gable,Compshg,Vinylsd,Vinylsd,-0.5718951461336651,Ta,Pconc,Unf,-1.0478669023226053,Unf,-0.2871575004618263,0.6538334738699808,-0.5605094203515764,Ex,Sbrkr,-0.8222632747704052,1.8768632551565818,-0.11183896233236511,1.188357936972902,1.5081281986003237,1.1488602780227886,Typ,Builtin,1.0683092166301575,0.4033288092841152,-0.10370145182373312,Ta,Ta,0.10293880916605094,0.07767047460011262,-0.37071052595830367,-0.10217939216911985,-0.2698934816491846,-0.07638622508638289,0.9868929667900576,-1.370011347245818,Wd,Normal,195000.0
1238,1.2053067039891745,-0.8779193078215382,Rl,-0.2645235457141211,1.2615169876028558,Inside,Sawyerw,Rrae,Norm,1fam,1story,-0.014950053313711128,-0.5526946526296532,1.1251944908450477,0.9871257106214042,Gable,Compshg,Vinylsd,Vinylsd,-0.5718951461336651,Ta,Pconc,Unf,-1.0478669023226053,Unf,-0.2871575004618263,1.3502768421648188,0.3392656045679962,Ex,Sbrkr,0.1058044910503148,-0.8058476456345897,-0.11183896233236511,-0.7105620854803109,0.20923762540902602,-0.23862605398781578,Typ,Detchd,1.1097803465730536,0.4033288092841152,0.1465640434125233,Ta,Ta,-0.7459116674968221,-0.7172050643637078,-0.37071052595830367,-0.10217939216911985,-0.2698934816491846,-0.07638622508638289,-1.2237243411562944,-1.370011347245818,Wd,Abnorml,142500.0
1239,1.207671699667287,-0.8779193078215382,Rl,-0.2108078762699609,-0.01924210875602323,Inside,Timber,Norm,Norm,1fam,1story,1.5859514890295279,-0.5526946526296532,1.1581691971198125,1.035858145142458,Hip,Compshg,Vinylsd,Vinylsd,-0.3665446474433604,Ta,Pconc,Glq,0.03429597241100932,Unf,-0.2871575004618263,1.1299733277042068,1.3645194594933596,Ex,Sbrkr,1.1885502178411547,-0.8058476456345897,-0.11183896233236511,0.09653775058096796,-1.0896529477822716,-0.23862605398781578,Typ,Attchd,1.1512514765159496,0.4033288092841152,0.08650032455582177,Ta,Ta,0.27270890449862556,-0.17072813132608125,-0.37071052595830367,-0.10217939216911985,-0.2698934816491846,-0.07638622508638289,2.0922016207632335,-0.6157420322454488,Wd,Normal,265900.0
1240,1.2100366953453994,0.05886816201502109,Rl,-0.1570922068258007,-0.2982476219405225,Inside,Collgcr,Norm,Norm,1fam,2story,0.7855007178579084,-0.5526946526296532,1.059245078295518,0.8896608415792968,Gable,Compshg,Vinylsd,Vinylsd,1.0452400310524839,Ta,Pconc,Glq,0.34276296006872187,Unf,-0.2871575004618263,-0.5613891381546856,-0.44727242741952133,Ex,Sbrkr,-0.7054656307725594,1.3481182365628632,-0.11183896233236511,0.7648070025967206,0.20923762540902602,1.1488602780227886,Typ,Attchd,1.0268380866872613,0.4033288092841152,0.4418773277913059,Ta,Ta,-0.7459116674968221,0.3260690805263065,-0.37071052595830367,-0.10217939216911985,-0.2698934816491846,-0.07638622508638289,0.2500205308079403,0.1385272827549204,Wd,Normal,224900.0
1241,1.2124016910235118,-0.8779193078215382,Rl,0.8097898431690833,0.23849677259302504,Inside,Somerst,Norm,Norm,1fam,1story,0.7855007178579084,0.35434574153267734,1.1911439033945772,1.0845905796635116,Hip,Compshg,Vinylsd,Vinylsd,-0.5718951461336651,Ta,Pconc,Unf,-1.0478669023226053,Unf,-0.2871575004618263,2.6484093789864898,2.0163972836697845,Ex,Sbrkr,1.8356722994508403,-0.8058476456345897,-0.11183896233236511,0.5789152036205077,0.20923762540902602,0.45511711201748645,Typ,Attchd,1.1927226064588459,1.7890975791506603,2.4990596986333338,Ta,Ta,-0.7459116674968221,0.2101497310940827,-0.37071052595830367,-0.10217939216911985,-0.2698934816491846,-0.07638622508638289,-0.11841568718311837,-0.6157420322454488,New,Partial,248328.0
1242,1.2147666867016242,0.6443603306628706,Rl,0.9172211820574037,0.48480880698571155,Inside,Nwames,Norm,Norm,1fam,Sfoyer,0.7855007178579084,0.35434574153267734,0.10297859632734,-0.5235797595312607,Gable,Compshg,Plywood,Plywood,-0.05210169632383145,Ta,Cblock,Glq,1.1897829671616211,Lwq,0.7915569353928941,-1.3525867062175287,0.0699451889458112,Ta,Sbrkr,0.2068186696430462,-0.8058476456345897,-0.11183896233236511,-0.6352641415912119,0.20923762540902602,-0.23862605398781578,Typ,Attchd,-0.1758246816567258,0.4033288092841152,0.366797679220429,Ta,Ta,-0.7459116674968221,1.2699837830458434,-0.37071052595830367,-0.10217939216911985,-0.2698934816491846,-0.07638622508638289,-1.9605967771384116,1.6470659127556586,Wd,Family,170000.0
1244,1.2194966780578491,0.2930650294741609,Rl,0.057770470950840196,0.7419128635038509,Corner,Crawfor,Norm,Norm,1fam,2story,1.5859514890295279,1.2613861356950078,-1.3808831860370745,-1.6931581880365496,Gable,Compshg,Brkface,Stucco,-0.5718951461336651,Ta,Pconc,Unf,-1.0478669023226053,Unf,-0.2871575004618263,0.5235464491889736,-0.7288346801154421,Fa,Sbrkr,-0.9958813942266622,0.960696771325991,-0.11183896233236511,0.1741887552166012,0.20923762540902602,0.45511711201748645,Typ,Detchd,-1.9590832692012585,0.4033288092841152,-0.2738819885843875,Ta,Ta,-0.7459116674968221,-0.7172050643637078,-0.37071052595830367,-0.10217939216911985,-0.2698934816491846,-0.07638622508638289,-0.11841568718311837,-1.370011347245818,Wd,Normal,230000.0
1245,1.2218616737359616,0.5272618969333007,Rl,0.5412114959482822,0.9498179956265437,Inside,Nwames,Norm,Norm,1fam,Slvl,-0.014950053313711128,1.2613861356950078,0.4327256590749876,0.8896608415792968,Hip,Compshg,Vinylsd,Vinylsd,-0.09702211791233559,Ta,Cblock,Unf,-1.0478669023226053,Unf,-0.2871575004618263,0.03319346538954685,-1.3623497486812635,Ex,Sbrkr,0.10264779796929194,0.9680066102927245,-0.11183896233236511,1.0001130772501547,0.20923762540902602,0.45511711201748645,Typ,Builtin,0.2388866177722353,0.4033288092841152,0.1115268740794474,Ta,Ta,1.5290076099596777,1.1375045265518733,-0.37071052595830367,-0.10217939216911985,2.554567970767587,-0.07638622508638289,-1.9605967771384116,-0.6157420322454488,Wd,Abnorml,178000.0
1246,1.224226669414074,0.05886816201502109,Fv,-0.1570922068258007,-0.3087222316505208,Inside,Somerst,Norm,Norm,1fam,2story,0.7855007178579084,-0.5526946526296532,1.1251944908450477,1.035858145142458,Gable,Compshg,Vinylsd,Vinylsd,-0.5718951461336651,Ta,Pconc,Unf,-1.0478669023226053,Unf,-0.2871575004618263,0.43826766939776896,-0.8390112137790632,Ex,Sbrkr,-1.109522345143485,1.1361329065275936,-0.11183896233236511,0.25889894209183745,0.20923762540902602,-0.23862605398781578,Typ,Attchd,1.1097803465730536,0.4033288092841152,0.8022596409315151,Ta,Ta,-0.7459116674968221,0.027990753414873847,-0.37071052595830367,-0.10217939216911985,-0.2698934816491846,-0.07638622508638289,-1.2237243411562944,-1.370011347245818,New,Partial,186500.0
1247,1.2265916650921864,0.5272618969333007,Rl,0.057770470950840196,1.025362150504713,Inside,Mitchel,Norm,Norm,1fam,Slvl,-0.014950053313711128,-0.5526946526296532,0.1689280088768695,-0.42611489048915324,Gable,Compshg,Hdboard,Hdboard,1.5778678870304614,Ta,Cblock,Glq,0.31495036282089534,Unf,-0.2871575004618263,-0.23211829396086764,-0.05553364105997954,Ta,Sbrkr,-0.2319616686191309,-0.8058476456345897,-0.11183896233236511,-0.9623395853594853,0.20923762540902602,-0.23862605398781578,Typ,Attchd,-0.09288242177093359,1.7890975791506603,2.1687092449214753,Ta,Ta,-0.7459116674968221,-0.7172050643637078,-0.37071052595830367,-0.10217939216911985,-0.2698934816491846,-0.07638622508638289,-0.48685190517417704,1.6470659127556586,Wd,Normal,169900.0
1248,1.2289566607702989,0.4101634632037308,Rm,-0.42567055404660176,0.1594610811448563,Inside,Oldtown,Norm,Norm,1fam,2.5unf,-0.014950053313711128,-0.5526946526296532,-1.7765796613342515,-1.6931581880365496,Gable,Compshg,Asbshng,Asbshng,-0.5718951461336651,Ta,Brktil,Rec,-0.24130158213563552,Unf,-0.2871575004618263,-0.36714302863027504,-0.9032808584161754,Fa,Sbrkr,0.0837076394831548,1.445582756119309,-0.11183896233236511,1.4471946190916793,0.20923762540902602,1.1488602780227886,Typ,Detchd,-1.1711318002862325,0.4033288092841152,-0.293903228203288,Fa,Fa,-0.7459116674968221,-0.7172050643637078,3.967170906318359,-0.10217939216911985,-0.2698934816491846,-0.07638622508638289,-0.8552881231652357,0.1385272827549204,Wd,Normal,129500.0
1249,1.2313216564484113,-0.8779193078215382,Rl,-0.42567055404660176,-0.6023287159459267,Inside,Names,Norm,Norm,1fam,1story,-0.8154008244853307,1.2613861356950078,-0.6884143542670144,-1.6931581880365496,Gable,Compshg,Metalsd,Metalsd,-0.5718951461336651,Ta,Cblock,Blq,0.30230827316279235,Rec,0.3292507485980139,-0.769848377644297,-0.4717561015669927,Ta,Sbrkr,-0.3771695503461823,-0.8058476456345897,-0.11183896233236511,-1.070580379700065,0.20923762540902602,-0.23862605398781578,Typ,Attchd,-1.1711318002862325,-0.9824399605824299,-0.8945404167703035,Ta,Ta,-0.7459116674968221,0.6075875005759929,-0.37071052595830367,-0.10217939216911985,-0.2698934816491846,-0.07638622508638289,-0.48685190517417704,-0.6157420322454488,Wd,Normal,119000.0
1251,1.2360516478046362,1.46404936676986,Rl,0.057770470950840196,-1.892292772352986,Corner,Nridght,Norm,Norm,Twnhse,1story,0.7855007178579084,-0.5526946526296532,1.059245078295518,0.8896608415792968,Gable,Compshg,Vinylsd,Wdshng,0.4741089565700742,Ta,Pconc,Unf,-1.0478669023226053,Unf,-0.2871575004618263,1.9756545606336529,1.1472268514345512,Ex,Sbrkr,0.939171464440349,-0.8058476456345897,-0.11183896233236511,-0.08935404839524494,-1.0896529477822716,-0.23862605398781578,Typ,Attchd,1.0268380866872613,0.4033288092841152,0.11653218398417253,Ta,Ta,0.51038703796423,-0.12104841014084247,-0.37071052595830367,-0.10217939216911985,-0.2698934816491846,-0.07638622508638289,-1.2237243411562944,-1.370011347245818,Wd,Normal,171750.0
1252,1.2384166434827486,-0.8779193078215382,Rl,-0.31823921515828135,0.24135348433211548,Inside,Mitchel,Norm,Norm,1fam,1story,-0.8154008244853307,0.35434574153267734,-0.0948696413212486,-0.8159743666575829,Gable,Compshg,Hdboard,Hdboard,-0.5718951461336651,Ta,Cblock,Blq,0.24162624280389808,Unf,-0.2871575004618263,-0.5140120382706831,-0.5084816127881998,Ta,Sbrkr,-0.737032561582788,-0.8058476456345897,-0.11183896233236511,-1.3388293048049797,0.20923762540902602,-0.9323692199931181,Typ,Attchd,-0.4246514613141025,-0.9824399605824299,-0.8344766979136019,Ta,Ta,-0.465791010198074,-0.7172050643637078,-0.37071052595830367,-0.10217939216911985,-0.2698934816491846,1.2299259819405268,1.723765402772175,0.8927965977552895,Wd,Normal,130000.0
1253,1.240781639160861,0.05886816201502109,Rl,0.057770470950840196,2.680350484684439,Inside,Veenker,Norm,Norm,1fam,2story,0.7855007178579084,1.2613861356950078,0.10297859632734,0.8896608415792968,Gable,Compshg,Wdsdng,Wdsdng,-0.5718951461336651,Ta,Cblock,Lwq,-0.7318146608700309,Alq,6.332810257670416,-1.2673079264263243,0.49534902725812613,Ta,Sbrkr,1.289564396433886,0.7803874101465662,-0.11183896233236511,1.7036782404639226,0.20923762540902602,1.842603444028091,Typ,Attchd,-0.1758246816567258,0.4033288092841152,0.3167445801731777,Ta,Ta,1.1215593811614986,0.06111056753836636,-0.37071052595830367,-0.10217939216911985,-0.2698934816491846,-0.07638622508638289,0.2500205308079403,-0.6157420322454488,Wd,Normal,294000.0
1254,1.2431466348389735,0.05886816201502109,Rl,-0.42567055404660176,-0.6877126557031854,Inside,Edwards,Norm,Norm,1fam,2story,0.7855007178579084,-0.5526946526296532,1.059245078295518,0.9383932761003505,Gable,Compshg,Vinylsd,Vinylsd,0.018487537600960773,Ta,Pconc,Unf,-1.0478669023226053,Unf,-0.2871575004618263,0.4145791194557677,-0.8696158064634023,Ex,Sbrkr,-1.0968955728193936,1.377357592429797,-0.11183896233236511,0.5012641989848745,0.20923762540902602,0.45511711201748645,Typ,Builtin,1.0268380866872613,0.4033288092841152,-0.2888979182985629,Ta,Ta,0.765042180963092,1.4024630395398134,-0.37071052595830367,-0.10217939216911985,-0.2698934816491846,-0.07638622508638289,0.2500205308079403,0.1385272827549204,Wd,Normal,165400.0
1255,1.245511630517086,-0.17532870544411872,Rm,-0.8553959095998835,-0.90704463478224,Inside,Brkside,Norm,Norm,1fam,1.5fin,-0.014950053313711128,0.35434574153267734,-1.3149337734875448,-1.6931581880365496,Gable,Compshg,Wdsdng,Wdsdng,-0.5718951461336651,Ta,Brktil,Lwq,0.02671071861614753,Unf,-0.2871575004618263,-0.26528226387966947,-0.44727242741952133,Ta,Fusea,-0.46871364969584517,0.1882904538411578,-0.11183896233236511,-0.17877035676354988,0.20923762540902602,-0.23862605398781578,Typ,Detchd,-0.009940161885141366,-0.9824399605824299,0.5269675961716331,Ta,Ta,-0.7459116674968221,-0.7172050643637078,-0.37071052595830367,-0.10217939216911985,2.0357893366502204,-0.07638622508638289,1.723765402772175,-0.6157420322454488,Wd,Normal,127500.0
1256,1.2478766261951983,-0.8779193078215382,Rl,1.239515198722365,1.6522516710273365,Corner,Noridge,Norm,Norm,1fam,1story,1.5859514890295279,-0.5526946526296532,0.7624727218226353,0.4510689308898134,Hip,Compshg,Hdboard,Hdboard,2.983235362442234,Ta,Pconc,Glq,2.2744742598268566,Unf,-0.2871575004618263,0.2392838498849581,2.9253536863946588,Ex,Sbrkr,2.776366837595652,-0.8058476456345897,-0.11183896233236511,1.2801273060877412,-1.0896529477822716,0.45511711201748645,Typ,Attchd,0.6535979172011964,0.4033288092841152,1.182663193690625,Ta,Ta,1.4780765813599053,-0.12104841014084247,-0.37071052595830367,-0.10217939216911985,-0.2698934816491846,-0.07638622508638289,0.6184567487989989,0.1385272827549204,Wd,Normal,301500.0
1257,1.2502416218733108,-0.6437224403623983,Rl,-0.6405332318232426,-1.5990037004730346,Corner,Edwards,Feedr,Norm,1fam,1story,-0.8154008244853307,2.168426529857338,-1.6117061299604278,-1.6931581880365496,Gable,Compshg,Wdsdng,Wdsdng,-0.5718951461336651,Ta,Pconc,Unf,-1.0478669023226053,Unf,-0.2871575004618263,0.694104008771383,-0.5084816127881998,Ex,Sbrkr,-0.7685994923930166,-0.8058476456345897,-0.11183896233236511,-1.3623599122703232,-1.0896529477822716,-1.6261123859984203,Typ,Attchd,0.07300209800065086,-2.368208730448975,-2.2760059504744388,Ta,Ta,-0.7459116674968221,0.872546013563933,-0.37071052595830367,-0.10217939216911985,-0.2698934816491846,-0.07638622508638289,0.2500205308079403,0.8927965977552895,Wd,Normal,99900.0
1258,1.2526066175514232,0.5272618969333007,Rl,-0.479386223490762,0.15533471974394789,Inside,Gilbert,Norm,Norm,1fam,Slvl,0.7855007178579084,-0.5526946526296532,1.1251944908450477,0.9871257106214042,Gable,Compshg,Vinylsd,Vinylsd,0.5960358151674425,Ta,Pconc,Glq,0.6082468428888843,Unf,-0.2871575004618263,-0.8764468523833029,-0.5329652869356711,Ex,Sbrkr,0.18472181807588622,-0.8058476456345897,-0.11183896233236511,-0.6517355668169523,-1.0896529477822716,-0.9323692199931181,Typ,Attchd,1.1097803465730536,0.4033288092841152,-0.2738819885843875,Ta,Ta,1.0536513430284689,-0.7172050643637078,-0.37071052595830367,-0.10217939216911985,-0.2698934816491846,-0.07638622508638289,0.2500205308079403,0.1385272827549204,Wd,Normal,190000.0
1259,1.2549716132295357,-0.8779193078215382,Rl,-0.1570922068258007,0.20707294346303023,Fr2,Names,Norm,Norm,1fam,1story,-0.014950053313711128,2.168426529857338,-0.061894935046483836,-0.7672419321365292,Gable,Compshg,Hdboard,Hdboard,-0.5718951461336651,Ta,Cblock,Alq,0.4742406925129928,Lwq,2.5252051358736947,-1.319422736298727,0.07300564821424511,Gd,Sbrkr,-0.16882780699867375,-0.8058476456345897,-0.11183896233236511,-0.9152783704287984,0.20923762540902602,-0.23862605398781578,Typ,Attchd,-0.38318033137120633,0.4033288092841152,0.026436605699120222,Ta,Ta,0.7820191904963494,-0.7172050643637078,-0.37071052595830367,-0.10217939216911985,1.2672283972170855,-0.07638622508638289,0.2500205308079403,0.1385272827549204,Wd,Normal,151000.0
1261,1.2597016045857605,-0.8779193078215382,Rl,0.6486428348366026,0.1594610811448563,Inside,Names,Norm,Norm,1fam,1story,-0.8154008244853307,0.35434574153267734,-0.49056611661842575,-1.4007635809102275,Hip,Compshg,Metalsd,Metalsd,-0.5718951461336651,Ta,Cblock,Rec,0.2264557352141745,Unf,-0.2871575004618263,-0.0591918793842582,0.06076381114050944,Gd,Sbrkr,-0.18145457932276518,-0.8058476456345897,-0.11183896233236511,-0.9246906134149359,-1.0896529477822716,-0.9323692199931181,Typ,Attchd,-0.9223050206288558,-0.9824399605824299,-0.5842112026773455,Ta,Ta,-0.7459116674968221,-0.7172050643637078,-0.37071052595830367,-0.10217939216911985,-0.2698934816491846,-0.07638622508638289,-0.11841568718311837,0.8927965977552895,Wd,Normal,128900.0
1262,1.262066600263873,-0.17532870544411872,Rl,0.057770470950840196,0.6831915666447697,Inside,Clearcr,Norm,Norm,1fam,1.5fin,-1.6158515956569501,-0.5526946526296532,-0.457591410343661,0.2074067582845449,Gable,Compshg,Wdsdng,Wdsdng,-0.5718951461336651,Ta,Cblock,Unf,-1.0478669023226053,Unf,-0.2871575004618263,1.262629207379414,0.22602861163594115,Ex,Fusea,-0.01099315294753091,0.860795638780634,-0.11183896233236511,0.8118682175274075,2.8070187717916215,1.1488602780227886,Min2,Attchd,-0.8808338906859596,-0.9824399605824299,-0.7543917394379999,Ta,Ta,0.27270890449862556,-0.7172050643637078,-0.37071052595830367,-0.10217939216911985,-0.2698934816491846,-0.07638622508638289,1.723765402772175,0.8927965977552895,Wd,Normal,161500.0
1263,1.2644315959419854,0.2930650294741609,Rl,-0.42567055404660176,1.4021306876491961,Inside,Brkside,Norm,Norm,1fam,2story,-0.014950053313711128,0.35434574153267734,-1.710630248784722,-1.6931581880365496,Gambrel,Compshg,Wdsdng,Wdsdng,-0.5718951461336651,Ta,Pconc,Unf,-1.0478669023226053,Unf,-0.2871575004618263,0.45721850935137004,-0.8145275396315917,Ex,Fusea,-0.1498876485125366,1.0557246778935256,-0.11183896233236511,0.8965784044026437,0.20923762540902602,1.1488602780227886,Typ,Detchd,-1.5858430997151935,0.4033288092841152,0.3267551999826279,Ta,Ta,-0.7459116674968221,-0.7172050643637078,1.7396101708249374,-0.10217939216911985,-0.2698934816491846,-0.07638622508638289,0.2500205308079403,-0.6157420322454488,Wd,Normal,180500.0
1264,1.2667965916200978,1.46404936676986,Rh,-1.8222779595947676,-1.5990037004730346,Inside,Names,Norm,Norm,Twnhse,1story,-0.014950053313711128,-0.5526946526296532,0.8943715469216943,0.6947311034950819,Gable,Compshg,Metalsd,Metalsd,-0.5718951461336651,Ta,Pconc,Glq,-0.37530773251152705,Unf,-0.2871575004618263,1.3455391321764185,1.1472268514345512,Ex,Sbrkr,0.7245163349307947,-0.8058476456345897,-0.11183896233236511,-0.2493621791595801,-1.0896529477822716,-0.9323692199931181,Typ,Attchd,0.8194824369727808,0.4033288092841152,0.28170741084010176,Ta,Ta,0.4764330188977151,0.4088686158350378,-0.37071052595830367,-0.10217939216911985,-0.2698934816491846,-0.07638622508638289,0.6184567487989989,0.1385272827549204,Cod,Abnorml,181000.0
1265,1.2691615872982103,2.4008368366064192,Fv,-1.7685622901506073,-1.7021627354957447,Fr3,Somerst,Norm,Norm,Twnhse,2story,0.7855007178579084,-0.5526946526296532,0.9273462531964591,0.6947311034950819,Hip,Compshg,Metalsd,Metalsd,0.8270551261940352,Ta,Pconc,Glq,0.0899211669066624,Unf,-0.2871575004618263,-0.7816926526152976,-1.037941066227268,Ex,Sbrkr,-1.245260147627468,0.994809353170747,-0.11183896233236511,0.021239806691869065,0.20923762540902602,-0.23862605398781578,Typ,Detchd,0.8609535669156769,0.4033288092841152,0.25668086131647616,Ta,Ta,-0.7459116674968221,-0.154168224264335,-0.37071052595830367,-0.10217939216911985,-0.2698934816491846,-0.07638622508638289,-1.2237243411562944,-1.370011347245818,Wd,Normal,183900.0
1266,1.2715265829763227,3.103427438983839,Rm,-0.42567055404660176,0.32451553718119264,Inside,Oldtown,Feedr,Norm,2fmcon,2.5unf,0.7855007178579084,-1.4597350467919836,-2.007402605257605,-1.6931581880365496,Hip,Compshg,Wdsdng,Wdsdng,-0.5718951461336651,Ta,Cblock,Unf,-1.0478669023226053,Unf,-0.2871575004618263,0.8386041634175908,-0.3217935974137306,Ta,Fusef,-0.4529301842907309,1.4480193691082202,-0.11183896233236511,1.0495273529273759,1.5081281986003237,1.842603444028091,Typ,Detchd,-0.7564205008572713,-0.9824399605824299,-0.7343704998190993,Ta,Ta,-0.7459116674968221,-0.7172050643637078,4.050913791111345,-0.10217939216911985,-0.2698934816491846,-0.07638622508638289,-1.9605967771384116,-0.6157420322454488,Wd,Normal,122000.0
1269,1.27862157001066,-0.17532870544411872,Rl,0.5412114959482822,0.713028333697492,Inside,Names,Feedr,Norm,1fam,1.5fin,-0.8154008244853307,-0.5526946526296532,-0.42461670406889623,-1.3032987118681199,Gable,Compshg,Metalsd,Metalsd,0.5832014089992985,Ta,Cblock,Blq,0.11520534622286835,Unf,-0.2871575004618263,-0.37188073861867527,-0.4778770201038606,Ta,Fusea,-0.737032561582788,0.777950797157655,-0.11183896233236511,0.1906601804423416,0.20923762540902602,0.45511711201748645,Typ,Attchd,-0.8393627607430636,-0.9824399605824299,-0.6993333304860234,Ta,Ta,-0.7459116674968221,-0.7172050643637078,-0.37071052595830367,-0.10217939216911985,-0.2698934816491846,-0.07638622508638289,0.2500205308079403,-0.6157420322454488,Wd,Normal,144000.0
1271,1.2833515613668849,-0.8779193078215382,Rl,0.057770470950840196,0.01852996868306143,Inside,Nwames,Posn,Norm,1fam,1story,-0.014950053313711128,1.2613861356950078,-0.0948696413212486,-0.8159743666575829,Hip,Compshg,Brkface,Brkface,-0.5718951461336651,Ta,Cblock,Unf,-1.0478669023226053,Unf,-0.2871575004618263,2.174638380146464,1.4043054299830005,Gd,Sbrkr,1.204333683246269,-0.8058476456345897,-0.11183896233236511,0.10830305431363967,0.20923762540902602,0.45511711201748645,Typ,Attchd,-0.4246514613141025,0.4033288092841152,0.036447225508570484,Ta,Ta,-0.7459116674968221,-0.7172050643637078,-0.37071052595830367,-0.10217939216911985,-0.2698934816491846,-0.07638622508638289,0.6184567487989989,0.8927965977552895,Wd,Normal,185750.0
1272,1.2857165570449973,-0.8779193078215382,Rl,0.057770470950840196,1.4056222242191956,Culdsac,Sawyer,Norm,Norm,1fam,1story,-0.8154008244853307,0.35434574153267734,-0.1937937601455429,-0.962171670220744,Hip,Compshg,Hdboard,Plywood,0.1596660054505452,Ta,Cblock,Blq,0.36804713938492783,Lwq,2.1206872224281743,-1.3525867062175287,-0.2911890047293914,Ta,Sbrkr,-0.5444742836403937,-0.8058476456345897,-0.11183896233236511,-1.195292599266385,0.20923762540902602,-0.9323692199931181,Typ,Attchd,-0.5490648511427908,-0.9824399605824299,-0.8344766979136019,Ta,Ta,0.7820191904963494,-0.7172050643637078,-0.37071052595830367,-0.10217939216911985,-0.2698934816491846,-0.07638622508638289,1.723765402772175,-1.370011347245818,Wd,Normal,137000.0
1273,1.2880815527231098,0.5272618969333007,Rl,3.012132290379652,0.7663536194938468,Corner,Edwards,Norm,Norm,1fam,Slvl,-0.014950053313711128,1.2613861356950078,-0.3916419977941315,1.035858145142458,Gable,Compshg,Plywood,Plywood,-0.03285008707161539,Ta,Cblock,Alq,0.7700655905126024,Unf,-0.2871575004618263,-0.64193020795749,-0.034110426180942094,Gd,Sbrkr,0.7876501965512519,-0.8058476456345897,-0.11183896233236511,-0.2023009642288933,-1.0896529477822716,-0.9323692199931181,Typ,Basment,-0.7978916308001675,-0.9824399605824299,-0.7143492602001988,Ta,Ta,-0.7459116674968221,-0.7172050643637078,-0.37071052595830367,-0.10217939216911985,2.861992346540841,-0.07638622508638289,-0.48685190517417704,0.1385272827549204,Wd,Normal,177000.0
1274,1.2904465484012222,-0.17532870544411872,Rl,-0.8016802401557234,-1.1857327355512848,Corner,Crawfor,Norm,Norm,1fam,1.5fin,-0.8154008244853307,0.35434574153267734,-2.007402605257605,0.8896608415792968,Gable,Compshg,Wdsdng,Wdshng,-0.5718951461336651,Ta,Pconc,Unf,-1.0478669023226053,Unf,-0.2871575004618263,0.2132264449487567,-1.1297548442802856,Ex,Sbrkr,-1.4094081878406566,0.6293174048340752,-0.11183896233236511,-0.45407846410806774,0.20923762540902602,1.1488602780227886,Typ,Detchd,0.2803577477151314,0.4033288092841152,0.48692511693383206,Ta,Ta,1.3083064860273306,-0.7172050643637078,0.9859242076880657,-0.10217939216911985,-0.2698934816491846,-0.07638622508638289,1.723765402772175,-0.6157420322454488,Wd,Normal,139000.0
1275,1.2928115440793346,0.7614587643924405,Rl,1.4543778764990059,0.7133457461129464,Corner,Names,Feedr,Norm,Duplex,2story,-0.8154008244853307,-0.5526946526296532,-0.7543637668165439,-1.6931581880365496,Gable,Roll,Asbshng,Asbshng,3.0666590025351703,Ta,Cblock,Rec,-0.4916149573660744,Unf,-0.2871575004618263,0.3245626296761628,-0.31261221960842883,Gd,Fusea,-0.5665711352075538,1.6112724393652669,-0.11183896233236511,1.1224722360699404,1.5081281986003237,2.536346610033393,Typ,Detchd,-1.2540740601720246,0.4033288092841152,-0.2738819885843875,Ta,Fa,-0.7459116674968221,-0.7172050643637078,-0.37071052595830367,-0.10217939216911985,-0.2698934816491846,-0.07638622508638289,0.2500205308079403,-0.6157420322454488,Wd,Normal,137000.0
1276,1.295176539757447,0.05886816201502109,Rl,0.057770470950840196,1.2183488991010447,Culdsac,Nwames,Norm,Norm,1fam,2story,-0.014950053313711128,0.35434574153267734,0.03702918377781046,-0.6210446285733681,Gable,Compshg,Hdboard,Plywood,-0.5718951461336651,Ta,Cblock,Blq,0.45148493112840743,Unf,-0.2871575004618263,-1.044635556971512,-0.9400063696373825,Ta,Sbrkr,-1.175812899844965,0.8023169270467665,-0.11183896233236511,-0.11288465586058834,0.20923762540902602,-0.23862605398781578,Typ,Attchd,-0.258766941542518,0.4033288092841152,0.21163307217394997,Ta,Ta,1.7497087338920247,1.2037441547988583,-0.37071052595830367,-0.10217939216911985,-0.2698934816491846,-0.07638622508638289,2.0922016207632335,0.8927965977552895,Wd,Normal,162000.0
1278,1.299906531113672,0.05886816201502109,Rl,0.3800644876158015,0.1191497043821357,Inside,Collgcr,Norm,Norm,1fam,2story,1.5859514890295279,-0.5526946526296532,1.0262703720207533,0.8409284070582431,Gable,Compshg,Vinylsd,Vinylsd,-0.5718951461336651,Ta,Pconc,Glq,0.9849811147003529,Unf,-0.2871575004618263,-0.5850776880966869,0.2994796340783552,Ex,Sbrkr,0.06476748099701765,1.3944138833521749,-0.11183896233236511,1.3836619789352522,0.20923762540902602,0.45511711201748645,Typ,Attchd,0.9853669567443653,0.4033288092841152,0.6120578645519603,Ta,Ta,-0.7459116674968221,2.776935325664753,-0.37071052595830367,-0.10217939216911985,-0.2698934816491846,-0.07638622508638289,-1.2237243411562944,0.1385272827549204,Wd,Normal,237000.0
1279,1.3022715267917844,-0.17532870544411872,C(all),-0.42567055404660176,-0.5071049913095789,Inside,Idotrr,Norm,Norm,1fam,1.5fin,-1.6158515956569501,-1.4597350467919836,-1.6776555425099573,-1.6931581880365496,Gable,Compshg,Metalsd,Metalsd,-0.5718951461336651,Gd,Cblock,Unf,-1.0478669023226053,Unf,-0.2871575004618263,0.30087407973416147,-1.0165178513482305,Ta,Fusea,-1.2926105438428108,0.241895939597203,-0.11183896233236511,-0.7411518751852573,-1.0896529477822716,-0.23862605398781578,Typ,Detchd,0.07300209800065086,0.4033288092841152,0.366797679220429,Ta,Ta,-0.4912565244979602,-0.7172050643637078,2.3760560952516294,-0.10217939216911985,-0.2698934816491846,-0.07638622508638289,-0.8552881231652357,1.6470659127556586,Cod,Abnorml,68400.0
1280,1.3046365224698968,-0.8779193078215382,Rl,-0.049660867937480244,0.22548286355939082,Inside,Collgcr,Norm,Norm,1fam,1story,0.7855007178579084,-0.5526946526296532,1.0262703720207533,0.8409284070582431,Gable,Compshg,Vinylsd,Vinylsd,0.13399719311425715,Ta,Pconc,Glq,0.9445264277944234,Unf,-0.2871575004618263,0.5069644642295728,1.6613840085314497,Ex,Sbrkr,1.469495902052189,-0.8058476456345897,-0.11183896233236511,0.30596015702252427,0.20923762540902602,-0.23862605398781578,Typ,Attchd,0.9853669567443653,0.4033288092841152,0.44688263769603104,Ta,Ta,-0.7459116674968221,0.4751082440820228,-0.37071052595830367,-0.10217939216911985,-0.2698934816491846,-0.07638622508638289,-1.2237243411562944,0.8927965977552895,Wd,Normal,227000.0
1281,1.3070015181480092,-0.8779193078215382,Rl,-0.962827248488204,-0.33284557522506225,Culdsac,Timber,Norm,Norm,1fam,1story,0.7855007178579084,-0.5526946526296532,0.6305738967235762,0.2561391928055986,Hip,Compshg,Hdboard,Hdboard,-0.225366179593776,Ta,Cblock,Alq,1.6145571796738811,Unf,-0.2871575004618263,-0.7461598277022957,0.8534227616648948,Ta,Sbrkr,0.7308297210928405,-0.8058476456345897,-0.11183896233236511,-0.2446560576665114,-1.0896529477822716,-0.23862605398781578,Typ,Attchd,0.48771339742961195,0.4033288092841152,0.1465640434125233,Gd,Gd,-0.7459116674968221,0.2432695452175752,-0.37071052595830367,-0.10217939216911985,1.4593686320753694,-0.07638622508638289,0.2500205308079403,-1.370011347245818,Wd,Normal,180000.0
1282,1.3093665138261217,-0.8779193078215382,Rl,-0.3719548846024416,-0.09446885121873806,Inside,Collgcr,Norm,Norm,1fam,1story,-0.8154008244853307,1.2613861356950078,0.20190271515163427,1.1333230141845654,Gable,Compshg,Hdboard,Hdboard,-0.5718951461336651,Ta,Cblock,Lwq,0.29725143729955117,Rec,0.6374548731279339,-0.4903234883286817,0.030159218456170235,Ta,Sbrkr,-0.21302151013299375,-0.8058476456345897,-0.11183896233236511,-0.9482212208802793,0.20923762540902602,-0.9323692199931181,Typ,Detchd,-0.05141129182803748,0.4033288092841152,0.1465640434125233,Ta,Ta,-0.7459116674968221,-0.7172050643637078,-0.37071052595830367,-0.10217939216911985,5.263745282269388,-0.07638622508638289,0.9868929667900576,0.8927965977552895,Wd,Normal,150500.0
1283,1.3117315095042341,0.7614587643924405,Rl,1.4006622070548456,0.09597859805395771,Corner,Mitchel,Norm,Norm,Duplex,2story,-0.014950053313711128,-0.5526946526296532,0.004054477503045694,-0.6697770630944218,Mansard,Compshg,Metalsd,Wdshng,-0.5718951461336651,Ta,Cblock,Unf,-1.0478669023226053,Unf,-0.2871575004618263,0.8078090484929892,-0.3615795679033716,Ta,Sbrkr,-0.6170782245039195,1.4163434002523752,-0.11183896233236511,0.8965784044026437,1.5081281986003237,1.1488602780227886,Typ,Attchd,0.07300209800065086,-2.368208730448975,-2.2760059504744388,Ta,Ta,0.3406169426316554,-0.7172050643637078,-0.37071052595830367,-0.10217939216911985,-0.2698934816491846,-0.07638622508638289,-0.8552881231652357,1.6470659127556586,Wd,Normal,139000.0
1284,1.3140965051823466,-0.17532870544411872,Rl,-0.962827248488204,0.17152275293212702,Inside,Swisu,Feedr,Norm,1fam,1.5fin,-0.014950053313711128,1.2613861356950078,-1.710630248784722,0.2561391928055986,Gable,Compshg,Wdsdng,Wdshng,-0.5718951461336651,Ta,Pconc,Unf,-1.0478669023226053,Unf,-0.2871575004618263,0.5519727091193752,-0.692109168894235,Ex,Sbrkr,1.867239230261069,1.0167388700709474,-0.11183896233236511,2.3625352494935377,1.5081281986003237,2.536346610033393,Min2,Detchd,-0.38318033137120633,-0.9824399605824299,-0.5942218224867958,Ta,Ta,1.5629616290261925,-0.7172050643637078,0.3327297063027767,-0.10217939216911985,1.958933242706907,-0.07638622508638289,-1.2237243411562944,1.6470659127556586,Wd,Normal,169000.0
1285,1.316461500860459,-0.17532870544411872,Rm,-0.962827248488204,-0.9832236144913183,Inside,Brkside,Norm,Norm,1fam,1.5fin,-0.014950053313711128,0.35434574153267734,-1.0511361232894267,-1.6931581880365496,Gable,Compshg,Metalsd,Metalsd,-0.5718951461336651,Fa,Cblock,Unf,-1.0478669023226053,Unf,-0.2871575004618263,0.4951201892585721,-0.7655601913366491,Ex,Fusef,-0.891710522552908,0.6244441788562529,-0.11183896233236511,-0.07288262316950456,1.5081281986003237,-0.23862605398781578,Typ,Detchd,-1.6273142296580896,-0.9824399605824299,-0.8745191771514029,Ta,Ta,-0.36392895299852923,-0.7172050643637078,-0.37071052595830367,-0.10217939216911985,-0.2698934816491846,-0.07638622508638289,-0.48685190517417704,0.8927965977552895,Wd,Normal,132500.0
1286,1.3188264965385716,-0.8779193078215382,Rl,0.057770470950840196,0.21976944008120997,Inside,Nwames,Feedr,Norm,1fam,1story,-0.014950053313711128,-0.5526946526296532,-0.2597431726950724,-1.0596365392628515,Hip,Compshg,Hdboard,Hdboard,2.322263444782816,Ta,Cblock,Alq,0.3908029007695132,Rec,0.23293695968241385,0.2534969798501589,0.9115714877651393,Ta,Sbrkr,0.696106097201589,-0.8058476456345897,-0.11183896233236511,-0.27053972587838915,0.20923762540902602,-0.23862605398781578,Typ,Attchd,-0.632007111028583,0.4033288092841152,0.366797679220429,Ta,Ta,-0.7459116674968221,-0.28664748075830504,-0.37071052595830367,-0.10217939216911985,-0.2698934816491846,-0.07638622508638289,-0.11841568718311837,1.6470659127556586,Wd,Normal,143000.0
1288,1.3235564878947965,1.46404936676986,Rl,-1.499983942929806,-1.089874186084028,Inside,Stonebr,Norm,Norm,Twnhse,1story,1.5859514890295279,-0.5526946526296532,0.9603209594712239,0.7434635380161356,Gable,Compshg,Cemntbd,Cmentbd,-0.5718951461336651,Ta,Pconc,Glq,1.8800410624940436,Unf,-0.2871575004618263,-0.5400694432068844,1.4410309412042075,Ex,Sbrkr,1.7409715070201546,-0.8058476456345897,-0.11183896233236511,0.5083233812244775,-1.0896529477822716,-0.9323692199931181,Typ,Attchd,0.9024246968585731,0.4033288092841152,0.22164369198340023,Ta,Ta,1.0536513430284689,0.25982945227932147,-0.37071052595830367,-0.10217939216911985,-0.2698934816491846,-0.07638622508638289,1.3553291847811162,0.8927965977552895,Wd,Normal,278000.0
1289,1.325921483572909,0.05886816201502109,Rl,0.970936851501564,0.6244702697856884,Inside,Nridght,Norm,Norm,1fam,2story,1.5859514890295279,-0.5526946526296532,1.1581691971198125,1.035858145142458,Gable,Compshg,Vinylsd,Vinylsd,4.484860884115086,Ta,Pconc,Unf,-1.0478669023226053,Unf,-0.2871575004618263,1.2176209624896115,0.16787988553569666,Ex,Sbrkr,0.0395139363488348,1.2652733949398842,-0.11183896233236511,1.2401252733966575,0.20923762540902602,1.1488602780227886,Typ,Builtin,1.1512514765159496,1.7890975791506603,1.492992407783583,Ta,Ta,0.7565536761964632,0.5082280582055153,-0.37071052595830367,-0.10217939216911985,-0.2698934816491846,-0.07638622508638289,1.3553291847811162,-1.370011347245818,New,Partial,281000.0
1290,1.3282864792510214,0.5272618969333007,Rl,0.057770470950840196,1.5916258996755284,Corner,Names,Norm,Norm,1fam,Slvl,-0.8154008244853307,1.2613861356950078,-0.22676846642030765,-1.0109041047417977,Hip,Compshg,Wdsdng,Hdboard,-0.020015680903471347,Ta,Pconc,Glq,1.515948880340678,Unf,-0.2871575004618263,-1.025684717017911,0.37293065652076934,Ta,Sbrkr,0.14052811494156622,-0.8058476456345897,-0.11183896233236511,-0.684678417268433,0.20923762540902602,-0.23862605398781578,Typ,Attchd,-0.590535981085687,0.4033288092841152,0.1465640434125233,Ta,Ta,1.1809789145278997,-0.7172050643637078,-0.37071052595830367,-0.10217939216911985,-0.2698934816491846,-0.07638622508638289,-0.8552881231652357,1.6470659127556586,Wd,Normal,180500.0
1291,1.3306514749291338,2.4008368366064192,Rm,-2.5205816623688504,-2.3544452492547276,Inside,Brdale,Norm,Norm,Twnhs,2story,-0.8154008244853307,1.2613861356950078,0.03702918377781046,-0.6210446285733681,Gable,Compshg,Cemntbd,Cmentbd,1.1479152803976362,Ta,Cblock,Alq,-0.4638023601182478,Unf,-0.2871575004618263,-0.40741356353167724,-1.2246290816017371,Ta,Sbrkr,-1.507265673352365,0.8315562829137003,-0.11183896233236511,-0.33171930528828203,0.20923762540902602,-0.23862605398781578,Typ,Detchd,-0.258766941542518,-0.9824399605824299,-0.954604135627005,Ta,Ta,0.824461714329493,-0.7172050643637078,-0.37071052595830367,-0.10217939216911985,-0.2698934816491846,-0.07638622508638289,-1.592160559147353,0.8927965977552895,Wd,Normal,119500.0
1292,1.3330164706072463,0.2930650294741609,Rm,-0.42567055404660176,-0.7927761652186225,Corner,Oldtown,Norm,Norm,1fam,2story,-0.8154008244853307,-1.4597350467919836,-2.600947318203371,-0.962171670220744,Gable,Compshg,Wdsdng,Wdsdng,-0.5718951461336651,Ta,Stone,Unf,-1.0478669023226053,Unf,-0.2871575004618263,1.0020551580173997,-0.1106219078917901,Ta,Sbrkr,0.8539407512527318,1.6161456653430892,-0.11183896233236511,2.1860556935034623,1.5081281986003237,3.2300897760386955,Min2,Attchd,0.2803577477151314,-0.9824399605824299,-0.11371207163318338,Ta,Ta,-0.7459116674968221,4.035488262357468,-0.37071052595830367,-0.10217939216911985,-0.2698934816491846,-0.07638622508638289,2.0922016207632335,0.8927965977552895,Wd,Normal,107500.0
1293,1.3353814662853587,0.05886816201502109,Rl,0.5412114959482822,0.3308637854902825,Inside,Nwames,Norm,Norm,1fam,2story,0.7855007178579084,-0.5526946526296532,0.1689280088768695,-0.42611489048915324,Gable,Compshg,Hdboard,Hdboard,-0.5718951461336651,Ta,Pconc,Glq,-0.5573538235882098,Unf,-0.2871575004618263,0.1587427800821537,-0.6064163093780852,Ta,Sbrkr,-0.869613670985748,1.2214143611394837,-0.11183896233236511,0.5200886849571492,1.5081281986003237,1.1488602780227886,Typ,Attchd,-0.09288242177093359,0.4033288092841152,0.366797679220429,Ta,Ta,-0.7459116674968221,-0.2535276666348125,-0.37071052595830367,-0.10217939216911985,4.706538601180365,-0.07638622508638289,-1.2237243411562944,-1.370011347245818,Wd,Normal,162900.0
1294,1.3377464619634711,-0.8779193078215382,Rl,-0.42567055404660176,-0.2938038481241596,Inside,Edwards,Norm,Norm,1fam,1story,-0.8154008244853307,1.2613861356950078,-0.5235408228931906,0.2561391928055986,Hip,Compshg,Wdshing,Plywood,-0.5718951461336651,Ta,Cblock,Rec,-0.6256211077419659,Unf,-0.2871575004618263,0.29850522473996133,-0.5084816127881998,Ta,Sbrkr,-0.7685994923930166,-0.8058476456345897,-0.11183896233236511,-1.3623599122703232,-1.0896529477822716,-0.9323692199931181,Typ,Detchd,-0.8808338906859596,0.4033288092841152,0.5870313150283346,Ta,Ta,-0.7459116674968221,-0.7172050643637078,-0.37071052595830367,-0.10217939216911985,-0.2698934816491846,-0.07638622508638289,-0.8552881231652357,-1.370011347245818,Wd,Normal,115000.0
1295,1.3401114576415836,-0.8779193078215382,Rl,0.11148614039500042,-0.22143381740053522,Inside,Names,Feedr,Norm,1fam,1story,-0.8154008244853307,-0.5526946526296532,-0.0948696413212486,-0.8159743666575829,Hip,Compshg,Hdboard,Hdboard,0.5061949719904343,Ta,Cblock,Blq,1.5210057162039192,Unf,-0.2871575004618263,-1.2673079264263243,0.06688472967737728,Gd,Sbrkr,-0.17514119316071947,-0.8058476456345897,-0.11183896233236511,-0.9199844919218672,0.20923762540902602,-0.9323692199931181,Typ,Attchd,-0.4246514613141025,-0.9824399605824299,-0.8344766979136019,Ta,Ta,2.2759960294230064,-0.7172050643637078,-0.37071052595830367,-0.10217939216911985,-0.2698934816491846,-0.07638622508638289,1.723765402772175,-1.370011347245818,Wd,Normal,138500.0
1296,1.342476453319696,-0.8779193078215382,Rl,0.6486428348366026,-0.12621009276418735,Inside,Names,Norm,Norm,1fam,1story,-0.8154008244853307,0.35434574153267734,-0.2597431726950724,-1.0596365392628515,Hip,Compshg,Metalsd,Metalsd,0.37785091030899387,Gd,Cblock,Alq,0.9141854126149763,Unf,-0.2871575004618263,-0.5377005882126843,0.2749959599308839,Gd,Sbrkr,0.06476748099701765,-0.8058476456345897,-0.11183896233236511,-0.7411518751852573,0.20923762540902602,-0.23862605398781578,Typ,Attchd,-0.632007111028583,0.4033288092841152,0.35178174950625357,Ta,Ta,0.8838812476958942,-0.3860069231287826,1.689364439949146,-0.10217939216911985,-0.2698934816491846,-0.07638622508638289,2.0922016207632335,0.1385272827549204,Wd,Normal,155000.0
1297,1.3448414489978084,2.8692305715246986,Rm,-1.7685622901506073,-1.7212074804230144,Inside,Edwards,Norm,Norm,Twnhse,Sfoyer,-0.014950053313711128,-0.5526946526296532,1.1251944908450477,1.035858145142458,Gable,Compshg,Vinylsd,Vinylsd,-0.04568449323975943,Ta,Pconc,Glq,0.33517770627386007,Unf,-0.2871575004618263,-1.3525867062175287,-1.4786472008817526,Gd,Sbrkr,-0.11200733154026234,-0.8058476456345897,-0.11183896233236511,-0.8729232769911803,-1.0896529477822716,-0.9323692199931181,Typ,Basment,1.1097803465730536,0.4033288092841152,0.35178174950625357,Ta,Ta,-0.7459116674968221,0.011430846353127591,-0.37071052595830367,-0.10217939216911985,-0.2698934816491846,-0.07638622508638289,-0.11841568718311837,-1.370011347245818,New,Partial,140000.0
1299,1.3495714403540333,-0.8779193078215382,Rl,0.3800644876158015,-0.5071049913095789,Inside,Names,Norm,Norm,1fam,1story,-0.8154008244853307,1.2613861356950078,-0.3916419977941315,0.4510689308898134,Hip,Compshg,Brkface,Brkface,-0.5718951461336651,Ta,Cblock,Lwq,-0.18820480557160302,Rec,5.530195350040415,-1.3525867062175287,0.6606138277535578,Ex,Sbrkr,0.4372572645577148,-0.8058476456345897,-0.11183896233236511,-0.4634907070942051,0.20923762540902602,-0.23862605398781578,Typ,Attchd,-0.7978916308001675,-0.9824399605824299,-0.7493864295332747,Ta,Ta,1.1045823716282412,-0.7172050643637078,-0.37071052595830367,-0.10217939216911985,-0.2698934816491846,-0.07638622508638289,-0.48685190517417704,1.6470659127556586,Wd,Normal,154000.0
1300,1.3519364360321457,0.05886816201502109,Rl,0.057770470950840196,0.528294307902977,Culdsac,Gilbert,Norm,Norm,1fam,2story,0.7855007178579084,-0.5526946526296532,0.9273462531964591,0.6947311034950819,Gable,Compshg,Vinylsd,Vinylsd,1.6356227147871096,Ta,Pconc,Glq,0.7068551422220876,Unf,-0.2871575004618263,-0.6798318878646921,-0.15958925618673284,Ex,Sbrkr,-0.32350576796879377,1.5771598575205108,-0.11183896233236511,1.270715063101604,0.20923762540902602,1.842603444028091,Typ,Attchd,0.8609535669156769,0.4033288092841152,0.1765959028408741,Ta,Ta,-0.7459116674968221,-0.7172050643637078,-0.37071052595830367,-0.10217939216911985,-0.2698934816491846,-0.07638622508638289,-0.48685190517417704,0.8927965977552895,Wd,Normal,225000.0
1301,1.3543014317102582,0.2930650294741609,Rl,0.057770470950840196,-0.5071049913095789,Inside,Crawfor,Norm,Norm,1fam,2story,-0.014950053313711128,1.2613861356950078,-0.9522120044651324,-1.6931581880365496,Gable,Compshg,Wdsdng,Wdsdng,-0.5718951461336651,Ta,Cblock,Blq,0.33517770627386007,Unf,-0.2871575004618263,-0.8219631875166998,-0.7931043247525543,Fa,Sbrkr,-1.1189924243865537,0.9996825791485694,-0.11183896233236511,0.12006835804631137,0.20923762540902602,0.45511711201748645,Typ,Attchd,-1.5029008398294013,-0.9824399605824299,-1.2098749407679865,Ta,Ta,-0.7459116674968221,-0.7172050643637078,-0.37071052595830367,-0.10217939216911985,4.034047779176372,-0.07638622508638289,1.723765402772175,0.8927965977552895,Wd,Normal,177500.0
1302,1.3566664273883706,0.05886816201502109,Rl,1.2932308681665252,0.32451553718119264,Inside,Noridge,Norm,Norm,1fam,2story,1.5859514890295279,-0.5526946526296532,0.7624727218226353,0.4510689308898134,Hip,Compshg,Vinylsd,Vinylsd,1.9372312597384946,Ta,Pconc,Glq,0.8231623670766348,Unf,-0.2871575004618263,-0.34582333368247387,0.4127166270104103,Ex,Sbrkr,0.3015194620737319,2.417791338694856,-0.11183896233236511,2.5484270484697507,1.5081281986003237,1.1488602780227886,Typ,Attchd,0.6535979172011964,1.7890975791506603,1.9484756091135695,Ta,Ta,1.8770363053914556,0.5744676864525003,-0.37071052595830367,-0.10217939216911985,-0.2698934816491846,-0.07638622508638289,2.0922016207632335,-1.370011347245818,Wd,Normal,290000.0
1303,1.359031423066483,-0.8779193078215382,Rl,0.27263314872748107,-0.13001904174964127,Inside,Somerst,Norm,Norm,1fam,1story,0.7855007178579084,-0.5526946526296532,1.1251944908450477,0.9871257106214042,Gable,Compshg,Vinylsd,Vinylsd,0.8912271570347554,Ta,Pconc,Unf,-1.0478669023226053,Unf,-0.2871575004618263,2.4754829644098804,1.7929837570741083,Ex,Sbrkr,1.6052337045361718,-0.8058476456345897,-0.11183896233236511,0.4071417691235009,0.20923762540902602,0.45511711201748645,Typ,Attchd,1.1097803465730536,1.7890975791506603,1.8984225100663183,Ta,Ta,1.0196973239619538,0.25982945227932147,-0.37071052595830367,-0.10217939216911985,-0.2698934816491846,-0.07638622508638289,-0.8552881231652357,-1.370011347245818,Wd,Normal,232000.0
1304,1.3613964187445955,2.4008368366064192,Rm,-1.929709298483088,-1.820240154044816,Inside,Edwards,Norm,Norm,Twnhse,2story,0.7855007178579084,-0.5526946526296532,1.092219784570283,0.9383932761003505,Gable,Compshg,Vinylsd,Vinylsd,0.17891761470276127,Ta,Pconc,Unf,-1.0478669023226053,Unf,-0.2871575004618263,0.9594157681217974,-0.16571017472360067,Ex,Sbrkr,-0.4150498673184566,0.977753062248369,-0.11183896233236511,0.6236233578046603,0.20923762540902602,0.45511711201748645,Maj1,Detchd,1.0683092166301575,0.4033288092841152,-0.37398818667889006,Ta,Ta,-0.7459116674968221,-0.05480878189385744,-0.37071052595830367,-0.10217939216911985,-0.2698934816491846,-0.07638622508638289,-0.8552881231652357,-1.370011347245818,Wd,Normal,130000.0
1305,1.363761414422708,-0.8779193078215382,Rl,2.152681579273089,1.2935756415637596,Corner,Nridght,Norm,Norm,1fam,1story,2.386402260201147,-0.5526946526296532,1.1581691971198125,1.0845905796635116,Hip,Compshg,Vinylsd,Vinylsd,1.3532657790879408,Ta,Pconc,Glq,2.92680608618497,Unf,-0.2871575004618263,-1.1630783066815185,1.9031602907377294,Ex,Sbrkr,1.7188746554529948,-0.8058476456345897,-0.11183896233236511,0.49185195599873716,-1.0896529477822716,-0.23862605398781578,Typ,Attchd,1.1512514765159496,0.4033288092841152,1.9284543694946692,Ta,Ta,2.683444258221185,0.9719054559344106,-0.37071052595830367,-0.10217939216911985,-0.2698934816491846,-0.07638622508638289,1.723765402772175,0.8927965977552895,Wd,Normal,325000.0
1306,1.3661264101008204,1.46404936676986,Rl,-1.0702585873765245,-0.6800947577322776,Inside,Nridght,Norm,Norm,Twnhse,1story,0.7855007178579084,-0.5526946526296532,1.1251944908450477,1.035858145142458,Gable,Compshg,Vinylsd,Vinylsd,0.03132194376910481,Ta,Pconc,Unf,-1.0478669023226053,Unf,-0.2871575004618263,1.8880069258482481,1.033989858502496,Ex,Sbrkr,0.8223738204425033,-0.8058476456345897,-0.11183896233236511,-0.17641729601701553,-1.0896529477822716,-0.23862605398781578,Typ,Attchd,1.1097803465730536,0.4033288092841152,0.09651094436527202,Ta,Ta,0.37457096169817033,-0.13760831720258873,-0.37071052595830367,-0.10217939216911985,-0.2698934816491846,-0.07638622508638289,0.9868929667900576,-1.370011347245818,New,Partial,202500.0
1307,1.3684914057789328,-0.8779193078215382,Rl,-0.42567055404660176,-0.32554508966960893,Inside,Collgcr,Norm,Norm,1fam,1story,-0.8154008244853307,-0.5526946526296532,0.7624727218226353,0.49980136541086717,Gable,Compshg,Vinylsd,Vinylsd,-0.5718951461336651,Gd,Pconc,Alq,0.8383328746663584,Unf,-0.2871575004618263,-0.7745860876326973,-0.12286374496552578,Ex,Sbrkr,-0.3708561641841366,-0.8058476456345897,-0.11183896233236511,-1.0658742582069962,0.20923762540902602,-0.9323692199931181,Typ,Detchd,0.9024246968585731,0.4033288092841152,0.1265428037936228,Ta,Ta,-0.7459116674968221,0.34262898758805277,-0.37071052595830367,-0.10217939216911985,-0.2698934816491846,-0.07638622508638289,-0.48685190517417704,0.8927965977552895,Wd,Normal,138000.0
1308,1.3708564014570452,-0.8779193078215382,Rm,1.722956223719807,0.9212508782356393,Inside,Oldtown,Norm,Norm,1fam,1story,-0.8154008244853307,1.2613861356950078,-0.7543637668165439,0.9871257106214042,Gable,Compshg,Metalsd,Metalsd,-0.5718951461336651,Ta,Cblock,Glq,-0.6837747201692396,Alq,3.616761410250495,-0.9451436472151066,-0.32485405668216455,Ex,Sbrkr,0.045827322510880515,-0.8058476456345897,-0.11183896233236511,-0.7552702396644633,-1.0896529477822716,-0.23862605398781578,Typ,Attchd,-1.2540740601720246,0.4033288092841152,0.366797679220429,Ta,Ta,-0.7459116674968221,-0.12104841014084247,-0.37071052595830367,-0.10217939216911985,-0.2698934816491846,-0.07638622508638289,-0.48685190517417704,0.1385272827549204,Wd,Normal,147000.0
1309,1.3732213971351577,-0.8779193078215382,Rl,0.057770470950840196,-0.617247099472288,Inside,Sawyerw,Norm,Norm,1fam,1story,-0.014950053313711128,-0.5526946526296532,0.663548602998341,0.30487162732665235,Gable,Compshg,Hdboard,Hdboard,-0.007181274735327308,Ta,Cblock,Glq,1.9862346156221087,Unf,-0.2871575004618263,-1.1678160166699187,0.7585485243434433,Gd,Sbrkr,0.5887785324468119,-0.8058476456345897,-0.11183896233236511,-0.35054379126055674,0.20923762540902602,-0.23862605398781578,Typ,Attchd,0.5291845273725081,0.4033288092841152,0.20662776226922486,Ta,Ta,0.20480086636559572,0.1273501957853514,-0.37071052595830367,-0.10217939216911985,-0.2698934816491846,-0.07638622508638289,-0.11841568718311837,0.1385272827549204,Wd,Normal,179200.0
1310,1.37558639281327,-0.8779193078215382,Rl,1.722956223719807,2.6670191632353504,Inside,Crawfor,Posa,Norm,1fam,1story,0.7855007178579084,2.168426529857338,-0.3916419977941315,0.8409284070582431,Gable,Compshg,Brkface,Hdboard,-0.5718951461336651,Gd,Pconc,Glq,2.5070887095359513,Unf,-0.2871575004618263,-0.17763462909426467,2.6682751078462097,Ta,Sbrkr,2.5080479257087087,-0.8058476456345897,-0.11183896233236511,1.0801171426323224,0.20923762540902602,0.45511711201748645,Typ,Attchd,-0.7978916308001675,0.4033288092841152,0.562004765504709,Ta,Ta,-0.7459116674968221,2.710695697417768,2.342558941334435,-0.10217939216911985,-0.2698934816491846,-0.07638622508638289,-0.48685190517417704,1.6470659127556586,Wd,Normal,335000.0
1311,1.3779513884913825,-0.8779193078215382,Rl,0.004054801506679975,-0.09002507740237516,Inside,Collgcr,Norm,Norm,1fam,1story,0.7855007178579084,-0.5526946526296532,1.1251944908450477,1.0845905796635116,Gable,Compshg,Vinylsd,Vinylsd,-0.05851889940790347,Ta,Pconc,Glq,1.290919684426445,Unf,-0.2871575004618263,-0.5258563132416837,0.7463066872697076,Ex,Sbrkr,0.5256446708263548,-0.8058476456345897,-0.11183896233236511,-0.39760500619124356,0.20923762540902602,-0.23862605398781578,Typ,Attchd,1.1097803465730536,0.4033288092841152,0.2666914811259264,Ta,Ta,1.4950535908931628,0.9056658276874255,-0.37071052595830367,-0.10217939216911985,-0.2698934816491846,-0.07638622508638289,-1.9605967771384116,-0.6157420322454488,New,Partial,203000.0
1313,1.3826813798476074,0.05886816201502109,Rl,2.152681579273089,1.8017529187064028,Corner,Noridge,Norm,Norm,1fam,2story,2.386402260201147,-0.5526946526296532,0.9273462531964591,0.6947311034950819,Gable,Compshg,Vinylsd,Vinylsd,0.48694336273821826,Ta,Pconc,Unf,-1.0478669023226053,Unf,-0.2871575004618263,1.9472283007032514,1.1105013402133441,Ex,Sbrkr,0.9928352468177376,2.062045842313829,-0.11183896233236511,2.7202004829667574,1.5081281986003237,2.536346610033393,Typ,Builtin,0.8609535669156769,1.7890975791506603,1.6231304653064362,Ta,Ta,4.9244095166111705,-0.22040785251132003,-0.37071052595830367,-0.10217939216911985,-0.2698934816491846,-0.07638622508638289,-0.48685190517417704,1.6470659127556586,Wd,Normal,333168.0
1314,1.3850463755257199,-0.8779193078215382,Rl,-0.42567055404660176,-0.2880904246459787,Inside,Edwards,Norm,Norm,1fam,1story,-1.6158515956569501,0.35434574153267734,-0.5565155291679553,-1.4982284499523348,Hip,Compshg,Wdsdng,Wdsdng,-0.5718951461336651,Ta,Cblock,Rec,0.8029350236236701,Unf,-0.2871575004618263,-0.8409140274703009,-0.25140303423975047,Ex,Sbrkr,-0.5034372735870966,-0.8058476456345897,-0.11183896233236511,-1.1647028095614385,0.20923762540902602,-0.9323692199931181,Typ,Detchd,-0.9223050206288558,-0.9824399605824299,-0.8745191771514029,Ta,Ta,-0.7459116674968221,-0.12104841014084247,-0.37071052595830367,-0.10217939216911985,-0.2698934816491846,-0.07638622508638289,1.3553291847811162,-0.6157420322454488,Wd,Normal,119000.0
1315,1.3874113712038323,0.05886816201502109,Rl,0.9172211820574037,0.6276443939402334,Inside,Names,Norm,Norm,1fam,2story,-0.014950053313711128,-0.5526946526296532,-0.061894935046483836,-0.7672419321365292,Gable,Compshg,Hdboard,Hdboard,-0.5718951461336651,Ta,Cblock,Alq,0.21634206348769214,Lwq,1.4850162155852142,-0.9356682272383061,-0.23916119716601475,Ta,Sbrkr,-0.04887346991980519,1.679497603054779,-0.11183896233236511,1.5742598994045338,1.5081281986003237,1.842603444028091,Typ,Attchd,-0.38318033137120633,0.4033288092841152,0.6070525546472352,Ta,Ta,1.6308696671592224,-0.7172050643637078,-0.37071052595830367,-0.10217939216911985,-0.2698934816491846,-0.07638622508638289,-0.11841568718311837,0.1385272827549204,Wd,Normal,206900.0
1316,1.3897763668819447,-0.8779193078215382,Rl,-0.3719548846024416,0.35816125321936887,Inside,Collgcr,Norm,Norm,1fam,1story,1.5859514890295279,-0.5526946526296532,1.224118609669342,1.1333230141845654,Gable,Compshg,Vinylsd,Vinylsd,1.1607496865657803,Ta,Pconc,Unf,-1.0478669023226053,Unf,-0.2871575004618263,2.489696094375081,1.811346512684712,Ex,Sbrkr,1.6494274076704918,-0.8058476456345897,-0.11183896233236511,0.4400846195749817,0.20923762540902602,1.1488602780227886,Typ,Attchd,1.234193736401742,1.7890975791506603,2.028560567589172,Ta,Ta,0.7141111523633196,-0.021688967770364925,-0.37071052595830367,-0.10217939216911985,-0.2698934816491846,-0.07638622508638289,-1.9605967771384116,0.8927965977552895,Wd,Normal,295493.0
1317,1.3921413625600572,1.46404936676986,Fv,-1.1239742568206845,-1.5450435898457708,Corner,Somerst,Norm,Norm,Twnhse,1story,0.7855007178579084,-0.5526946526296532,1.1581691971198125,1.0845905796635116,Gable,Compshg,Vinylsd,Vinylsd,-0.5718951461336651,Ta,Pconc,Unf,-1.0478669023226053,Unf,-0.2871575004618263,1.850105245941046,0.9850225102075534,Ex,Sbrkr,0.7718667311461376,-0.8058476456345897,-0.11183896233236511,-0.21406626796156497,-1.0896529477822716,-0.9323692199931181,Typ,Attchd,1.1512514765159496,0.4033288092841152,0.056468465127470995,Ta,Ta,-0.7459116674968221,3.2737325375171404,-0.37071052595830367,-0.10217939216911985,-0.2698934816491846,-0.07638622508638289,-0.8552881231652357,-0.6157420322454488,New,Partial,208900.0
1318,1.3945063582381696,-0.8779193078215382,Rl,0.057770470950840196,1.8039748056145843,Culdsac,Collgcr,Norm,Norm,1fam,1story,1.5859514890295279,-0.5526946526296532,0.9932956657459886,0.8409284070582431,Hip,Compshg,Vinylsd,Vinylsd,0.5703670028311545,Ta,Pconc,Unf,-1.0478669023226053,Unf,-0.2871575004618263,2.800016098615298,2.2122666768495556,Ex,Sbrkr,2.1450282213910805,-0.8058476456345897,-0.11183896233236511,0.8095151567808732,0.20923762540902602,0.45511711201748645,Typ,Attchd,0.9438958268014691,1.7890975791506603,1.4679658582599573,Ta,Ta,0.9348122762956665,1.7667809948982311,-0.37071052595830367,-0.10217939216911985,-0.2698934816491846,-0.07638622508638289,0.6184567487989989,-1.370011347245818,Wd,Normal,275000.0
1319,1.396871353916282,-0.8779193078215382,Rl,0.3800644876158015,0.35466971664936947,Inside,Edwards,Norm,Norm,1fam,1story,-1.6158515956569501,-0.5526946526296532,-0.5565155291679553,-1.4982284499523348,Hip,Compshg,Wdsdng,Wdsdng,0.27517566096384155,Ta,Pconc,Alq,0.19611472003472738,Unf,-0.2871575004618263,-0.4713726483750807,-0.5084816127881998,Ex,Sbrkr,-0.5034372735870966,-0.8058476456345897,-0.11183896233236511,-1.1647028095614385,0.20923762540902602,-0.9323692199931181,Typ,Attchd,-1.005247280514648,-0.9824399605824299,-1.034689094102607,Ta,Ta,-0.7459116674968221,-0.7172050643637078,-0.37071052595830367,-0.10217939216911985,-0.2698934816491846,-0.07638622508638289,-1.592160559147353,-0.6157420322454488,Wd,Normal,111000.0
1320,1.3992363495943945,-0.8779193078215382,Rl,0.11148614039500042,-0.22143381740053522,Inside,Names,Norm,Norm,1fam,1story,-0.014950053313711128,-2.366775440954314,-0.457591410343661,-1.3520311463891737,Hip,Compshg,Brkface,Brkface,-0.5718951461336651,Ta,Cblock,Alq,-0.5699959132463128,Rec,3.957070131085615,0.13505423014015241,1.3706403780302274,Gd,Sbrkr,1.1696100593550176,-0.8058476456345897,-0.11183896233236511,0.08241938610176192,0.20923762540902602,-0.23862605398781578,Typ,Attchd,-0.8808338906859596,0.4033288092841152,-0.06365897258593209,Ta,Ta,0.22177787589885317,-0.7172050643637078,-0.37071052595830367,-0.10217939216911985,3.880335591289745,-0.07638622508638289,-0.11841568718311837,0.8927965977552895,Wd,Normal,156500.0
1322,1.4039663409506193,0.05886816201502109,Rl,2.0989659098289284,0.34546475660118914,Inside,Noridge,Norm,Norm,1fam,2story,0.7855007178579084,-0.5526946526296532,0.6965233092731058,0.35360406184770604,Gable,Compshg,Hdboard,Hdboard,-0.5718951461336651,Ta,Pconc,Glq,0.6562867835896756,Unf,-0.2871575004618263,-1.172553726658319,-0.8573739693896667,Ex,Sbrkr,-0.14673095543151377,1.294512750806818,-0.11183896233236511,1.1295314183095435,0.20923762540902602,1.1488602780227886,Typ,Attchd,0.5706556573154041,0.4033288092841152,0.5469888357905336,Ta,Ta,1.2913294764940733,-0.07136868895560369,-0.37071052595830367,-0.10217939216911985,-0.2698934816491846,-0.07638622508638289,-0.11841568718311837,1.6470659127556586,Wd,Normal,190000.0
1323,1.4063313366287318,-0.6437224403623983,Rl,-0.962827248488204,-1.1958899328458286,Inside,Brkside,Norm,Norm,1fam,1story,-1.6158515956569501,1.2613861356950078,-1.018161417014662,-1.6931581880365496,Hip,Compshg,Vinylsd,Vinylsd,-0.5718951461336651,Ta,Cblock,Lwq,-0.3399098814688387,Unf,-0.2871575004618263,-1.0209470070295108,-1.8673255279728604,Gd,Sbrkr,-1.2610436130325822,-0.8058476456345897,-0.11183896233236511,-1.7294373887296803,-1.0896529477822716,-0.9323692199931181,Typ,Attchd,0.07300209800065086,-2.368208730448975,-2.2760059504744388,Ta,Ta,0.6462031142302896,-0.7172050643637078,-0.37071052595830367,-0.10217939216911985,-0.2698934816491846,-0.07638622508638289,2.0922016207632335,0.8927965977552895,Wd,Normal,82500.0
1324,1.4086963323068442,-0.8779193078215382,Rl,0.3800644876158015,0.2819822735102906,Inside,Somerst,Norm,Norm,1fam,1story,1.5859514890295279,-0.5526946526296532,1.1581691971198125,1.0845905796635116,Gable,Compshg,Vinylsd,Vinylsd,2.1746677738491593,Ta,Pconc,Unf,-1.0478669023226053,Unf,-0.2871575004618263,2.8995080083717033,2.34080596612378,Ex,Sbrkr,2.1702817660392633,-0.8058476456345897,-0.11183896233236511,0.8283396427531479,-1.0896529477822716,0.45511711201748645,Typ,Attchd,1.1927226064588459,1.7890975791506603,2.2037464142545513,Ta,Ta,-0.7459116674968221,0.09423038166185888,-0.37071052595830367,-0.10217939216911985,-0.2698934816491846,-0.07638622508638289,-1.592160559147353,-0.6157420322454488,New,Partial,147000.0
1325,1.4110613279849566,-0.6437224403623983,Rm,-1.499983942929806,-1.7335865646257396,Inside,Idotrr,Norm,Norm,1fam,1story,-1.6158515956569501,-1.4597350467919836,-1.6117061299604278,-1.6931581880365496,Gable,Compshg,Asbshng,Asbshng,-0.5718951461336651,Ta,Brktil,Unf,-1.0478669023226053,Unf,-0.2871575004618263,0.5330218691657742,-0.7165928430417063,Fa,Sbrkr,-0.9832546219025708,-0.8058476456345897,-0.11183896233236511,-1.5223680430346582,-1.0896529477822716,-0.9323692199931181,Typ,Attchd,0.07300209800065086,-2.368208730448975,-2.2760059504744388,Ta,Ta,-0.7459116674968221,-0.7172050643637078,1.3041471699014116,-0.10217939216911985,-0.2698934816491846,-0.07638622508638289,-1.9605967771384116,0.1385272827549204,Wd,Normal,55000.0
1326,1.413426323663069,-0.6437224403623983,Rh,0.11148614039500042,-1.532347093227591,Inside,Edwards,Norm,Norm,1fam,1story,-2.4163023668285697,0.35434574153267734,-1.3149337734875448,1.035858145142458,Gable,Compshg,Metalsd,Metalsd,-0.5718951461336651,Ta,Brktil,Rec,0.3275924524789983,Unf,-0.2871575004618263,-1.3525867062175287,-1.4878285786870542,Ex,Sbrkr,-1.0527018696850736,-0.8058476456345897,-0.11183896233236511,-1.5741353794584139,0.20923762540902602,-0.23862605398781578,Typ,Attchd,0.07300209800065086,-2.368208730448975,-2.2760059504744388,Ta,Ta,-0.7459116674968221,-0.7172050643637078,4.419382484200482,-0.10217939216911985,-0.2698934816491846,-0.07638622508638289,-0.48685190517417704,-0.6157420322454488,Wd,Normal,79000.0
1327,1.4157913193411815,-0.8779193078215382,Rl,-0.42567055404660176,-0.7927761652186225,Inside,Mitchel,Norm,Norm,1fam,1story,-0.8154008244853307,3.075466924019669,0.3667762465254581,1.1333230141845654,Gable,Compshg,Vinylsd,Vinylsd,-0.5718951461336651,Gd,Cblock,Alq,0.572848991846196,Unf,-0.2871575004618263,-0.9380370822325063,-0.655383657673028,Ex,Sbrkr,-0.9201207602821138,-0.8058476456345897,-0.11183896233236511,-1.4753068281039714,0.20923762540902602,-0.9323692199931181,Typ,Attchd,0.15594435788644306,-0.9824399605824299,-0.954604135627005,Ta,Ta,-0.7459116674968221,-0.7172050643637078,-0.37071052595830367,-0.10217939216911985,-0.2698934816491846,-0.07638622508638289,1.3553291847811162,0.1385272827549204,Wd,Normal,130500.0
1329,1.4205213106974064,0.05886816201502109,Rl,-0.2645235457141211,-0.0043237252296620616,Inside,Gilbert,Norm,Norm,1fam,2story,0.7855007178579084,-0.5526946526296532,0.8943715469216943,0.6459986689740282,Hip,Compshg,Vinylsd,Vinylsd,-0.5718951461336651,Ta,Pconc,Unf,-1.0478669023226053,Unf,-0.2871575004618263,0.8622927133595921,-0.2911890047293914,Gd,Sbrkr,-0.4813404220199366,0.843739347858256,-0.11183896233236511,0.44479074106805033,0.20923762540902602,1.1488602780227886,Typ,Attchd,0.8194824369727808,0.4033288092841152,0.036447225508570484,Ta,Ta,-0.7459116674968221,-0.2535276666348125,-0.37071052595830367,-0.10217939216911985,-0.2698934816491846,-0.07638622508638289,-0.11841568718311837,-1.370011347245818,Wd,Normal,176500.0
1330,1.4228863063755188,-0.8779193078215382,Rl,0.9172211820574037,0.2864260473266535,Inside,Somerst,Norm,Norm,1fam,1story,1.5859514890295279,-0.5526946526296532,1.1581691971198125,1.035858145142458,Hip,Compshg,Vinylsd,Vinylsd,2.059158118335863,Ta,Pconc,Unf,-1.0478669023226053,Unf,-0.2871575004618263,2.409155024572277,1.7072908975579586,Ex,Sbrkr,1.516846298267532,-0.8058476456345897,-0.11183896233236511,0.3412560682205394,0.20923762540902602,0.45511711201748645,Typ,Attchd,1.1512514765159496,1.7890975791506603,1.853374720923792,Ta,Ta,0.4764330188977151,0.027990753414873847,-0.37071052595830367,-0.10217939216911985,-0.2698934816491846,-0.07638622508638289,2.0922016207632335,-0.6157420322454488,Wd,Normal,227000.0
1331,1.4252513020536313,0.5272618969333007,Rl,-0.6942489012674029,0.534007731381158,Inside,Collgcr,Norm,Norm,1fam,Slvl,-0.8154008244853307,-0.5526946526296532,0.1689280088768695,-0.42611489048915324,Gable,Compshg,Metalsd,Metalsd,-0.5718951461336651,Ta,Cblock,Alq,0.17335895865014203,Unf,-0.2871575004618263,-0.3387167686998735,-0.3646400271718055,Gd,Sbrkr,-0.48449711510095944,-0.8058476456345897,-0.11183896233236511,-1.1505844450822325,0.20923762540902602,-0.23862605398781578,Typ,Detchd,-0.09288242177093359,0.4033288092841152,0.6070525546472352,Ta,Ta,-0.7459116674968221,-0.7172050643637078,-0.37071052595830367,-0.10217939216911985,-0.2698934816491846,-0.07638622508638289,0.2500205308079403,-1.370011347245818,Wd,Normal,132500.0
1332,1.4276162977317437,-0.8779193078215382,Rl,-0.049660867937480244,-0.07002809522874211,Inside,Edwards,Norm,Norm,1fam,1story,-1.6158515956569501,0.35434574153267734,-1.0841108295641915,-1.3032987118681199,Gable,Compshg,Metalsd,Metalsd,-0.5718951461336651,Ta,Cblock,Alq,0.6967414704956051,Unf,-0.2871575004618263,-1.0541109769483126,-0.655383657673028,Ex,Sbrkr,-0.9201207602821138,-0.8058476456345897,-0.11183896233236511,-1.4753068281039714,-1.0896529477822716,-2.3198555520037223,Typ,Detchd,-0.8393627607430636,-0.9824399605824299,-0.8344766979136019,Fa,Fa,-0.7459116674968221,-0.7172050643637078,-0.37071052595830367,-0.10217939216911985,-0.2698934816491846,-0.07638622508638289,-0.48685190517417704,0.8927965977552895,Wd,Normal,100000.0
1333,1.4299812934098561,-0.17532870544411872,Rm,-0.42567055404660176,-0.6023287159459267,Corner,Idotrr,Norm,Norm,1fam,1.5fin,-0.8154008244853307,0.35434574153267734,-1.0841108295641915,0.49980136541086717,Gable,Compshg,Wdsdng,Wdsdng,-0.5718951461336651,Ta,Cblock,Unf,-1.0478669023226053,Unf,-0.2871575004618263,0.5496038541251751,-0.6951696281626689,Ex,Sbrkr,-0.9611577703354108,0.5513457891889185,-0.11183896233236511,-0.19524178198929026,-1.0896529477822716,-0.23862605398781578,Typ,Detchd,-1.1296606703433363,-0.9824399605824299,-0.7894289087710757,Ta,Ta,-0.7459116674968221,0.35918889464979903,2.8115190961751555,-0.10217939216911985,-0.2698934816491846,-0.07638622508638289,0.2500205308079403,-1.370011347245818,Wd,Normal,125500.0
1334,1.4323462890879686,2.4008368366064192,Rm,-2.3594346540363698,-2.1360655074220367,Inside,Brdale,Norm,Norm,Twnhse,2story,-0.8154008244853307,0.35434574153267734,-0.02892022877171907,-0.7185094976154754,Gable,Compshg,Hdboard,Hdboard,1.430272216096805,Ta,Cblock,Lwq,0.8863728153671497,Unf,-0.2871575004618263,-1.3525867062175287,-0.8114670803631578,Ta,Sbrkr,-1.0811121074142793,0.6561201477120978,-0.11183896233236511,-0.18347647825661856,0.20923762540902602,0.45511711201748645,Min1,Attchd,-0.34170920142831024,0.4033288092841152,-0.07366959239538234,Ta,Ta,-0.7459116674968221,-0.12104841014084247,-0.37071052595830367,-0.10217939216911985,-0.2698934816491846,-0.07638622508638289,-0.48685190517417704,0.8927965977552895,Wd,Normal,125000.0
1335,1.434711284766081,-0.8779193078215382,Rl,0.6486428348366026,0.17533170191758093,Inside,Nwames,Norm,Norm,1fam,1story,-0.014950053313711128,-0.5526946526296532,0.20190271515163427,-0.37738245596809955,Gable,Compshg,Plywood,Plywood,1.738297964132262,Ta,Cblock,Alq,0.6866277987691227,Unf,-0.2871575004618263,0.22033300993135707,0.9789015916706856,Ta,Sbrkr,0.7150462556877262,-0.8058476456345897,-0.11183896233236511,-0.2564213613991831,-1.0896529477822716,-0.23862605398781578,Typ,Attchd,-0.05141129182803748,0.4033288092841152,0.877339289502392,Ta,Ta,-0.7459116674968221,-0.45224655137576764,-0.37071052595830367,-0.10217939216911985,-0.2698934816491846,-0.07638622508638289,-0.8552881231652357,0.8927965977552895,Wd,Normal,167900.0
1336,1.4370762804441934,0.7614587643924405,Rl,1.0246525209457242,0.047097086073965795,Inside,Nwames,Feedr,Norm,Duplex,1story,-0.8154008244853307,-0.5526946526296532,0.07000389005257522,-0.5723121940523144,Gable,Compshg,Plywood,Plywood,3.047407393282954,Ta,Cblock,Unf,-1.0478669023226053,Unf,-0.2871575004618263,2.5702371641778856,1.9154021278114652,Ta,Sbrkr,1.7315014277770862,-0.8058476456345897,-0.11183896233236511,0.5012641989848745,1.5081281986003237,1.1488602780227886,Typ,Detchd,-0.2172958115996219,0.4033288092841152,0.25668086131647616,Ta,Ta,-0.7459116674968221,2.776935325664753,-0.37071052595830367,-0.10217939216911985,-0.2698934816491846,-0.07638622508638289,1.723765402772175,0.1385272827549204,Wd,Normal,135000.0
1337,1.4394412761223059,-0.6437224403623983,Rm,4.569886704260298,-1.580593780376674,Corner,Oldtown,Feedr,Norm,1fam,1story,-1.6158515956569501,-1.4597350467919836,-0.9851867107398973,-1.6931581880365496,Gable,Compshg,Wdsdng,Wdsdng,-0.5718951461336651,Ta,Cblock,Unf,-1.0478669023226053,Unf,-0.2871575004618263,0.2890298047631608,-1.0318201476904,Fa,Fusea,-1.3083940092479251,-0.8058476456345897,-0.11183896233236511,-1.7647332999276955,-1.0896529477822716,-1.6261123859984203,Typ,Attchd,0.07300209800065086,-2.368208730448975,-2.2760059504744388,Ta,Ta,-0.7459116674968221,-0.3860069231287826,-0.37071052595830367,-0.10217939216911985,-0.2698934816491846,-0.07638622508638289,-1.2237243411562944,-1.370011347245818,Wd,Normal,52500.0
1338,1.4418062718004183,0.05886816201502109,Rl,1.4543778764990059,1.3814988806446542,Corner,Collgcr,Norm,Norm,1fam,2story,0.7855007178579084,-0.5526946526296532,1.0262703720207533,0.8409284070582431,Gable,Compshg,Vinylsd,Vinylsd,-0.5718951461336651,Ta,Pconc,Glq,0.722025649811811,Unf,-0.2871575004618263,-0.8409140274703009,-0.3493377308296359,Ex,Sbrkr,-0.5918246798557366,1.4870051769307986,-0.11183896233236511,0.9836416520244143,0.20923762540902602,1.1488602780227886,Typ,Builtin,0.9853669567443653,0.4033288092841152,0.18660652265032435,Ta,Ta,0.49341002843097254,0.7897464782552017,-0.37071052595830367,-0.10217939216911985,-0.2698934816491846,-0.07638622508638289,-0.11841568718311837,-1.370011347245818,Wd,Normal,200000.0
1339,1.4441712674785308,-0.8779193078215382,Rl,2.7972696126030114,0.14676458452667657,Corner,Collgcr,Norm,Norm,1fam,1story,-0.8154008244853307,1.2613861356950078,0.03702918377781046,-0.6210446285733681,Hip,Compshg,Metalsd,Metalsd,-0.5718951461336651,Gd,Cblock,Rec,-0.13763644693919114,Unf,-0.2871575004618263,-0.15868378914066364,-0.5084816127881998,Ex,Sbrkr,-0.7685994923930166,-0.8058476456345897,-0.11183896233236511,-1.3623599122703232,0.20923762540902602,-0.9323692199931181,Typ,Attchd,-0.258766941542518,-0.9824399605824299,-0.8344766979136019,Ta,Ta,-0.7459116674968221,-0.7172050643637078,-0.37071052595830367,-0.10217939216911985,-0.2698934816491846,-0.07638622508638289,-0.11841568718311837,-1.370011347245818,Wd,Normal,128500.0
1340,1.4465362631566432,-0.8779193078215382,Rl,0.11148614039500042,-0.2550795334387115,Inside,Names,Norm,Norm,1fam,1story,-1.6158515956569501,-0.5526946526296532,0.004054477503045694,-0.6697770630944218,Gable,Compshg,Metalsd,Metalsd,-0.5718951461336651,Ta,Cblock,Unf,-1.0478669023226053,Unf,-0.2871575004618263,0.6798908788061822,-0.5268443683988033,Ta,Sbrkr,-0.7433459477448338,-0.8058476456345897,-0.11183896233236511,-1.3435354262980483,0.20923762540902602,-0.9323692199931181,Typ,Detchd,-0.1758246816567258,3.174866349017205,0.1265428037936228,Ta,Ta,-0.7459116674968221,-0.7172050643637078,-0.37071052595830367,-0.10217939216911985,-0.2698934816491846,-0.07638622508638289,-0.11841568718311837,-0.6157420322454488,Wd,Normal,123000.0
1341,1.4489012588347556,-0.8779193078215382,Rl,-0.10337653738164046,1.4592649224310048,Inside,Sawyerw,Rrae,Norm,1fam,1story,-0.014950053313711128,-0.5526946526296532,1.059245078295518,0.9383932761003505,Gable,Compshg,Vinylsd,Vinylsd,-0.5718951461336651,Ta,Pconc,Glq,1.0102652940165588,Unf,-0.2871575004618263,-0.64193020795749,0.25663320432028036,Ex,Sbrkr,0.020573777862697658,-0.8058476456345897,-0.11183896233236511,-0.774094725636738,0.20923762540902602,-0.23862605398781578,Typ,Detchd,1.0683092166301575,0.4033288092841152,0.6070525546472352,Ta,Ta,-0.7459116674968221,0.5744676864525003,-0.37071052595830367,-0.10217939216911985,-0.2698934816491846,-0.07638622508638289,0.2500205308079403,0.1385272827549204,Wd,Normal,155000.0
1342,1.451266254512868,0.05886816201502109,Rl,0.057770470950840196,0.08804328766759538,Inside,Collgcr,Norm,Norm,1fam,2story,1.5859514890295279,-0.5526946526296532,1.0262703720207533,0.8409284070582431,Gable,Compshg,Vinylsd,Vinylsd,0.38426811339306594,Ta,Pconc,Unf,-1.0478669023226053,Unf,-0.2871575004618263,1.6890231063354373,0.7769112799540469,Ex,Sbrkr,0.5572116016365833,1.3505548495517743,-0.11183896233236511,1.7083843619569912,0.20923762540902602,0.45511711201748645,Typ,Attchd,0.9853669567443653,0.4033288092841152,0.9624295578827192,Ta,Ta,0.8838812476958942,0.7235068500082167,-0.37071052595830367,-0.10217939216911985,-0.2698934816491846,-0.07638622508638289,0.6184567487989989,-0.6157420322454488,Wd,Normal,228500.0
1343,1.4536312501909805,-0.17532870544411872,Rl,-0.5868175623790824,-0.4886950712132183,Inside,Crawfor,Norm,Norm,1fam,1.5fin,-0.014950053313711128,0.35434574153267734,-1.4138578923118392,-1.6931581880365496,Gable,Compshg,Brkface,Stone,-0.5718951461336651,Ta,Brktil,Unf,-1.0478669023226053,Unf,-0.2871575004618263,0.7699073685857871,-0.4105469161983143,Gd,Sbrkr,0.20366197656202337,0.9996825791485694,-0.11183896233236511,1.1060008108442,0.20923762540902602,1.842603444028091,Typ,Detchd,-2.042025529087051,0.4033288092841152,-0.5641899630584449,Fa,Fa,-0.7459116674968221,-0.7172050643637078,-0.37071052595830367,-0.10217939216911985,-0.2698934816491846,-0.07638622508638289,-1.2237243411562944,0.8927965977552895,Wd,Normal,177000.0
1344,1.455996245869093,0.05886816201502109,Rl,0.9172211820574037,0.6365319415729592,Corner,Collgcr,Norm,Norm,1fam,2story,0.7855007178579084,-0.5526946526296532,1.1581691971198125,1.035858145142458,Gable,Compshg,Vinylsd,Vinylsd,-0.5718951461336651,Ta,Pconc,Unf,-1.0478669023226053,Unf,-0.2871575004618263,0.37193972956016536,-0.924704073295213,Ex,Sbrkr,-1.197909751412125,0.9680066102927245,-0.11183896233236511,0.03065204967800643,0.20923762540902602,1.1488602780227886,Typ,Attchd,1.1512514765159496,0.4033288092841152,-0.07366959239538234,Ta,Ta,-0.7459116674968221,-0.7172050643637078,-0.37071052595830367,-0.10217939216911985,-0.2698934816491846,-0.07638622508638289,0.2500205308079403,-0.6157420322454488,New,Partial,155835.0
1345,1.4583612415472054,-0.6437224403623983,Rm,-0.962827248488204,-0.9832236144913183,Inside,Oldtown,Norm,Norm,1fam,1story,-1.6158515956569501,-1.4597350467919836,-1.6776555425099573,-1.6931581880365496,Hip,Compshg,Metalsd,Metalsd,-0.5718951461336651,Ta,Pconc,Alq,-0.41576241941745656,Unf,-0.2871575004618263,0.329300339664563,-0.2146775230185434,Gd,Fusea,-0.4655569566148223,-0.8058476456345897,-0.11183896233236511,-1.1364660806030265,-1.0896529477822716,-0.9323692199931181,Typ,Detchd,0.7780113070298847,-0.9824399605824299,-0.7343704998190993,Ta,Ta,-0.7459116674968221,-0.7172050643637078,2.4430504030860183,-0.10217939216911985,-0.2698934816491846,-0.07638622508638289,0.2500205308079403,-0.6157420322454488,Wd,Normal,108500.0
1347,1.4630912329034302,-0.8779193078215382,Rl,1.3469465376106855,1.970616323728193,Corner,Timber,Norm,Norm,1fam,1story,1.5859514890295279,-0.5526946526296532,1.1581691971198125,1.0845905796635116,Gable,Compshg,Vinylsd,Vinylsd,0.06982516227353694,Ta,Pconc,Glq,-0.8455934677929576,Unf,-0.2871575004618263,2.560761744201085,2.147997032212443,Ex,Sbrkr,2.110304597499829,-0.8058476456345897,-0.11183896233236511,0.7836314885689954,0.20923762540902602,0.45511711201748645,Typ,Attchd,1.1512514765159496,1.7890975791506603,1.2877747016898526,Ta,Ta,-0.7459116674968221,-0.7172050643637078,-0.37071052595830367,-0.10217939216911985,-0.2698934816491846,-0.07638622508638289,-0.48685190517417704,-0.6157420322454488,New,Partial,283463.0
1348,1.4654562285815427,-0.8779193078215382,Rl,0.057770470950840196,2.253113373482692,Inside,Sawyerw,Norm,Norm,1fam,1story,0.7855007178579084,-0.5526946526296532,0.8943715469216943,0.6459986689740282,Gable,Compshg,Vinylsd,Vinylsd,-0.5718951461336651,Ta,Pconc,Glq,2.600640173005913,Unf,-0.2871575004618263,-1.2602013614437237,1.382882215103963,Ex,Sbrkr,1.2201171486513833,-0.8058476456345897,-0.11183896233236511,0.12006835804631137,0.20923762540902602,-0.9323692199931181,Typ,Attchd,0.8194824369727808,0.4033288092841152,0.2967233405542772,Ta,Ta,2.666467248687928,-0.3032073878200513,-0.37071052595830367,-0.10217939216911985,-0.2698934816491846,-0.07638622508638289,0.6184567487989989,-0.6157420322454488,Wd,Normal,215000.0
1349,1.467821224259655,0.2930650294741609,Rm,-0.962827248488204,-1.221282926082188,Inside,Oldtown,Norm,Norm,1fam,2story,1.5859514890295279,-0.5526946526296532,-3.260441443698666,0.1099418892424375,Gable,Compshg,Metalsd,Metalsd,-0.5718951461336651,Gd,Brktil,Lwq,-0.3930066580328712,Unf,-0.2871575004618263,-0.34582333368247387,-1.0593642811063053,Fa,Sbrkr,-0.5350042043973252,2.1546371358924525,4.698149389080416,2.1531128430519817,1.5081281986003237,1.1488602780227886,Typ,Attchd,0.07300209800065086,-2.368208730448975,-2.2760059504744388,Ta,Ta,-0.7459116674968221,0.17702991697059017,-0.03573898678636061,-0.10217939216911985,-0.2698934816491846,-0.07638622508638289,2.0922016207632335,0.1385272827549204,Wd,Normal,122000.0
1350,1.4701862199377675,0.7614587643924405,Rl,1.239515198722365,0.8079346459183854,Inside,Names,Artery,Norm,Duplex,2story,-0.8154008244853307,-0.5526946526296532,-0.061894935046483836,-0.7672419321365292,Gable,Compshg,Metalsd,Metalsd,1.7896355888048383,Ta,Cblock,Lwq,0.21634206348769214,Unf,-0.2871575004618263,0.4193168294441679,0.6667347462904257,Ta,Sbrkr,0.7276730280118177,2.3520027879942553,-0.11183896233236511,2.8025576090954596,4.105909344982919,3.9238329420439975,Typ,Detchd,-0.38318033137120633,3.174866349017205,2.5691340372994858,Ta,Ta,-0.7459116674968221,-0.7172050643637078,-0.37071052595830367,-0.10217939216911985,-0.2698934816491846,-0.07638622508638289,0.6184567487989989,0.8927965977552895,Wd,Normal,200000.0
1351,1.47255121561588,0.05886816201502109,Rl,0.11148614039500042,0.04741449848942029,Inside,Names,Norm,Norm,1fam,2story,-0.014950053313711128,0.35434574153267734,-0.2927178789698372,-1.108368973783905,Gable,Compshg,Hdboard,Hdboard,1.4687754346012372,Ta,Cblock,Rec,-0.24130158213563552,Unf,-0.2871575004618263,-0.0757738643436591,-0.5268443683988033,Ex,Sbrkr,-0.7875396508791537,1.2847662988511734,-0.11183896233236511,0.642447843776935,1.5081281986003237,1.1488602780227886,Typ,Attchd,-0.6734782409714791,0.4033288092841152,0.1765959028408741,Ta,Ta,-0.7459116674968221,0.6738271288229779,-0.37071052595830367,-0.10217939216911985,2.0357893366502204,-0.07638622508638289,-1.2237243411562944,0.1385272827549204,Wd,Normal,171000.0
1352,1.4749162112939924,-0.17532870544411872,Rm,-0.962827248488204,-0.9832236144913183,Inside,Brkside,Norm,Norm,1fam,1.5fin,-0.014950053313711128,3.075466924019669,-1.1170855358389562,0.7434635380161356,Gable,Compshg,Metalsd,Metalsd,-0.5718951461336651,Ta,Brktil,Unf,-1.0478669023226053,Unf,-0.2871575004618263,0.30087407973416147,-1.0165178513482305,Ta,Sbrkr,-1.0148215527127995,0.14443142004075718,-0.11183896233236511,-0.6282049593516089,-1.0896529477822716,-1.6261123859984203,Typ,Detchd,0.8609535669156769,0.4033288092841152,0.8473074300740413,Ta,Ta,1.0366743334952113,-0.7172050643637078,-0.37071052595830367,-0.10217939216911985,-0.2698934816491846,-0.07638622508638289,0.2500205308079403,0.8927965977552895,Wd,Normal,134900.0
1354,1.4796462026502173,0.05886816201502109,Rl,0.057770470950840196,0.38672837061027326,Inside,Collgcr,Norm,Norm,1fam,2story,0.7855007178579084,-0.5526946526296532,0.9603209594712239,0.7434635380161356,Gable,Compshg,Vinylsd,Vinylsd,-0.5718951461336651,Ta,Pconc,Glq,0.8105202774185319,Unf,-0.2871575004618263,-0.7437909727080956,-0.11674282642865795,Ex,Sbrkr,-0.3645427780220909,1.3213154936848406,-0.11183896233236511,0.9930538950105517,0.20923762540902602,0.45511711201748645,Typ,Attchd,0.9024246968585731,1.7890975791506603,1.923449059589944,Ta,Ta,-0.7459116674968221,2.3298178349976038,-0.37071052595830367,-0.10217939216911985,-0.2698934816491846,-0.07638622508638289,-0.11841568718311837,0.1385272827549204,Wd,Normal,235000.0
1355,1.4820111983283297,0.5272618969333007,Rl,1.8303875626081274,0.3473692310939161,Inside,Nwames,Norm,Norm,1fam,Slvl,0.7855007178579084,0.35434574153267734,-0.0948696413212486,0.35360406184770604,Gable,Compshg,Metalsd,Metalsd,0.34576489488863377,Ta,Cblock,Unf,-1.0478669023226053,Unf,-0.2871575004618263,-0.0023393595234550905,-1.4082566377077723,Gd,Sbrkr,0.3614966306131662,0.8949082206253901,-0.11183896233236511,1.1224722360699404,1.5081281986003237,1.1488602780227886,Typ,Attchd,-0.4246514613141025,0.4033288092841152,0.1615799731266987,Ta,Ta,-0.7459116674968221,0.9056658276874255,-0.37071052595830367,-0.10217939216911985,-0.2698934816491846,-0.07638622508638289,0.9868929667900576,-1.370011347245818,Wd,Normal,170000.0
1356,1.4843761940064422,-0.8779193078215382,Rl,0.057770470950840196,0.12041935404395367,Corner,Names,Norm,Norm,1fam,1story,-0.8154008244853307,-0.5526946526296532,-0.16081905387077813,-0.9134392356996903,Gable,Compshg,Hdboard,Hdboard,-0.15477694566898376,Ta,Cblock,Rec,-0.18820480557160302,Unf,-0.2871575004618263,-0.11130668925666104,-0.5084816127881998,Ta,Sbrkr,-0.6802120861243766,-0.8058476456345897,-0.11183896233236511,-1.2964742113673615,0.20923762540902602,-0.9323692199931181,Typ,Attchd,-0.5075937211998947,-0.9824399605824299,-0.954604135627005,Ta,Ta,-0.7459116674968221,-0.7172050643637078,-0.37071052595830367,-0.10217939216911985,-0.2698934816491846,-0.07638622508638289,1.3553291847811162,0.1385272827549204,Wd,Normal,110000.0
1357,1.4867411896845546,-0.8779193078215382,Rl,0.057770470950840196,1.091701345334702,Culdsac,Names,Norm,Norm,1fam,1story,-0.8154008244853307,0.35434574153267734,0.004054477503045694,1.1333230141845654,Gable,Compshg,Vinylsd,Vinylsd,-0.5718951461336651,Ta,Cblock,Glq,0.8079918594869113,Unf,-0.2871575004618263,-0.5377005882126843,0.1464566706566592,Ex,Sbrkr,-0.0930671730541252,-0.8058476456345897,-0.11183896233236511,-0.8588049125119743,0.20923762540902602,-0.23862605398781578,Typ,Attchd,-0.30023807148541415,0.4033288092841152,0.22664900188812537,Ta,Ta,-0.7459116674968221,-0.7172050643637078,-0.37071052595830367,-0.10217939216911985,-0.2698934816491846,-0.07638622508638289,-0.8552881231652357,1.6470659127556586,Wd,Normal,149900.0
1358,1.489106185362667,2.4008368366064192,Fv,0.057770470950840196,-2.2157360237011146,Inside,Somerst,Norm,Norm,Twnhs,2story,-0.014950053313711128,-0.5526946526296532,0.9603209594712239,0.7434635380161356,Gable,Compshg,Metalsd,Metalsd,0.8142207200258913,Ta,Pconc,Glq,-0.09212492417002043,Unf,-0.2871575004618263,-0.45715951840987995,-0.8390112137790632,Ex,Sbrkr,-1.068485335090188,1.1531891974499715,-0.11183896233236511,0.30596015702252427,0.20923762540902602,-0.9323692199931181,Typ,Detchd,0.9024246968585731,0.4033288092841152,-0.07366959239538234,Ta,Ta,-0.7459116674968221,-0.1872880383878275,-0.37071052595830367,-0.10217939216911985,-0.2698934816491846,-0.07638622508638289,-0.11841568718311837,1.6470659127556586,Wd,Normal,177500.0
1359,1.4914711810407795,-0.8779193078215382,Rl,3.2807106376004533,2.4248334902435724,Fr3,Nridght,Norm,Norm,1fam,1story,2.386402260201147,-0.5526946526296532,1.092219784570283,0.9871257106214042,Hip,Compshg,Vinylsd,Vinylsd,-0.14835974258491175,Ta,Pconc,Glq,2.6107538447323955,Unf,-0.2871575004618263,-0.08998699430885988,2.9069909307840556,Ex,Sbrkr,2.7542699860284916,-0.8058476456345897,-0.11183896233236511,1.2636558808620009,0.20923762540902602,1.1488602780227886,Typ,Attchd,1.0683092166301575,1.7890975791506603,1.5780826761639102,Ta,Ta,0.9008582572291516,0.027990753414873847,-0.37071052595830367,-0.10217939216911985,-0.2698934816491846,-0.07638622508638289,0.9868929667900576,-1.370011347245818,Wd,Normal,315000.0
1360,1.493836176718892,0.2930650294741609,Rl,-0.9091115790440437,0.2362748856848436,Inside,Swisu,Feedr,Norm,1fam,2story,-0.8154008244853307,0.35434574153267734,-1.6446808362351926,0.6459986689740282,Gable,Compshg,Metalsd,Wdsdng,-0.5718951461336651,Ta,Brktil,Unf,-1.0478669023226053,Unf,-0.2871575004618263,0.09715255023295034,-1.2797173484335478,Ex,Sbrkr,-0.3708561641841366,3.119535879501266,-0.11183896233236511,2.7249066044598265,1.5081281986003237,1.1488602780227886,Typ,Builtin,0.8194824369727808,0.4033288092841152,0.832291500359866,Ta,Ta,0.8074847047962356,-0.7172050643637078,4.6706111385794395,-0.10217939216911985,-0.2698934816491846,-0.07638622508638289,-0.48685190517417704,0.1385272827549204,Wd,Normal,189000.0
1361,1.4962011723970043,-0.8779193078215382,Rl,3.012132290379652,2.241051701695421,Inside,Stonebr,Norm,Norm,1fam,1story,0.7855007178579084,-0.5526946526296532,1.1251944908450477,0.9871257106214042,Hip,Compshg,Vinylsd,Vinylsd,-0.4692198967885127,Ta,Pconc,Alq,2.1733375425620327,Unf,-0.2871575004618263,-0.7461598277022957,1.5297842599887912,Ex,Sbrkr,1.3337580995682061,-0.8058476456345897,-0.11183896233236511,0.20477854492154762,0.20923762540902602,0.45511711201748645,Typ,Attchd,1.1097803465730536,0.4033288092841152,-0.12372269144263363,Ta,Ta,0.6801571332968046,-0.12104841014084247,-0.37071052595830367,-0.10217939216911985,-0.2698934816491846,-0.07638622508638289,-0.11841568718311837,0.8927965977552895,Wd,Normal,260000.0
1362,1.4985661680751168,-0.17532870544411872,Rl,0.057770470950840196,1.0840834473637941,Fr2,Names,Feedr,Norm,1fam,1.5fin,-1.6158515956569501,-1.4597350467919836,-1.6776555425099573,1.0845905796635116,Gable,Compshg,Vinylsd,Vinylsd,-0.5718951461336651,Gd,Brktil,Unf,-1.0478669023226053,Unf,-0.2871575004618263,0.34114461463556367,-0.9644900437848539,Gd,Sbrkr,0.5477415223935148,0.307684490297804,-0.11183896233236511,0.6942151802006905,1.5081281986003237,0.45511711201748645,Typ,Attchd,-2.4152656985731156,-0.9824399605824299,-0.4340519055355916,Ta,Ta,-0.27904390533224194,-0.7172050643637078,-0.37071052595830367,-0.10217939216911985,-0.2698934816491846,-0.07638622508638289,-0.11841568718311837,0.8927965977552895,Wd,Normal,104900.0
1363,1.5009311637532292,0.05886816201502109,Rl,0.27263314872748107,-0.19000998827054044,Inside,Gilbert,Norm,Norm,1fam,2story,-0.014950053313711128,-0.5526946526296532,1.1581691971198125,1.0845905796635116,Gable,Compshg,Vinylsd,Vinylsd,-0.5718951461336651,Ta,Pconc,Unf,-1.0478669023226053,Unf,-0.2871575004618263,0.10662797020975086,-1.267475511359812,Ex,Sbrkr,-1.551459376486685,1.1336962935386823,-0.11183896233236511,-0.07288262316950456,0.20923762540902602,-0.23862605398781578,Typ,Builtin,1.1927226064588459,0.4033288092841152,-0.11371207163318338,Ta,Ta,-0.7459116674968221,-0.12104841014084247,-0.37071052595830367,-0.10217939216911985,-0.2698934816491846,-0.07638622508638289,-1.2237243411562944,-0.6157420322454488,New,Partial,156932.0
1364,1.5032961594313416,2.4008368366064192,Fv,-2.0371406373714085,-1.8783266260729885,Inside,Somerst,Norm,Norm,Twnhse,2story,0.7855007178579084,-0.5526946526296532,1.1251944908450477,0.9871257106214042,Gable,Compshg,Metalsd,Metalsd,-0.5718951461336651,Ta,Pconc,Unf,-1.0478669023226053,Unf,-0.2871575004618263,0.06872629030254879,-1.3164428596547548,Ex,Sbrkr,-1.8545019122648794,0.6561201477120978,1.7652296626092077,-0.5717315014347848,-1.0896529477822716,-1.6261123859984203,Typ,Detchd,1.1097803465730536,0.4033288092841152,0.1265428037936228,Ta,Ta,-0.7459116674968221,2.0317395078861713,-0.37071052595830367,-0.10217939216911985,-0.2698934816491846,-0.07638622508638289,-0.8552881231652357,-1.370011347245818,Wd,Abnorml,144152.0
1365,1.505661155109454,0.05886816201502109,Fv,0.057770470950840196,-0.5071049913095789,Inside,Somerst,Norm,Norm,1fam,2story,0.7855007178579084,-0.5526946526296532,0.9603209594712239,0.7434635380161356,Gable,Compshg,Vinylsd,Vinylsd,-0.5718951461336651,Ta,Pconc,Glq,0.2997798552311718,Unf,-0.2871575004618263,-0.6869384528472925,-0.6615045762098958,Ex,Sbrkr,-0.9264341464441594,1.2896395248289956,-0.11183896233236511,0.5436192924224926,0.20923762540902602,0.45511711201748645,Typ,Attchd,0.9024246968585731,0.4033288092841152,1.0425145163583214,Ta,Ta,-0.7459116674968221,0.872546013563933,-0.37071052595830367,-0.10217939216911985,-0.2698934816491846,-0.07638622508638289,-1.9605967771384116,1.6470659127556586,Wd,Normal,216000.0
1366,1.5080261507875665,0.05886816201502109,Rl,0.004054801506679975,0.025830454238514766,Inside,Collgcr,Norm,Norm,1fam,2story,0.7855007178579084,-0.5526946526296532,0.9273462531964591,0.6947311034950819,Gable,Compshg,Vinylsd,Vinylsd,0.4420229411497141,Ta,Pconc,Glq,0.5526216483932312,Unf,-0.2871575004618263,-0.7840615076094978,-0.4809374793722945,Ex,Sbrkr,-0.7117790169346051,1.4065969482967307,-0.11183896233236511,0.8165743390204762,0.20923762540902602,0.45511711201748645,Typ,Attchd,0.8609535669156769,0.4033288092841152,0.6671162735039367,Ta,Ta,-0.7459116674968221,0.7400667570699629,-0.37071052595830367,-0.10217939216911985,-0.2698934816491846,-0.07638622508638289,-0.11841568718311837,0.1385272827549204,Wd,Abnorml,193000.0
1367,1.510391146465679,2.4008368366064192,Rm,-1.446268273485646,-2.0417940200320523,Inside,Meadowv,Norm,Norm,Twnhse,2story,-0.8154008244853307,0.35434574153267734,0.20190271515163427,-0.37738245596809955,Gable,Compshg,Cemntbd,Cmentbd,-0.5718951461336651,Ta,Pconc,Alq,0.3377061242054807,Rec,0.823661531698094,-1.2673079264263243,-0.8359507545106293,Ex,Sbrkr,-0.5760412144506223,0.5342894982665405,-0.11183896233236511,0.0753602038621589,1.5081281986003237,-0.23862605398781578,Typ,Attchd,-0.05141129182803748,-0.9824399605824299,-0.5942218224867958,Ta,Ta,0.13689282823256588,-0.28664748075830504,-0.37071052595830367,-0.10217939216911985,-0.2698934816491846,-0.07638622508638289,0.2500205308079403,-1.370011347245818,Wd,Normal,127000.0
1368,1.5127561421437914,1.46404936676986,Rm,0.057770470950840196,-1.4799740446775997,Inside,Collgcr,Norm,Norm,Twnhse,1story,-0.014950053313711128,-0.5526946526296532,1.059245078295518,0.9383932761003505,Gable,Compshg,Vinylsd,Vinylsd,0.5190293781585783,Ta,Pconc,Glq,0.6840993808375022,Unf,-0.2871575004618263,-0.9664633421629077,-0.5574489610831425,Ex,Sbrkr,-0.8191065816893823,-0.8058476456345897,-0.11183896233236511,-1.4000088842148726,-2.3885435209735695,-1.6261123859984203,Typ,Attchd,1.0268380866872613,0.4033288092841152,-0.17377579048988492,Ta,Ta,0.44247899983120015,-0.7172050643637078,-0.37071052595830367,-0.10217939216911985,-0.2698934816491846,-0.07638622508638289,-0.11841568718311837,0.8927965977552895,Wd,Normal,144000.0
1369,1.5151211378219038,-0.8779193078215382,Rl,-1.0702585873765245,0.4879829311402565,Fr2,Collgcr,Norm,Norm,1fam,1story,1.5859514890295279,-0.5526946526296532,1.059245078295518,0.8896608415792968,Hip,Compshg,Vinylsd,Vinylsd,0.5254465812426503,Ta,Pconc,Blq,-0.11235226762298518,Glq,5.953976021269056,-0.6063973830444881,1.918462587079899,Ex,Sbrkr,1.7693817447493605,-0.8058476456345897,-0.11183896233236511,0.5295009279432866,0.20923762540902602,1.1488602780227886,Typ,Attchd,1.0268380866872613,0.4033288092841152,0.23665962169757562,Ta,Ta,-0.7459116674968221,3.621490585813812,-0.37071052595830367,-0.10217939216911985,-0.2698934816491846,-0.07638622508638289,-0.48685190517417704,1.6470659127556586,Wd,Normal,232000.0
1370,1.5174861335000163,-0.17532870544411872,Rl,1.1857995292782049,-1.173671063764014,Corner,Oldtown,Artery,Norm,1fam,1.5fin,-1.6158515956569501,0.35434574153267734,-1.6776555425099573,-1.6931581880365496,Gable,Compshg,Cblock,Cblock,-0.5718951461336651,Ta,Pconc,Alq,-0.2514152538621179,Rec,0.3870390219473739,-0.3576676086534745,-0.5819326352306139,Ex,Sbrkr,-0.8443601263375652,0.49530369044396216,-0.11183896233236511,-0.1622989315378095,-1.0896529477822716,-0.23862605398781578,Typ,Detchd,-0.46612259125699856,-0.9824399605824299,-0.5842112026773455,Ta,Ta,-0.7459116674968221,-0.7172050643637078,2.945507711843933,-0.10217939216911985,-0.2698934816491846,-0.07638622508638289,1.3553291847811162,0.8927965977552895,Wd,Normal,105000.0
1371,1.5198511291781287,0.5272618969333007,Rl,0.6486428348366026,0.1594610811448563,Inside,Names,Norm,Norm,1fam,Slvl,-0.014950053313711128,0.35434574153267734,-0.5235408228931906,0.5485337999319209,Hip,Compshg,Asbshng,Asbshng,-0.5718951461336651,Ta,Cblock,Blq,1.053248398854109,Unf,-0.2871575004618263,-0.971201052151308,-0.11674282642865795,Gd,Sbrkr,1.7472848931822005,-0.8058476456345897,-0.11183896233236511,0.5130295027175462,0.20923762540902602,1.1488602780227886,Typ,Builtin,-0.9637761505717519,-0.9824399605824299,-0.3890041163930655,Ta,Ta,-0.7459116674968221,-0.2535276666348125,-0.37071052595830367,-0.10217939216911985,3.1502026988282665,-0.07638622508638289,1.3553291847811162,0.1385272827549204,Wd,Normal,165500.0
1372,1.5222161248562411,0.05886816201502109,Rl,0.3800644876158015,0.20707294346303023,Corner,Collgcr,Norm,Norm,1fam,2story,0.7855007178579084,0.35434574153267734,0.8943715469216943,0.6459986689740282,Gable,Compshg,Vinylsd,Vinylsd,-0.5718951461336651,Ta,Pconc,Glq,1.4173405810074748,Unf,-0.2871575004618263,-1.0375289919889117,0.2382704487096768,Ex,Sbrkr,0.0016336193765605171,1.6039626003985334,-0.11183896233236511,1.5389639882065187,0.20923762540902602,1.1488602780227886,Typ,Detchd,0.8194824369727808,0.4033288092841152,0.6420897239803111,Ta,Ta,1.4016800384602468,2.0979791361331563,-0.37071052595830367,-0.10217939216911985,-0.2698934816491846,-0.07638622508638289,-0.11841568718311837,-1.370011347245818,Wd,Normal,274300.0
1374,1.526946116212466,0.05886816201502109,Fv,0.9172211820574037,0.48480880698571155,Inside,Somerst,Norm,Norm,1fam,2story,0.7855007178579084,-0.5526946526296532,1.1251944908450477,0.9871257106214042,Gable,Compshg,Cemntbd,Cmentbd,-0.5718951461336651,Ta,Pconc,Unf,-1.0478669023226053,Unf,-0.2871575004618263,1.0778585178318039,-0.012687211301904653,Ex,Sbrkr,-0.2572152132673137,1.465075660030598,-0.11183896233236511,1.2118885444382455,0.20923762540902602,1.842603444028091,Typ,Attchd,1.1097803465730536,1.7890975791506603,2.4089641203482817,Ta,Ta,0.5613180665640024,2.7603754186030067,-0.37071052595830367,-0.10217939216911985,-0.2698934816491846,-0.07638622508638289,0.2500205308079403,0.1385272827549204,Wd,Normal,250000.0
1375,1.5293111118905784,-0.8779193078215382,Rl,1.1320838598340446,0.600981751042056,Inside,Timber,Norm,Norm,1fam,1story,1.5859514890295279,-0.5526946526296532,1.1911439033945772,1.0845905796635116,Gable,Compshg,Vinylsd,Vinylsd,-0.05851889940790347,Ta,Pconc,Unf,-1.0478669023226053,Unf,-0.2871575004618263,2.3688844896708745,1.655263089994582,Ex,Sbrkr,1.4631825158901433,-0.8058476456345897,-0.11183896233236511,0.30125403552945557,0.20923762540902602,0.45511711201748645,Typ,Attchd,1.1927226064588459,1.7890975791506603,1.3378278007371038,Ta,Ta,0.10293880916605094,-0.12104841014084247,-0.37071052595830367,-0.10217939216911985,-0.2698934816491846,-0.07638622508638289,2.0922016207632335,-0.6157420322454488,New,Partial,239000.0
1376,1.5316761075686909,-0.6437224403623983,Rl,-0.8553959095998835,-0.8905391891786063,Inside,Swisu,Norm,Norm,1fam,1story,-0.014950053313711128,-0.5526946526296532,-1.3479084797623098,-1.6931581880365496,Gable,Compshg,Wdsdng,Wdsdng,-0.5718951461336651,Ta,Brktil,Rec,-0.07695441658029685,Unf,-0.2871575004618263,-0.44294638844467915,-0.8022857025578561,Ta,Sbrkr,-1.002194780388708,-0.8058476456345897,-0.11183896233236511,-1.5364864075138644,-1.0896529477822716,-1.6261123859984203,Typ,Detchd,-2.2079100488586354,-0.9824399605824299,-1.4751563657184183,Fa,Ta,-0.7459116674968221,1.6177418313425147,-0.37071052595830367,-0.10217939216911985,-0.2698934816491846,-0.07638622508638289,-0.8552881231652357,0.1385272827549204,Wd,Normal,91000.0
1377,1.5340411032468033,-0.17532870544411872,Rl,-0.42567055404660176,0.6032036379502375,Inside,Edwards,Norm,Norm,1fam,1.5fin,-0.8154008244853307,-0.5526946526296532,-0.9851867107398973,-1.2058338428260125,Gable,Compshg,Wdsdng,Wdsdng,-0.5718951461336651,Ta,Cblock,Lwq,-0.01627238622140258,Blq,2.4096285891749747,-0.9830453271223086,-0.14122650057612932,Ex,Sbrkr,-0.38979632267027375,0.7048524074903207,-0.11183896233236511,0.3789050401650888,0.20923762540902602,-0.23862605398781578,Min2,Detchd,-0.05141129182803748,0.4033288092841152,1.027498586644146,Ta,Ta,-0.7459116674968221,0.4088686158350378,-0.37071052595830367,-0.10217939216911985,-0.2698934816491846,-0.07638622508638289,0.2500205308079403,0.8927965977552895,Wd,Normal,117000.0
1378,1.536406098924916,2.4008368366064192,Rm,-2.5205816623688504,-2.2677916598356513,Inside,Brdale,Norm,Norm,Twnhs,2story,-0.014950053313711128,-0.5526946526296532,0.07000389005257522,-0.5723121940523144,Gable,Compshg,Hdboard,Hdboard,2.046323712167719,Ta,Cblock,Blq,-0.26658576145184143,Unf,-0.2871575004618263,-0.9404059372267063,-1.6745165940615234,Ta,Sbrkr,-1.9712995562627251,0.4222053007766278,-0.11183896233236511,-1.0729334404465993,-1.0896529477822716,-0.9323692199931181,Typ,Detchd,-0.2172958115996219,-0.9824399605824299,-0.954604135627005,Ta,Ta,-0.13473932429955351,-0.7172050643637078,-0.37071052595830367,-0.10217939216911985,-0.2698934816491846,-0.07638622508638289,-0.11841568718311837,-1.370011347245818,Wd,Normal,83000.0
1379,1.5387710946030284,0.5272618969333007,Rl,0.27263314872748107,0.20231175723121284,Inside,Timber,Norm,Norm,1fam,Slvl,-0.8154008244853307,-0.5526946526296532,1.1581691971198125,1.0845905796635116,Gable,Compshg,Vinylsd,Vinylsd,-0.5718951461336651,Ta,Pconc,Unf,-1.0478669023226053,Unf,-0.2871575004618263,-0.44294638844467915,-1.9775020616364816,Gd,Sbrkr,-1.115835731305531,0.7535846672685437,-0.11183896233236511,-0.11523771660712269,0.20923762540902602,0.45511711201748645,Typ,Builtin,1.1927226064588459,0.4033288092841152,-0.2738819885843875,Ta,Ta,0.10293880916605094,-0.7172050643637078,-0.37071052595830367,-0.10217939216911985,-0.2698934816491846,-0.07638622508638289,-0.48685190517417704,0.1385272827549204,Wd,Normal,167500.0
1380,1.5411360902811408,-0.6437224403623983,Rl,-1.231405595709005,-0.28110735150597993,Inside,Edwards,Norm,Norm,1fam,1story,-2.4163023668285697,-2.366775440954314,-1.875503780158546,-1.6931581880365496,Gable,Compshg,Stucco,Stucco,-0.5718951461336651,Fa,Brktil,Rec,-0.5345980622036245,Unf,-0.2871575004618263,0.2132264449487567,-0.5084816127881998,Ta,Fusef,-0.7685994923930166,-0.8058476456345897,-0.11183896233236511,-1.3623599122703232,-1.0896529477822716,-0.9323692199931181,Typ,Detchd,-1.6687853596009858,-0.9824399605824299,-1.2749439695294131,Ta,Fa,-0.7459116674968221,-0.7172050643637078,1.237152862067023,-0.10217939216911985,-0.2698934816491846,-0.07638622508638289,-0.11841568718311837,1.6470659127556586,Wd,Normal,58500.0
1381,1.5435010859592533,-0.8779193078215382,Rl,0.057770470950840196,1.2148573625310453,Corner,Names,Norm,Norm,1fam,1story,-0.014950053313711128,1.2613861356950078,-0.02892022877171907,-0.7185094976154754,Gable,Compshg,Brkface,Plywood,-0.5718951461336651,Ta,Cblock,Blq,1.1392146085292092,Unf,-0.2871575004618263,-0.5471760081894849,0.5351349977477671,Ex,Sbrkr,3.186736938128623,-0.8058476456345897,-0.11183896233236511,1.5860252031372055,1.5081281986003237,0.45511711201748645,Typ,Attchd,-0.34170920142831024,0.4033288092841152,0.4769144971243818,Ta,Ta,-0.7459116674968221,-0.021688967770364925,-0.37071052595830367,-0.10217939216911985,-0.2698934816491846,-0.07638622508638289,-0.48685190517417704,0.1385272827549204,Wd,Normal,237500.0
1382,1.5458660816373657,0.2930650294741609,Rm,-0.42567055404660176,-0.6023287159459267,Corner,Oldtown,Norm,Norm,1fam,2story,0.7855007178579084,1.2613861356950078,-1.6776555425099573,-1.6931581880365496,Hip,Compshg,Wdsdng,Wdsdng,-0.5718951461336651,Ta,Brktil,Unf,-1.0478669023226053,Unf,-0.2871575004618263,0.05925087032574827,-1.3286846967284904,Ex,Sbrkr,-0.3456026195359537,1.0557246778935256,-0.11183896233236511,0.7506886381175146,1.5081281986003237,1.1488602780227886,Typ,Detchd,0.44624226748671586,0.4033288092841152,0.6070525546472352,Ta,Ta,-0.4403254958981878,-0.7172050643637078,3.330724981891667,-0.10217939216911985,-0.2698934816491846,-0.07638622508638289,1.3553291847811162,-1.370011347245818,Wd,Normal,157000.0
1384,1.5505960729935906,-0.17532870544411872,Rl,-0.42567055404660176,-0.011941623200569892,Inside,Edwards,Norm,Norm,1fam,1.5fin,-0.014950053313711128,-0.5526946526296532,-1.0511361232894267,-1.6931581880365496,Gable,Compshg,Wdshing,Wdshng,-0.5718951461336651,Ta,Brktil,Rec,-0.5320696442720039,Unf,-0.2871575004618263,-0.5092743282822828,-1.4388612303921116,Ta,Sbrkr,-1.2926105438428108,0.558655628155652,-0.11183896233236511,-0.435253978135793,-1.0896529477822716,-0.23862605398781578,Typ,Detchd,-1.6273142296580896,-0.9824399605824299,-0.8745191771514029,Ta,Ta,-0.7459116674968221,-0.7172050643637078,-0.37071052595830367,-0.10217939216911985,-0.2698934816491846,-0.07638622508638289,1.3553291847811162,0.8927965977552895,Wd,Normal,105000.0
1385,1.552961068671703,-0.17532870544411872,Rm,-1.499983942929806,-1.1622442168076523,Inside,Idotrr,Norm,Norm,1fam,1.5fin,-1.6158515956569501,2.168426529857338,-1.6117061299604278,1.0845905796635116,Gable,Compshg,Vinylsd,Vinylsd,-0.5718951461336651,Gd,Brktil,Blq,0.8105202774185319,Unf,-0.2871575004618263,-1.208086551571321,-0.7165928430417063,Gd,Sbrkr,-0.9832546219025708,0.06645980439560052,-0.11183896233236511,-0.6799722957753644,0.20923762540902602,0.45511711201748645,Typ,Detchd,-2.3323234386873235,-0.9824399605824299,-1.0747315733404081,Ta,Ta,-0.7459116674968221,0.872546013563933,-0.37071052595830367,-0.10217939216911985,-0.2698934816491846,-0.07638622508638289,-0.48685190517417704,1.6470659127556586,Wd,Normal,125500.0
1387,1.557691060027928,-0.17532870544411872,Rm,-0.42567055404660176,-0.18334432754599608,Inside,Oldtown,Artery,Norm,1fam,1.5fin,-0.014950053313711128,1.2613861356950078,-1.8095543676090164,-1.6931581880365496,Gable,Compshg,Stucco,Stucco,-0.5718951461336651,Gd,Brktil,Rec,-0.6230926898103453,Lwq,3.218664416066015,-1.3525867062175287,-0.9675505030532878,Ta,Sbrkr,1.756754972425269,1.294512750806818,-0.11183896233236511,2.5484270484697507,2.8070187717916215,2.536346610033393,Typ,Detchd,-2.5811502183447,-0.9824399605824299,-1.194859011053811,Ta,Ta,0.0010767519665061786,-0.4688064584375139,-0.37071052595830367,-0.10217939216911985,-0.2698934816491846,-0.07638622508638289,0.6184567487989989,-0.6157420322454488,Cwd,Family,136000.0
1389,1.5624210513841528,-0.17532870544411872,Rm,-0.42567055404660176,-0.9832236144913183,Inside,Brkside,Norm,Norm,1fam,1.5fin,-0.014950053313711128,0.35434574153267734,-0.9851867107398973,-1.6931581880365496,Gable,Compshg,Wdsdng,Wdsdng,-0.5718951461336651,Gd,Brktil,Alq,-0.0997101779648822,Unf,-0.2871575004618263,-0.4997989083054823,-0.9032808584161754,Ex,Sbrkr,-0.7528160269879023,0.044530287495400216,-0.11183896233236511,-0.5293764079971666,0.20923762540902602,-0.23862605398781578,Typ,Detchd,1.0268380866872613,0.4033288092841152,-0.07366959239538234,Ta,Ta,-0.7459116674968221,-0.7172050643637078,-0.37071052595830367,-0.10217939216911985,-0.2698934816491846,-0.07638622508638289,-1.2237243411562944,-0.6157420322454488,Wd,Normal,131000.0
1390,1.5647860470622652,-0.8779193078215382,Rl,0.11148614039500042,0.0007548734176098254,Inside,Collgcr,Norm,Norm,1fam,1story,0.7855007178579084,-0.5526946526296532,0.9603209594712239,0.7434635380161356,Gable,Compshg,Vinylsd,Vinylsd,0.9939024063799077,Ta,Pconc,Glq,2.4919182019462274,Unf,-0.2871575004618263,-1.0564798319425126,1.5144819636466216,Ex,Sbrkr,1.3179746341630918,-0.8058476456345897,-0.11183896233236511,0.19301324118887592,0.20923762540902602,-0.23862605398781578,Typ,Attchd,0.9024246968585731,0.4033288092841152,0.43186670798185567,Ta,Ta,1.1130708763948698,-0.12104841014084247,-0.37071052595830367,-0.10217939216911985,-0.2698934816491846,-0.07638622508638289,0.9868929667900576,-1.370011347245818,Wd,Normal,235000.0
1391,1.5671510427403776,0.7614587643924405,Rl,-0.1570922068258007,-0.04876146339329107,Inside,Names,Norm,Norm,Duplex,1story,-0.8154008244853307,-0.5526946526296532,-0.12784434759601337,-0.8647068011786366,Gable,Compshg,Plywood,Plywood,-0.5718951461336651,Ta,Cblock,Unf,-1.0478669023226053,Unf,-0.2871575004618263,2.3996796045954762,1.695049060484223,Ta,Sbrkr,1.5042195259434403,-0.8058476456345897,-0.11183896233236511,0.33184382523440203,1.5081281986003237,1.1488602780227886,Mod,Detchd,-0.46612259125699856,1.7890975791506603,1.6881994940678628,Ta,Ta,-0.7459116674968221,1.7999008090217237,-0.37071052595830367,-0.10217939216911985,-0.2698934816491846,-0.07638622508638289,-0.8552881231652357,0.8927965977552895,Wd,Normal,124000.0
1392,1.56951603841849,0.6443603306628706,Rl,0.004054801506679975,-0.39981959488596025,Inside,Names,Norm,Norm,1fam,Sfoyer,-0.8154008244853307,-0.5526946526296532,-0.12784434759601337,-0.8647068011786366,Gable,Compshg,Hdboard,Hdboard,-0.5718951461336651,Ta,Cblock,Alq,0.8964864870936321,Unf,-0.2871575004618263,-1.1275454817685167,-0.5084816127881998,Ta,Sbrkr,-0.6549585414761937,-0.8058476456345897,-0.11183896233236511,-1.277649725395087,0.20923762540902602,-0.23862605398781578,Typ,Attchd,-0.46612259125699856,-0.9824399605824299,-0.8344766979136019,Ta,Ta,0.7395766666632058,1.6674215525277536,-0.37071052595830367,-0.10217939216911985,-0.2698934816491846,-0.07638622508638289,2.0922016207632335,-1.370011347245818,Wd,Normal,123000.0
1393,1.5718810340966025,3.103427438983839,Rm,-0.42567055404660176,0.5403559796902478,Inside,Oldtown,Norm,Norm,2fmcon,1.5fin,-0.014950053313711128,1.2613861356950078,-2.172276136631429,0.7434635380161356,Gable,Compshg,Wdsdng,Wdsdng,-0.5718951461336651,Ta,Brktil,Unf,-1.0478669023226053,Unf,-0.2871575004618263,-0.21079859901306647,-1.6775770533299574,Ex,Sbrkr,0.3583399375321433,0.8778519297030121,-0.11183896233236511,1.1036477500976658,0.20923762540902602,0.45511711201748645,Typ,Detchd,1.0268380866872613,0.4033288092841152,1.0875623055008474,Gd,Ta,-0.7459116674968221,-0.3032073878200513,3.1799877892642927,-0.10217939216911985,-0.2698934816491846,-0.07638622508638289,-0.8552881231652357,0.1385272827549204,Wd,Normal,163000.0
1394,1.574246029774715,1.46404936676986,Rl,-0.8016802401557234,-1.603764886704852,Inside,Blmngtn,Norm,Norm,Twnhse,1story,0.7855007178579084,-0.5526946526296532,1.1581691971198125,1.035858145142458,Hip,Compshg,Vinylsd,Vinylsd,-0.28312100735042417,Ta,Pconc,Glq,1.6575402845114313,Unf,-0.2871575004618263,-0.6750941778762919,0.9972643472812891,Ex,Sbrkr,1.2390573071375204,-0.8058476456345897,-0.11183896233236511,0.13418672252551742,-1.0896529477822716,-0.23862605398781578,Typ,Attchd,1.1512514765159496,1.7890975791506603,0.9674348677874444,Ta,Ta,0.6207375999304034,-0.3860069231287826,-0.37071052595830367,-0.10217939216911985,-0.2698934816491846,-0.07638622508638289,1.3553291847811162,-1.370011347245818,New,Partial,246578.0
1395,1.5766110254528274,0.05886816201502109,Rl,1.0783681903898843,1.1323301345128771,Inside,Timber,Norm,Norm,1fam,2story,1.5859514890295279,-0.5526946526296532,1.1251944908450477,1.035858145142458,Hip,Compshg,Vinylsd,Vinylsd,1.0003196094639797,Ta,Pconc,Unf,-1.0478669023226053,Unf,-0.2871575004618263,1.2389406574374127,0.19542401895160194,Ex,Sbrkr,0.08055094640213194,2.481143276406546,-0.11183896233236511,2.44489237562224,1.5081281986003237,1.842603444028091,Typ,Builtin,1.1097803465730536,1.7890975791506603,0.9374030083590936,Ta,Ta,0.4764330188977151,-0.07136868895560369,-0.37071052595830367,-0.10217939216911985,-0.2698934816491846,-0.07638622508638289,-1.592160559147353,-0.6157420322454488,Wd,Normal,281213.0
1397,1.5813410168090523,0.2930650294741609,Rm,-0.9091115790440437,-0.9451341246367791,Inside,Brkside,Norm,Norm,1fam,2story,-0.8154008244853307,2.168426529857338,-1.6776555425099573,0.9383932761003505,Gable,Compshg,Metalsd,Metalsd,-0.5718951461336651,Ta,Brktil,Unf,-1.0478669023226053,Unf,-0.2871575004618263,0.8717681333363927,-0.27894716765565575,Ex,Sbrkr,-0.5318475113163023,0.592768210000408,-0.11183896233236511,0.16477651223046383,1.5081281986003237,1.1488602780227886,Typ,Detchd,-1.8761410093154662,-0.9824399605824299,-1.3750501676239157,Fa,Fa,-0.5421875530977326,-0.7172050643637078,2.141576017831269,-0.10217939216911985,-0.2698934816491846,-0.07638622508638289,-0.48685190517417704,-0.6157420322454488,Wd,Normal,137500.0
1398,1.5837060124871647,-0.17532870544411872,Rl,-0.42567055404660176,-0.6023287159459267,Inside,Names,Norm,Norm,1fam,1.5fin,-0.8154008244853307,-1.4597350467919836,-0.6884143542670144,-0.13372028336283104,Gable,Compshg,Vinylsd,Wdsdng,-0.5718951461336651,Ta,Cblock,Rec,-0.5927516746308982,Blq,1.9730060794242543,0.24875926986175861,0.5443163755530689,Gd,Fusea,0.09002102564520051,1.0654711298491704,-0.11183896233236511,1.084823264125391,0.20923762540902602,0.45511711201748645,Min1,Attchd,-1.1711318002862325,-0.9824399605824299,-1.0747315733404081,Ta,Ta,-0.7459116674968221,-0.7172050643637078,2.4430504030860183,-0.10217939216911985,-0.2698934816491846,-0.07638622508638289,-0.48685190517417704,0.8927965977552895,Wd,Normal,138000.0
1399,1.5860710081652771,-0.17532870544411872,Rl,-0.9091115790440437,-0.9289460914486,Inside,Swisu,Norm,Norm,1fam,1.5fin,-0.014950053313711128,0.35434574153267734,-1.5127820111361334,0.2561391928055986,Gable,Compshg,Wdshing,Wdshng,-0.5718951461336651,Ta,Brktil,Blq,-0.38036456837476823,Unf,-0.2871575004618263,0.3340380496529633,-0.16571017472360067,Ex,Sbrkr,0.16578165958974908,0.28575497339760364,-0.11183896233236511,0.3883172831512262,0.20923762540902602,0.45511711201748645,Typ,Detchd,-2.2079100488586354,-0.9824399605824299,-1.194859011053811,Fa,Ta,0.5018985331976012,-0.45224655137576764,-0.37071052595830367,-0.10217939216911985,-0.2698934816491846,-0.07638622508638289,1.3553291847811162,0.8927965977552895,Wd,Normal,137450.0
1400,1.5884360038433896,-0.17532870544411872,Rm,-0.962827248488204,-0.9832236144913183,Corner,Brkside,Norm,Norm,1fam,1.5fin,-0.014950053313711128,1.2613861356950078,-1.3808831860370745,-1.6931581880365496,Gable,Compshg,Wdshing,Wdshng,-0.5718951461336651,Ta,Brktil,Unf,-1.0478669023226053,Unf,-0.2871575004618263,0.6893662987829827,-0.5146025313250676,Ta,Sbrkr,-0.49712388742505087,-0.29903214394107136,-0.11183896233236511,-0.670560052789227,0.20923762540902602,-0.9323692199931181,Typ,Builtin,-2.042025529087051,-0.9824399605824299,-1.2349014902916122,Ta,Ta,-0.7459116674968221,-0.7172050643637078,1.5051300934045773,-0.10217939216911985,-0.2698934816491846,-0.07638622508638289,0.2500205308079403,0.1385272827549204,Wd,Normal,120000.0
1401,1.590800999521502,0.05886816201502109,Rl,-0.31823921515828135,-0.5340850466232108,Inside,Gilbert,Norm,Norm,1fam,2story,-0.014950053313711128,-0.5526946526296532,1.092219784570283,0.9383932761003505,Gable,Compshg,Vinylsd,Vinylsd,-0.5718951461336651,Ta,Pconc,Glq,0.8712023077774261,Unf,-0.2871575004618263,-1.1630783066815185,-0.5849930944990478,Ex,Sbrkr,-0.7685994923930166,0.9704432232816356,-0.11183896233236511,0.3530213719532111,0.20923762540902602,1.1488602780227886,Typ,Attchd,1.0683092166301575,0.4033288092841152,-0.28389260839383773,Ta,Ta,0.10293880916605094,0.5247879652672616,-0.37071052595830367,-0.10217939216911985,-0.2698934816491846,-0.07638622508638289,-0.8552881231652357,0.1385272827549204,Wd,Normal,193000.0
1402,1.5931659951996144,-0.8779193078215382,Rl,-0.2108078762699609,-0.7413553539149946,Inside,Collgcr,Norm,Norm,1fam,1story,0.7855007178579084,-0.5526946526296532,1.1581691971198125,1.035858145142458,Gable,Compshg,Vinylsd,Vinylsd,-0.5718951461336651,Ta,Pconc,Unf,-1.0478669023226053,Unf,-0.2871575004618263,1.6937608163238376,0.7830321984909147,Ex,Sbrkr,0.5887785324468119,-0.8058476456345897,-0.11183896233236511,-0.35054379126055674,-1.0896529477822716,-0.23862605398781578,Typ,Attchd,1.1512514765159496,0.4033288092841152,1.0375092064535962,Ta,Ta,0.6801571332968046,0.19358982403233643,-0.37071052595830367,-0.10217939216911985,-0.2698934816491846,-0.07638622508638289,0.2500205308079403,-1.370011347245818,New,Partial,193879.0
1403,1.5955309908777269,-0.8779193078215382,Rl,-1.0165429179323642,1.9547457029554685,Culdsac,Somerst,Rran,Norm,1fam,1story,1.5859514890295279,-0.5526946526296532,1.1911439033945772,1.0845905796635116,Gable,Compshg,Vinylsd,Vinylsd,-0.03285008707161539,Ta,Pconc,Glq,1.3010333561529275,Unf,-0.2871575004618263,-0.035503329442256905,1.3920635929092648,Ex,Sbrkr,1.1254163562206976,-0.8058476456345897,-0.11183896233236511,0.04947653565028115,0.20923762540902602,-0.23862605398781578,Typ,Attchd,1.1927226064588459,1.7890975791506603,1.4979977176883081,Ta,Ta,0.6801571332968046,1.9323800655156935,-0.37071052595830367,-0.10217939216911985,-0.2698934816491846,-0.07638622508638289,0.6184567487989989,-0.6157420322454488,Wd,Normal,282922.0
1404,1.5978959865558393,-0.17532870544411872,Rl,-0.42567055404660176,0.4165651376629956,Corner,Oldtown,Artery,Norm,1fam,1.5fin,-2.4163023668285697,-1.4597350467919836,-1.8425290738837812,-1.6931581880365496,Gable,Compshg,Wdsdng,Wdsdng,-0.5718951461336651,Ta,Pconc,Unf,-1.0478669023226053,Unf,-0.2871575004618263,0.2392838498849581,-1.0960897923275126,Ta,Sbrkr,-1.3052373161669022,0.46119110859920615,-0.11183896233236511,-0.538788650983304,0.20923762540902602,-0.23862605398781578,Typ,Detchd,0.8194824369727808,1.7890975791506603,2.4089641203482817,Ta,Ta,1.0876053620949837,-0.7172050643637078,2.309061787417241,-0.10217939216911985,-0.2698934816491846,-0.07638622508638289,-1.9605967771384116,-1.370011347245818,Wd,Family,105000.0
1405,1.6002609822339517,1.46404936676986,Rm,-1.2851212651531654,-1.6681996070421141,Inside,Crawfor,Norm,Norm,Twnhse,1story,1.5859514890295279,-0.5526946526296532,1.092219784570283,0.9871257106214042,Hip,Compshg,Cemntbd,Cmentbd,0.5446981904948665,Ta,Pconc,Glq,2.4236509177924717,Unf,-0.2871575004618263,-0.8290697524993003,1.7256536531685622,Ex,Sbrkr,1.6999344969668575,-0.8058476456345897,-0.11183896233236511,0.47773359151953115,-1.0896529477822716,-0.9323692199931181,Typ,Attchd,1.0683092166301575,0.4033288092841152,0.13655342360307304,Ta,Ta,0.3406169426316554,0.1604700099088439,-0.37071052595830367,-0.10217939216911985,2.708280158654214,-0.07638622508638289,-1.9605967771384116,0.1385272827549204,Wd,Normal,275000.0
1406,1.6026259779120642,0.6443603306628706,Rl,0.11148614039500042,-0.20715025870508305,Corner,Collgcr,Norm,Norm,1fam,Sfoyer,-0.8154008244853307,1.2613861356950078,0.03702918377781046,1.0845905796635116,Gable,Compshg,Hdboard,Wdshng,-0.5718951461336651,Ta,Cblock,Glq,0.6107752608205049,Unf,-0.2871575004618263,-1.0872749468671143,-0.8022857025578561,Ta,Sbrkr,-1.071642028171211,-0.8058476456345897,-0.11183896233236511,-1.5882537439376199,-1.0896529477822716,-0.9323692199931181,Typ,Detchd,0.4047711375438197,0.4033288092841152,-0.293903228203288,Ta,Ta,-0.25357839103235574,-0.7172050643637078,-0.37071052595830367,-0.10217939216911985,-0.2698934816491846,-0.07638622508638289,-1.2237243411562944,0.8927965977552895,Wd,Normal,133000.0
1407,1.6049909735901766,-0.8779193078215382,Rl,0.057770470950840196,-0.10081709952782791,Corner,Mitchel,Norm,Norm,1fam,1story,-0.8154008244853307,-0.5526946526296532,0.4657003653497524,0.01247702020033009,Gable,Compshg,Hdboard,Plywood,-0.5718951461336651,Ta,Cblock,Alq,0.5323943049402665,Unf,-0.2871575004618263,-0.8598648674239019,-0.6033558501096513,Ex,Sbrkr,-0.8664569779047251,-0.8058476456345897,-0.11183896233236511,-1.4353047954128877,0.20923762540902602,-0.9323692199931181,Typ,Attchd,0.07300209800065086,-2.368208730448975,-2.2760059504744388,Ta,Ta,-0.7459116674968221,-0.7172050643637078,-0.37071052595830367,-0.10217939216911985,-0.2698934816491846,-0.07638622508638289,-1.2237243411562944,0.8927965977552895,Wd,Normal,112000.0
1408,1.607355969268289,0.2930650294741609,Rm,-0.42567055404660176,-0.4309260116005006,Inside,Oldtown,Norm,Norm,1fam,2story,-1.6158515956569501,1.2613861356950078,-2.007402605257605,-1.6931581880365496,Gable,Compshg,Vinylsd,Vinylsd,-0.5718951461336651,Ta,Cblock,Unf,-1.0478669023226053,Unf,-0.2871575004618263,0.12084110017495164,-1.2491127557492085,Gd,Sbrkr,-1.156872741358828,0.709725633468143,-0.11183896233236511,-0.18818259974968723,0.20923762540902602,-0.23862605398781578,Typ,Detchd,-0.5075937211998947,0.4033288092841152,0.366797679220429,Ta,Ta,-0.7459116674968221,-0.7172050643637078,-0.37071052595830367,-0.10217939216911985,2.958062463969983,-0.07638622508638289,-0.11841568718311837,1.6470659127556586,Wd,Normal,125500.0
1410,1.612085960624514,0.05886816201502109,Rl,0.5949271653924424,1.0545640927265263,Inside,Collgcr,Norm,Norm,1fam,2story,0.7855007178579084,-0.5526946526296532,0.9932956657459886,0.7921959725371894,Gable,Compshg,Vinylsd,Vinylsd,-0.5718951461336651,Ta,Pconc,Glq,0.6360594401367109,Unf,-0.2871575004618263,-0.6940450178298929,-0.26364487131348613,Ex,Sbrkr,-0.516064045911188,1.377357592429797,-0.11183896233236511,0.9342273763471932,0.20923762540902602,-0.23862605398781578,Typ,Attchd,0.9438958268014691,0.4033288092841152,0.837296810264591,Ta,Ta,-0.7459116674968221,0.027990753414873847,-0.37071052595830367,-0.10217939216911985,-0.2698934816491846,-0.07638622508638289,-0.11841568718311837,0.8927965977552895,Wd,Normal,230000.0
1411,1.6144509563026264,-0.17532870544411872,Rl,0.6486428348366026,0.1594610811448563,Inside,Names,Norm,Norm,1fam,1.5fin,-0.014950053313711128,2.168426529857338,-0.6884143542670144,0.9871257106214042,Gable,Compshg,Vinylsd,Vinylsd,-0.5718951461336651,Gd,Cblock,Blq,-0.7444567505281339,Unf,-0.2871575004618263,0.3908905695137664,-0.5329652869356711,Ex,Sbrkr,0.014260391700651945,0.5489091762000073,-0.11183896233236511,0.5295009279432866,0.20923762540902602,-0.23862605398781578,Min2,Attchd,-1.1711318002862325,-0.9824399605824299,-0.9195669662939291,Ta,Ta,-0.7459116674968221,-0.7172050643637078,-0.37071052595830367,-0.10217939216911985,-0.2698934816491846,-0.07638622508638289,0.9868929667900576,0.8927965977552895,Wd,Normal,140000.0
1413,1.6191809476588512,-0.8779193078215382,Rl,1.0783681903898843,0.6019339882884195,Corner,Sawyerw,Norm,Norm,1fam,1story,1.5859514890295279,-0.5526946526296532,1.1251944908450477,1.035858145142458,Gable,Compshg,Vinylsd,Vinylsd,1.776801182636694,Ta,Pconc,Glq,1.4198689989390954,Unf,-0.2871575004618263,0.7035794287481835,2.4907684702770423,Ex,Sbrkr,2.324959727009383,-0.8058476456345897,-0.11183896233236511,0.9436396193333305,-1.0896529477822716,0.45511711201748645,Typ,Attchd,1.1097803465730536,0.4033288092841152,0.8272861904551408,Ta,Ta,0.6546916189969184,0.011430846353127591,-0.37071052595830367,-0.10217939216911985,-0.2698934816491846,-0.07638622508638289,0.9868929667900576,0.8927965977552895,Cod,Abnorml,257000.0
1414,1.6215459433369637,-0.17532870544411872,Rl,-0.2108078762699609,1.2554861517092204,Inside,Brkside,Norm,Norm,1fam,1.5fin,-0.014950053313711128,1.2613861356950078,-1.578731423685663,0.7434635380161356,Gambrel,Compshg,Wdsdng,Wdsdng,-0.5718951461336651,Ta,Brktil,Unf,-1.0478669023226053,Unf,-0.2871575004618263,0.6206695039511789,-0.6033558501096513,Gd,Sbrkr,-0.17198450007969662,1.1312596805497712,-0.11183896233236511,0.9530518623194679,1.5081281986003237,1.1488602780227886,Typ,Detchd,-2.3323234386873235,0.4033288092841152,-0.42404128572614136,Ta,Ta,-0.7459116674968221,-0.7172050643637078,-0.37071052595830367,-0.10217939216911985,3.9571916852330586,-0.07638622508638289,-0.11841568718311837,0.1385272827549204,Wd,Normal,207000.0
1415,1.623910939015076,1.46404936676986,Rl,-0.9091115790440437,-1.7339039770411941,Inside,Blmngtn,Norm,Norm,Twnhse,1story,0.7855007178579084,-0.5526946526296532,1.1911439033945772,1.0845905796635116,Hip,Compshg,Vinylsd,Vinylsd,0.26234125479569753,Ta,Pconc,Alq,1.4502100141185426,Unf,-0.2871575004618263,-0.4097824185258773,1.0890781253343067,Ex,Sbrkr,1.4568691297280976,-0.8058476456345897,-0.11183896233236511,0.2965479140363869,-2.3885435209735695,0.45511711201748645,Typ,Attchd,1.1927226064588459,1.7890975791506603,1.027498586644146,Ta,Ta,0.46794451413108634,-0.3860069231287826,-0.37071052595830367,-0.10217939216911985,-0.2698934816491846,-0.07638622508638289,-0.48685190517417704,0.8927965977552895,Wd,Normal,175900.0
1416,1.6262759346931885,3.103427438983839,Rm,-0.42567055404660176,0.711758684035674,Inside,Oldtown,Norm,Norm,2fmcon,2story,-1.6158515956569501,0.35434574153267734,-2.831770262126724,-1.6931581880365496,Gable,Compshg,Vinylsd,Asbshng,-0.5718951461336651,Ta,Pconc,Unf,-1.0478669023226053,Unf,-0.2871575004618263,0.48801362427597167,-0.7747415691419508,Gd,Sbrkr,0.4372572645577148,1.7379763147886464,-0.11183896233236511,1.9931047122876464,1.5081281986003237,3.2300897760386955,Typ,Detchd,-0.30023807148541415,0.4033288092841152,0.5269675961716331,Ta,Ta,-0.7459116674968221,-0.7172050643637078,1.5386272473217717,-0.10217939216911985,-0.2698934816491846,-0.07638622508638289,-0.8552881231652357,1.6470659127556586,Wd,Normal,122500.0
1417,1.628640930371301,0.05886816201502109,Rl,0.057770470950840196,2.3638903064763097,Inside,Noridge,Norm,Norm,1fam,2story,1.5859514890295279,-0.5526946526296532,0.8943715469216943,0.6459986689740282,Gable,Compshg,Vinylsd,Vinylsd,4.119080308322982,Ta,Pconc,Glq,0.9268275022730793,Unf,-0.2871575004618263,-0.16105264413486375,0.7769112799540469,Ex,Sbrkr,0.6392856217431776,1.9718911617241164,-0.11183896233236511,2.369594431733141,0.20923762540902602,0.45511711201748645,Typ,Attchd,0.8194824369727808,1.7890975791506603,3.0746703376767237,Ta,Ta,-0.7459116674968221,1.369343225416321,-0.37071052595830367,-0.10217939216911985,-0.2698934816491846,-0.07638622508638289,-0.48685190517417704,0.8927965977552895,Wd,Normal,340000.0
1418,1.6310059260494134,-0.8779193078215382,Rl,0.16520180983916063,0.03376576462487709,Inside,Names,Norm,Norm,1fam,1story,-0.8154008244853307,-0.5526946526296532,-0.2597431726950724,-1.0596365392628515,Gable,Compshg,Hdboard,Hdboard,-0.5718951461336651,Ta,Cblock,Blq,-0.9846564540320903,Rec,5.311884095165055,-0.7674795226500969,0.34844698237329796,Ta,Sbrkr,0.11527457029338337,-0.8058476456345897,-0.11183896233236511,-0.7035029032407079,0.20923762540902602,-0.23862605398781578,Typ,Detchd,-0.6734782409714791,-0.9824399605824299,-0.5942218224867958,Ta,Ta,-0.7459116674968221,0.7400667570699629,-0.37071052595830367,-0.10217939216911985,-0.2698934816491846,-0.07638622508638289,0.6184567487989989,0.1385272827549204,Cod,Normal,124000.0
1419,1.6333709217275258,-0.8779193078215382,Rl,0.057770470950840196,2.311834670341773,Inside,Crawfor,Norm,Norm,1fam,1story,-0.014950053313711128,-0.5526946526296532,-0.061894935046483836,-0.7672419321365292,Gable,Compshg,Plywood,Plywood,1.430272216096805,Gd,Cblock,Rec,1.758677001776255,Unf,-0.2871575004618263,0.38615285952536615,2.4907684702770423,Gd,Sbrkr,2.324959727009383,-0.8058476456345897,-0.11183896233236511,0.9436396193333305,0.20923762540902602,0.45511711201748645,Typ,Attchd,-0.38318033137120633,0.4033288092841152,0.4268613980771305,Ta,Ta,-0.7459116674968221,0.49166815114376905,3.2469820970986816,-0.10217939216911985,-0.2698934816491846,-0.07638622508638289,2.0922016207632335,-1.370011347245818,Wd,Normal,223000.0
1420,1.6357359174056383,0.05886816201502109,Rl,1.1857995292782049,0.8260271535992915,Corner,Nwames,Norm,Norm,1fam,2story,-0.014950053313711128,0.35434574153267734,-0.0948696413212486,-0.8159743666575829,Gable,Compshg,Hdboard,Hdboard,2.1233301491765832,Ta,Cblock,Alq,-0.02638605794788496,Unf,-0.2871575004618263,-0.6324547879806895,-0.9859132586638913,Gd,Sbrkr,-1.2610436130325822,0.9192743505145016,-0.11183896233236511,-0.06347038018336719,0.20923762540902602,0.45511711201748645,Typ,Attchd,-0.4246514613141025,0.4033288092841152,1.6081145355922608,Ta,Ta,-0.7459116674968221,2.0814192290714097,-0.37071052595830367,-0.10217939216911985,2.016575313164392,-0.07638622508638289,-0.48685190517417704,-1.370011347245818,Wd,Normal,179900.0
1421,1.6381009130837507,1.46404936676986,Rl,-0.8016802401557234,-1.6043997115357609,Inside,Npkvill,Norm,Norm,Twnhse,1story,-0.014950053313711128,-0.5526946526296532,0.20190271515163427,-0.37738245596809955,Gable,Compshg,Plywood,Plywood,-0.5718951461336651,Ta,Cblock,Alq,-0.13763644693919114,Unf,-0.2871575004618263,0.32693148467036287,0.11891253724075393,Ta,Sbrkr,-0.12147741078333091,-0.8058476456345897,-0.11183896233236511,-0.8799824592307833,-1.0896529477822716,-1.6261123859984203,Typ,Attchd,-0.05141129182803748,0.4033288092841152,-0.07366959239538234,Ta,Ta,-0.7459116674968221,0.19358982403233643,-0.37071052595830367,-0.10217939216911985,2.9004203935124977,-0.07638622508638289,0.2500205308079403,1.6470659127556586,Wd,Normal,127500.0
1422,1.6404659087618632,1.46404936676986,Rm,-1.6611309512622867,-1.4799740446775997,Inside,Collgcr,Norm,Norm,Twnhse,1story,-0.014950053313711128,-0.5526946526296532,1.059245078295518,0.8896608415792968,Gable,Compshg,Vinylsd,Vinylsd,0.5190293781585783,Ta,Pconc,Glq,0.6866277987691227,Unf,-0.2871575004618263,-0.9688321971571079,-0.5574489610831425,Ex,Sbrkr,-0.8191065816893823,-0.8058476456345897,-0.11183896233236511,-1.4000088842148726,-2.3885435209735695,-2.3198555520037223,Typ,Attchd,1.0268380866872613,0.4033288092841152,-0.17377579048988492,Ta,Ta,0.44247899983120015,-0.7172050643637078,-0.37071052595830367,-0.10217939216911985,-0.2698934816491846,-0.07638622508638289,-1.2237243411562944,0.1385272827549204,Wd,Normal,136500.0
1424,1.645195900118088,-0.8779193078215382,Rl,0.057770470950840196,0.12867207684577048,Inside,Names,Norm,Norm,1fam,1story,-0.8154008244853307,-0.5526946526296532,-0.42461670406889623,-0.08498784884177732,Hip,Compshg,Hdboard,Hdboard,-0.5718951461336651,Ta,Cblock,Alq,0.10762009242800656,Rec,2.1142663031671343,-0.8953976923369039,-0.018808129838772492,Ta,Sbrkr,0.7466131864979547,-0.8058476456345897,-0.11183896233236511,-0.2328907539338397,-1.0896529477822716,-0.23862605398781578,Min1,Detchd,-0.34170920142831024,-0.9824399605824299,0.1465640434125233,Ta,Ta,1.9364558387578568,-0.2535276666348125,-0.37071052595830367,-0.10217939216911985,-0.2698934816491846,-0.07638622508638289,-0.11841568718311837,-0.6157420322454488,Wd,Normal,144000.0
1425,1.6475608957962005,-0.8779193078215382,Rl,0.6486428348366026,0.5152803988693428,Inside,Names,Norm,Norm,1fam,1story,-0.014950053313711128,0.35434574153267734,-0.3916419977941315,-1.2545662773470663,Hip,Compshg,Hdboard,Hdboard,0.9874852032958357,Ta,Cblock,Unf,-1.0478669023226053,Unf,-0.2871575004618263,1.6132197465210332,0.6789765833641613,Ex,Sbrkr,0.4561974230438519,-0.8058476456345897,-0.11183896233236511,-0.44937234261499903,0.20923762540902602,0.45511711201748645,Typ,Detchd,-0.7564205008572713,0.4033288092841152,0.366797679220429,Ta,Ta,-0.7459116674968221,-0.07136868895560369,-0.37071052595830367,-0.10217939216911985,-0.2698934816491846,-0.07638622508638289,1.3553291847811162,0.1385272827549204,Wd,Normal,142000.0
1426,1.649925891474313,0.05886816201502109,Rl,0.7023585042807629,0.5860633675156948,Inside,Noridge,Norm,Norm,1fam,2story,0.7855007178579084,-0.5526946526296532,0.7624727218226353,0.4510689308898134,Gable,Compshg,Vinylsd,Vinylsd,2.3030118355306,Ta,Pconc,Glq,1.4805510292979895,Unf,-0.2871575004618263,-0.8243320425109,0.5902232645795776,Ex,Sbrkr,0.36465332369418907,1.3968504963410862,-0.11183896233236511,1.609555810602549,0.20923762540902602,-0.9323692199931181,Typ,Attchd,0.6535979172011964,0.4033288092841152,0.35178174950625357,Ta,Ta,0.7056226475966908,1.4687026677867985,-0.37071052595830367,-0.10217939216911985,-0.2698934816491846,-0.07638622508638289,0.6184567487989989,0.1385272827549204,Wd,Normal,271000.0
1427,1.6522908871524253,-0.17532870544411872,Rl,-0.42567055404660176,0.5816195936993319,Inside,Names,Artery,Norm,1fam,1.5fin,-0.8154008244853307,0.35434574153267734,-0.8532878856408382,-1.6931581880365496,Gable,Compshg,Metalsd,Metalsd,-0.5718951461336651,Ta,Cblock,Blq,0.4186154980173397,Unf,-0.2871575004618263,-0.5637579931488857,-0.35851910863493763,Ta,Fusea,-0.1877679654848109,0.4368249787100947,-0.11183896233236511,0.27066424582450915,0.20923762540902602,-0.23862605398781578,Typ,Attchd,-0.6734782409714791,-0.9824399605824299,-0.8344766979136019,Ta,Ta,-0.7459116674968221,-0.7172050643637078,-0.37071052595830367,-0.10217939216911985,-0.2698934816491846,-0.07638622508638289,-0.8552881231652357,0.1385272827549204,Wd,Normal,140000.0
1428,1.6546558828305378,-0.6437224403623983,Rm,-0.42567055404660176,-0.6023287159459267,Corner,Oldtown,Norm,Norm,1fam,1story,-0.8154008244853307,1.2613861356950078,-1.018161417014662,0.35360406184770604,Gable,Compshg,Metalsd,Metalsd,1.3147625605835087,Gd,Cblock,Blq,0.24162624280389808,Unf,-0.2871575004618263,-0.6940450178298929,-0.7410765171891777,Ta,Sbrkr,-0.958001077254388,-0.8058476456345897,-0.11183896233236511,-1.5035435570623836,-1.0896529477822716,-1.6261123859984203,Typ,Attchd,-1.5858430997151935,-0.9824399605824299,-1.0747315733404081,Ta,Ta,-0.7459116674968221,-0.7172050643637078,2.208570325665658,-0.10217939216911985,-0.2698934816491846,-0.07638622508638289,-1.592160559147353,1.6470659127556586,Wd,Abnorml,119000.0
1429,1.6570208785086502,-0.8779193078215382,Rl,0.057770470950840196,1.0945580570737925,Corner,Nwames,Norm,Norm,1fam,1story,-0.014950053313711128,1.2613861356950078,0.33380154025069336,-0.18245271788388473,Gable,Compshg,Metalsd,Metalsd,1.417437809928661,Gd,Cblock,Blq,0.666400455316158,Unf,-0.2871575004618263,0.45248079936296975,1.2543429258297385,Ex,Sbrkr,1.0496557222761491,-0.8058476456345897,-0.11183896233236511,-0.0069969222665430195,0.20923762540902602,0.45511711201748645,Typ,Attchd,0.11447322794354696,0.4033288092841152,0.06147377503219612,Ta,Ta,-0.7459116674968221,-0.7172050643637078,1.2873985929428144,-0.10217939216911985,-0.2698934816491846,-0.07638622508638289,-0.8552881231652357,-0.6157420322454488,Wd,Normal,182900.0
1431,1.661750869864875,1.46404936676986,Rl,0.057770470950840196,-1.3234897238585348,Inside,Npkvill,Norm,Norm,Twnhse,1story,-0.014950053313711128,0.35434574153267734,0.1689280088768695,-0.42611489048915324,Gable,Compshg,Plywood,Plywood,-0.5718951461336651,Ta,Cblock,Lwq,1.3743574761699247,Unf,-0.2871575004618263,-1.3525867062175287,-0.22079844155541123,Ta,Sbrkr,-0.471870342776868,-0.8058476456345897,-0.11183896233236511,-1.141172202096095,-1.0896529477822716,-0.9323692199931181,Typ,Attchd,-0.09288242177093359,0.4033288092841152,-0.07366959239538234,Ta,Ta,-0.7459116674968221,0.27638935934106773,-0.37071052595830367,-0.10217939216911985,-0.2698934816491846,-0.07638622508638289,1.3553291847811162,0.8927965977552895,Wd,Normal,143750.0
1432,1.6641158655429875,-0.6437224403623983,Rl,-0.42567055404660176,0.5403559796902478,Inside,Oldtown,Norm,Norm,1fam,1story,-1.6158515956569501,0.35434574153267734,-1.446832598586604,1.0845905796635116,Gable,Compshg,Wdsdng,Wdsdng,-0.5718951461336651,Ta,Brktil,Unf,-1.0478669023226053,Unf,-0.2871575004618263,0.20138216997775604,-1.1450571406224552,Ta,Sbrkr,-0.44030341196663947,-0.8058476456345897,-0.11183896233236511,-1.1176415946307516,1.5081281986003237,-0.9323692199931181,Typ,Detchd,-2.083496659029947,-0.9824399605824299,-1.194859011053811,Fa,Fa,-0.7459116674968221,-0.7172050643637078,-0.37071052595830367,-0.10217939216911985,-0.2698934816491846,-0.07638622508638289,0.6184567487989989,-0.6157420322454488,Wd,Normal,64500.0
1433,1.6664808612211,0.05886816201502109,Rl,1.3469465376106855,0.3692706877602761,Inside,Gilbert,Norm,Norm,1fam,2story,-0.014950053313711128,-0.5526946526296532,0.9603209594712239,0.7434635380161356,Gable,Compshg,Vinylsd,Vinylsd,1.4687754346012372,Ta,Pconc,Unf,-1.0478669023226053,Unf,-0.2871575004618263,0.8646615683537923,-0.2881285454609575,Ex,Sbrkr,-0.4592435704527766,1.2165411351616613,-0.11183896233236511,0.8212804605135449,0.20923762540902602,1.1488602780227886,Typ,Attchd,0.9024246968585731,0.4033288092841152,-0.018611183443405933,Ta,Ta,-0.7459116674968221,-0.7172050643637078,-0.37071052595830367,-0.10217939216911985,-0.2698934816491846,-0.07638622508638289,-0.48685190517417704,0.1385272827549204,Wd,Normal,186500.0
1434,1.6688458568992124,-0.8779193078215382,Rl,0.6486428348366026,2.635277921689901,Inside,Mitchel,Norm,Norm,1fam,1story,-0.8154008244853307,-0.5526946526296532,0.20190271515163427,-0.37738245596809955,Gable,Compshg,Brkface,Brkface,-0.5718951461336651,Ta,Cblock,Alq,1.3187322816742715,Unf,-0.2871575004618263,-0.9025042573195042,0.2933587155414874,Fa,Sbrkr,0.058454094834971944,-0.8058476456345897,-0.11183896233236511,-0.745857996678326,0.20923762540902602,-0.9323692199931181,Typ,Attchd,-0.05141129182803748,0.4033288092841152,0.1465640434125233,Ta,Ta,1.7581972386586533,-0.03824887483211118,-0.37071052595830367,-0.10217939216911985,-0.2698934816491846,-0.07638622508638289,-0.48685190517417704,-1.370011347245818,Wd,Normal,160000.0
1435,1.6712108525773248,-0.8779193078215382,Rl,0.6486428348366026,-0.22143381740053522,Inside,Names,Norm,Norm,1fam,1story,-0.014950053313711128,3.075466924019669,-0.2927178789698372,0.9871257106214042,Gable,Compshg,Wdsdng,Wdsdng,0.9489819847914036,Gd,Cblock,Unf,-1.0478669023226053,Unf,-0.2871575004618263,1.771933031132442,0.8840273543492341,Ta,Sbrkr,1.3558549511353661,-0.8058476456345897,-0.11183896233236511,0.221249970147288,0.20923762540902602,0.45511711201748645,Typ,Attchd,-0.6734782409714791,0.4033288092841152,0.036447225508570484,Ta,Ta,-0.7459116674968221,-0.12104841014084247,-0.37071052595830367,-0.10217939216911985,-0.2698934816491846,-0.07638622508638289,0.2500205308079403,0.1385272827549204,Cod,Abnorml,174000.0
1436,1.6735758482554373,-0.8779193078215382,Rl,-0.42567055404660176,-0.03098636812783947,Fr2,Names,Norm,Norm,1fam,1story,-1.6158515956569501,0.35434574153267734,0.004054477503045694,-0.6697770630944218,Gable,Compshg,Hdboard,Hdboard,-0.5718951461336651,Ta,Pconc,Alq,0.5096385435556812,Unf,-0.2871575004618263,-0.7651106676558967,-0.5084816127881998,Ta,Sbrkr,-0.7685994923930166,-0.8058476456345897,-0.11183896233236511,-1.3623599122703232,0.20923762540902602,-0.9323692199931181,Typ,Detchd,-0.1758246816567258,0.4033288092841152,0.366797679220429,Ta,Ta,-0.7459116674968221,-0.7172050643637078,-0.37071052595830367,-0.10217939216911985,-0.2698934816491846,-0.07638622508638289,-0.48685190517417704,-0.6157420322454488,Wd,Normal,120500.0
1438,1.6783058396116621,-0.8779193078215382,Rm,1.1857995292782049,-0.5366243459468467,Inside,Oldtown,Artery,Norm,1fam,1story,-0.014950053313711128,1.2613861356950078,-0.457591410343661,0.5485337999319209,Gable,Compshg,Metalsd,Metalsd,-0.5718951461336651,Ta,Cblock,Glq,0.4691838566497516,Unf,-0.2871575004618263,-0.6135039480270885,-0.3615795679033716,Ta,Fusea,0.4056903337474862,-0.8058476456345897,-0.11183896233236511,-0.4870213145595485,-1.0896529477822716,-0.23862605398781578,Typ,Attchd,-0.8808338906859596,0.4033288092841152,2.343895091586855,Ta,Ta,-0.7459116674968221,1.899260251392201,2.275564633500047,-0.10217939216911985,-0.2698934816491846,-0.07638622508638289,-0.8552881231652357,1.6470659127556586,Wd,Normal,149700.0
1439,1.6806708352897746,0.05886816201502109,Rl,0.6486428348366026,0.7892073134065702,Inside,Nwames,Norm,Norm,1fam,Slvl,0.7855007178579084,0.35434574153267734,0.2678521277011638,-0.27991758692599217,Hip,Compshg,Hdboard,Hdboard,0.04415634993724885,Ta,Cblock,Glq,-0.2514152538621179,Rec,0.4191436182525739,-1.082537236878714,-1.5031308750292238,Ta,Sbrkr,-0.21302151013299375,0.8632322517695452,-0.11183896233236511,0.663625390495744,0.20923762540902602,-0.23862605398781578,Typ,Attchd,0.031530968057754745,0.4033288092841152,0.4769144971243818,Ta,Ta,-0.7459116674968221,0.7400667570699629,3.2469820970986816,-0.10217939216911985,-0.2698934816491846,-0.07638622508638289,1.723765402772175,-0.6157420322454488,Wd,Normal,197000.0
1440,1.683035830967887,0.2930650294741609,Rl,0.5949271653924424,0.7707973933102097,Inside,Crawfor,Norm,Norm,1fam,2.5fin,-0.014950053313711128,1.2613861356950078,-1.6117061299604278,0.4510689308898134,Gable,Compshg,Metalsd,Metalsd,-0.5718951461336651,Ta,Brktil,Unf,-1.0478669023226053,Unf,-0.2871575004618263,0.04030003037214724,-1.3531683708759619,Fa,Sbrkr,0.9959919398987604,1.0167388700709474,8.898090437387184,2.6166658101192466,0.20923762540902602,3.2300897760386955,Min1,Detchd,0.6121267872583003,0.4033288092841152,1.0875623055008474,Ta,Ta,2.912633886920161,-0.7172050643637078,-0.37071052595830367,-0.10217939216911985,-0.2698934816491846,-0.07638622508638289,0.9868929667900576,0.1385272827549204,Wd,Normal,191000.0
1441,1.6854008266459994,1.46404936676986,Rm,0.057770470950840196,-1.4828307564166903,Inside,Collgcr,Norm,Norm,Twnhse,1story,-0.014950053313711128,-0.5526946526296532,1.092219784570283,0.9383932761003505,Gable,Compshg,Vinylsd,Vinylsd,0.37143370722492186,Ta,Pconc,Glq,0.7144403960169493,Unf,-0.2871575004618263,-0.9948896020933093,-0.5574489610831425,Ex,Sbrkr,-0.8191065816893823,-0.8058476456345897,-0.11183896233236511,-1.4000088842148726,-2.3885435209735695,-2.3198555520037223,Typ,Attchd,1.0683092166301575,0.4033288092841152,-0.17377579048988492,Ta,Ta,0.5188755427308588,-0.7172050643637078,-0.37071052595830367,-0.10217939216911985,-0.2698934816491846,-0.07638622508638289,-0.48685190517417704,0.1385272827549204,Wd,Normal,149300.0
1442,1.6877658223241119,0.05886816201502109,Fv,0.9172211820574037,0.6047907000275099,Inside,Somerst,Norm,Norm,1fam,2story,3.1868530313727668,-0.5526946526296532,1.224118609669342,1.1333230141845654,Gable,Compshg,Vinylsd,Vinylsd,0.45485734731785815,Ta,Pconc,Glq,0.8863728153671497,Unf,-0.2871575004618263,-0.7556352476790963,-0.04023134471780994,Ex,Sbrkr,-0.2572152132673137,1.5844696964872442,-0.11183896233236511,1.327188521018428,0.20923762540902602,2.536346610033393,Typ,Attchd,1.234193736401742,1.7890975791506603,1.7883056921623655,Ta,Ta,0.6801571332968046,0.14391010284709765,-0.37071052595830367,-0.10217939216911985,-0.2698934816491846,-0.07638622508638289,-0.8552881231652357,0.8927965977552895,Wd,Normal,310000.0
1443,1.6901308180022243,-0.6437224403623983,Rl,0.057770470950840196,-0.07732858078419544,Inside,Brkside,Norm,Norm,1fam,1.5unf,-0.014950053313711128,0.35434574153267734,-1.8095543676090164,-1.6931581880365496,Gable,Compshg,Wdsdng,Wdsdng,-0.5718951461336651,Ta,Brktil,Unf,-1.0478669023226053,Unf,-0.2871575004618263,0.9025632482609943,-0.23916119716601475,Fa,Fusef,-0.4908105012630052,-0.8058476456345897,-0.11183896233236511,-1.1552905665753013,-1.0896529477822716,-1.6261123859984203,Typ,Detchd,-2.5811502183447,-0.9824399605824299,-1.3149864487672143,Fa,Po,-0.7459116674968221,0.9056658276874255,-0.37071052595830367,-0.10217939216911985,0.49866745778395044,-0.07638622508638289,-0.48685190517417704,0.8927965977552895,Wd,Normal,121000.0
1444,1.6924958136803367,-0.8779193078215382,Rl,-0.2645235457141211,-0.18969257585508595,Fr2,Collgcr,Norm,Norm,1fam,1story,0.7855007178579084,-0.5526946526296532,1.092219784570283,0.9383932761003505,Gable,Compshg,Vinylsd,Vinylsd,0.10832838077796905,Ta,Pconc,Unf,-1.0478669023226053,Unf,-0.2871575004618263,2.015925095535055,1.1992546589979278,Ex,Sbrkr,0.9928352468177376,-0.8058476456345897,-0.11183896233236511,-0.049352015704161145,0.20923762540902602,0.45511711201748645,Typ,Attchd,1.0683092166301575,0.4033288092841152,0.8573180498834916,Ta,Ta,0.8838812476958942,0.27638935934106773,-0.37071052595830367,-0.10217939216911985,-0.2698934816491846,-0.07638622508638289,1.723765402772175,-0.6157420322454488,Wd,Normal,179600.0
1445,1.6948608093584492,0.6443603306628706,Rl,0.11148614039500042,-0.22143381740053522,Inside,Sawyer,Norm,Norm,1fam,Sfoyer,-0.014950053313711128,-0.5526946526296532,-0.16081905387077813,-0.9134392356996903,Gable,Compshg,Vinylsd,Vinylsd,-0.5718951461336651,Ta,Cblock,Lwq,-0.5750527491095541,Rec,3.738758876210255,-1.3525867062175287,-0.6615045762098958,Gd,Sbrkr,-0.6139215314228966,-0.8058476456345897,-0.11183896233236511,-1.2470599356901404,0.20923762540902602,-0.23862605398781578,Typ,Detchd,0.48771339742961195,-0.9824399605824299,-1.0747315733404081,Ta,Ta,-0.7459116674968221,-0.7172050643637078,3.8499308676081787,-0.10217939216911985,-0.2698934816491846,-0.07638622508638289,-0.48685190517417704,-0.6157420322454488,Wd,Normal,129000.0
1447,1.699590800714674,0.05886816201502109,Rl,0.6486428348366026,0.2864260473266535,Inside,Collgcr,Norm,Norm,1fam,2story,1.5859514890295279,-0.5526946526296532,0.7954474280974001,0.5485337999319209,Gable,Compshg,Vinylsd,Vinylsd,2.2388398046898796,Ta,Pconc,Glq,1.6802960458960166,Unf,-0.2871575004618263,-1.0185781520353105,0.5810418867742759,Ex,Sbrkr,0.3551832444511205,1.3140056547181072,-0.11183896233236511,1.5224925629807784,0.20923762540902602,1.1488602780227886,Typ,Attchd,0.6950690471440925,0.4033288092841152,0.5069463565527326,Ta,Ta,-0.7459116674968221,0.35918889464979903,-0.37071052595830367,-0.10217939216911985,-0.2698934816491846,-0.07638622508638289,2.0922016207632335,-0.6157420322454488,Wd,Normal,240000.0
1448,1.7019557963927865,-0.17532870544411872,Rl,0.11148614039500042,0.8472937854347425,Inside,Edwards,Norm,Norm,1fam,2story,-1.6158515956569501,1.2613861356950078,-2.007402605257605,0.7434635380161356,Gable,Compshg,Metalsd,Hdboard,-0.5718951461336651,Ta,Cblock,Unf,-1.0478669023226053,Unf,-0.2871575004618263,-0.026027909465456384,-1.4388612303921116,Gd,Sbrkr,-0.9832546219025708,0.5342894982665405,-0.11183896233236511,-0.22818463244077103,-1.0896529477822716,-0.23862605398781578,Min2,Detchd,-1.1711318002862325,-0.9824399605824299,-0.35396694705998955,Fa,Ta,0.6801571332968046,-0.31976729488179756,-0.37071052595830367,-0.10217939216911985,-0.2698934816491846,-0.07638622508638289,-0.48685190517417704,-0.6157420322454488,Wd,Normal,112000.0
1449,1.704320792070899,2.8692305715246986,Rm,-2.5205816623688504,-2.4011048743265384,Inside,Meadowv,Norm,Norm,Twnhs,Sfoyer,-0.8154008244853307,1.2613861356950078,-0.02892022877171907,-0.7185094976154754,Gable,Compshg,Cemntbd,Cmentbd,-0.5718951461336651,Ta,Cblock,Glq,0.35034821386358367,Unf,-0.2871575004618263,-1.170184871664119,-1.2246290816017371,Ex,Sbrkr,-1.507265673352365,-0.8058476456345897,-0.11183896233236511,-1.9129761269593588,-2.3885435209735695,-2.3198555520037223,Typ,Attchd,0.07300209800065086,-2.368208730448975,-2.2760059504744388,Ta,Ta,-0.7459116674968221,-0.7172050643637078,-0.37071052595830367,-0.10217939216911985,-0.2698934816491846,-0.07638622508638289,0.6184567487989989,-1.370011347245818,Wd,Abnorml,92000.0
1450,1.7066857877490114,0.7614587643924405,Rl,-0.42567055404660176,-0.03098636812783947,Fr2,Names,Norm,Norm,Duplex,2story,-0.8154008244853307,-0.5526946526296532,0.10297859632734,-0.5235797595312607,Gable,Compshg,Vinylsd,Vinylsd,-0.5718951461336651,Ta,Cblock,Unf,-1.0478669023226053,Unf,-0.2871575004618263,0.7699073685857871,-0.4105469161983143,Ta,Sbrkr,-0.6675853138002852,1.377357592429797,-0.11183896233236511,0.8212804605135449,1.5081281986003237,1.1488602780227886,Typ,Attchd,0.07300209800065086,-2.368208730448975,-2.2760059504744388,Ta,Ta,-0.4742795149647027,0.027990753414873847,-0.37071052595830367,-0.10217939216911985,-0.2698934816491846,-0.07638622508638289,0.9868929667900576,0.8927965977552895,Wd,Normal,136000.0
1451,1.7090507834271238,-0.8779193078215382,Rl,0.5412114959482822,0.05217568472123768,Inside,Somerst,Norm,Norm,1fam,1story,1.5859514890295279,-0.5526946526296532,1.224118609669342,1.182055448705619,Gable,Compshg,Cemntbd,Cmentbd,0.6730422521763069,Ta,Pconc,Unf,-1.0478669023226053,Unf,-0.2871575004618263,2.3736221996592746,1.6613840085314497,Ex,Sbrkr,1.4852793674573033,-0.8058476456345897,-0.11183896233236511,0.317725460755196,0.20923762540902602,0.45511711201748645,Typ,Attchd,1.234193736401742,1.7890975791506603,1.9284543694946692,Ta,Ta,-0.7459116674968221,-0.12104841014084247,-0.37071052595830367,-0.10217939216911985,-0.2698934816491846,-0.07638622508638289,-0.48685190517417704,0.8927965977552895,New,Partial,287090.0
1452,1.7114157791052362,2.8692305715246986,Rm,-1.7685622901506073,-1.7212074804230144,Inside,Edwards,Norm,Norm,Twnhse,Slvl,-0.8154008244853307,-0.5526946526296532,1.1251944908450477,0.9871257106214042,Gable,Compshg,Vinylsd,Vinylsd,-0.05851889940790347,Ta,Pconc,Glq,0.33517770627386007,Unf,-0.2871575004618263,-1.3525867062175287,-1.4786472008817526,Gd,Sbrkr,-0.11200733154026234,-0.8058476456345897,-0.11183896233236511,-0.8729232769911803,-1.0896529477822716,-0.9323692199931181,Typ,Basment,1.1097803465730536,0.4033288092841152,0.35178174950625357,Ta,Ta,-0.7459116674968221,-0.2535276666348125,-0.37071052595830367,-0.10217939216911985,-0.2698934816491846,-0.07638622508638289,-0.48685190517417704,-1.370011347245818,Wd,Normal,145000.0
1453,1.7137807747833487,-0.8779193078215382,Rl,1.1857995292782049,2.577191449661729,Inside,Mitchel,Norm,Norm,1fam,1story,-0.8154008244853307,-0.5526946526296532,1.1581691971198125,1.035858145142458,Gable,Compshg,Vinylsd,Vinylsd,-0.5718951461336651,Ta,Pconc,Unf,-1.0478669023226053,Unf,-0.2871575004618263,1.3479079871706188,0.33620514529956225,Ex,Sbrkr,0.10264779796929194,-0.8058476456345897,-0.11183896233236511,-0.7129151462268452,0.20923762540902602,-0.23862605398781578,Typ,Attchd,0.07300209800065086,-2.368208730448975,-2.2760059504744388,Ta,Ta,-0.4403254958981878,0.2101497310940827,-0.37071052595830367,-0.10217939216911985,-0.2698934816491846,-0.07638622508638289,0.2500205308079403,-1.370011347245818,Wd,Abnorml,84500.0
1454,1.716145770461461,-0.8779193078215382,Fv,-0.31823921515828135,-0.5071049913095789,Inside,Somerst,Norm,Norm,1fam,1story,0.7855007178579084,-0.5526946526296532,1.092219784570283,0.9871257106214042,Gable,Compshg,Vinylsd,Vinylsd,-0.5718951461336651,Ta,Pconc,Glq,-0.011215550358161389,Unf,-0.2871575004618263,0.5685546940787761,0.5841023460427098,Ex,Sbrkr,0.3583399375321433,-0.8058476456345897,-0.11183896233236511,-0.5223172257575636,-1.0896529477822716,-0.23862605398781578,Typ,Attchd,1.0683092166301575,0.4033288092841152,-0.2738819885843875,Ta,Ta,-0.7459116674968221,1.1540644336136194,-0.37071052595830367,-0.10217939216911985,-0.2698934816491846,-0.07638622508638289,1.3553291847811162,0.8927965977552895,Wd,Normal,185000.0
1455,1.7185107661395735,0.05886816201502109,Rl,-0.31823921515828135,-0.3747440140650553,Inside,Gilbert,Norm,Norm,1fam,2story,-0.014950053313711128,-0.5526946526296532,0.9273462531964591,0.7434635380161356,Gable,Compshg,Vinylsd,Vinylsd,-0.5718951461336651,Ta,Pconc,Unf,-1.0478669023226053,Unf,-0.2871575004618263,0.9049321032551945,-0.23610073789758085,Ex,Sbrkr,-0.4876538081819823,0.8851617686697455,-0.11183896233236511,0.48008665226606545,0.20923762540902602,0.45511711201748645,Typ,Attchd,0.8609535669156769,0.4033288092841152,0.026436605699120222,Ta,Ta,-0.7459116674968221,-0.05480878189385744,-0.37071052595830367,-0.10217939216911985,-0.2698934816491846,-0.07638622508638289,0.6184567487989989,-0.6157420322454488,Wd,Normal,175000.0
1456,1.720875761817686,-0.8779193078215382,Rl,0.9172211820574037,1.2942104663946685,Inside,Nwames,Norm,Norm,1fam,1story,-0.014950053313711128,0.35434574153267734,0.23487742142639906,0.1586743237634912,Gable,Compshg,Plywood,Plywood,0.19175202087090532,Ta,Cblock,Alq,0.9495832636576647,Rec,0.759452339087694,0.042668885366347366,1.5665097712099982,Ta,Sbrkr,3.0478424425636175,-0.8058476456345897,-0.11183896233236511,1.4824905302896945,0.20923762540902602,0.45511711201748645,Min1,Attchd,-0.009940161885141366,0.4033288092841152,0.22664900188812537,Ta,Ta,2.216576496056605,-0.7172050643637078,-0.37071052595830367,-0.10217939216911985,-0.2698934816491846,-0.07638622508638289,-1.592160559147353,1.6470659127556586,Wd,Normal,210000.0
1457,1.7232407574957984,0.2930650294741609,Rl,-0.10337653738164046,-0.017655046678750765,Inside,Crawfor,Norm,Norm,1fam,2story,0.7855007178579084,3.075466924019669,-0.9851867107398973,1.035858145142458,Gable,Compshg,Cemntbd,Cmentbd,-0.5718951461336651,Gd,Stone,Glq,-0.3525519711269417,Unf,-0.2871575004618263,0.7248991236959846,0.37293065652076934,Ex,Sbrkr,0.25416906585838905,2.0011305175910503,-0.11183896233236511,2.1107577496143635,1.5081281986003237,1.842603444028091,Typ,Attchd,-1.5443719697722975,-0.9824399605824299,-1.0146678544837064,Ta,Ta,-0.7459116674968221,0.27638935934106773,-0.37071052595830367,-0.10217939216911985,-0.2698934816491846,5.366581304192408,-0.48685190517417704,1.6470659127556586,Wd,Normal,266500.0
1458,1.7256057531739109,-0.8779193078215382,Rl,0.004054801506679975,0.19659833375303198,Inside,Names,Norm,Norm,1fam,1story,-0.8154008244853307,0.35434574153267734,-0.6884143542670144,0.5485337999319209,Hip,Compshg,Metalsd,Metalsd,-0.5718951461336651,Ta,Cblock,Glq,-0.923974423673196,Rec,6.319968419148336,-1.3525867062175287,0.1464566706566592,Gd,Fusea,-0.0930671730541252,-0.8058476456345897,-0.11183896233236511,-0.8588049125119743,-1.0896529477822716,-0.9323692199931181,Typ,Attchd,-1.1711318002862325,-0.9824399605824299,-1.0747315733404081,Ta,Ta,2.3608810770892936,-0.7172050643637078,1.5051300934045773,-0.10217939216911985,-0.2698934816491846,-0.07638622508638289,-0.8552881231652357,1.6470659127556586,Wd,Normal,142125.0
1459,1.7279707488520233,-0.8779193078215382,Rl,0.3800644876158015,0.2664290651530204,Inside,Edwards,Norm,Norm,1fam,1story,-0.8154008244853307,0.35434574153267734,-0.1937937601455429,-0.962171670220744,Gable,Compshg,Hdboard,Hdboard,-0.5718951461336651,Ta,Cblock,Blq,1.0507199809224883,Lwq,1.5749090852397742,-1.0304224270063111,0.691218420437897,Gd,Sbrkr,0.46882419536794334,-0.8058476456345897,-0.11183896233236511,-0.4399600996288617,0.20923762540902602,-0.23862605398781578,Typ,Attchd,-0.5490648511427908,-0.9824399605824299,-0.8945404167703035,Ta,Ta,5.501627840741924,0.4088686158350378,-0.37071052595830367,-0.10217939216911985,-0.2698934816491846,-0.07638622508638289,-0.11841568718311837,0.1385272827549204,Wd,Normal,147500.0
